,Title,Category,Latitude,Longitude,geometry,county,subcounty,ward,centroid
0,Jumbo Agrovet Limited,Agrochemicals supplier,-1.2885866,36.8284003,POINT (36.8284003 -1.2885866),Nairobi,Starehe  Sub County,Nairobi Central Ward,POINT (36.824809527717356 -1.2852558043391356)
1,Skylab Cropcare Limited/ Agrovet,Hardware store,-1.28563,36.830521,POINT (36.830521 -1.28563),Nairobi,Starehe  Sub County,Nairobi Central Ward,POINT (36.824809527717356 -1.2852558043391356)
2,"Farmers World Limited-(Agrovet), Nairobi",Agricultural service,-1.2789934,36.82042,POINT (36.82042 -1.2789934),Nairobi,Starehe  Sub County,Nairobi Central Ward,POINT (36.824809527717356 -1.2852558043391356)
3,Masimba Agrovet Ltd,Agrochemicals supplier,-1.2772066,36.9085091,POINT (36.9085091 -1.2772066),Nairobi,Embakasi Central Sub County,Kayole South Ward,POINT (36.913987817584676 -1.2778353677648795)
4,Kasarani Agrovet online deliveries Nairobi,Animal feed store,-1.2170228,36.8953518,POINT (36.8953518 -1.2170228),Nairobi,Kasarani  Sub County,Kasarani Ward,POINT (36.89186338992849 -1.228744468926531)
5,AGRIGUARD Agrovet,Agrochemicals supplier,-1.2830722,36.823876,POINT (36.823876 -1.2830722),Nairobi,Starehe  Sub County,Nairobi Central Ward,POINT (36.824809527717356 -1.2852558043391356)
6,Ciira Agrovet Supplies Limited,Agricultural service,-1.2807645,36.8244836,POINT (36.8244836 -1.2807645),Nairobi,Starehe  Sub County,Nairobi Central Ward,POINT (36.824809527717356 -1.2852558043391356)
7,Arise And Shine Agrovet,Fertilizer supplier,-1.2884592,36.8302991,POINT (36.8302991 -1.2884592),Nairobi,Starehe  Sub County,Nairobi Central Ward,POINT (36.824809527717356 -1.2852558043391356)
8,Kahawa West Agrovet Services,Animal feed store,-1.1835391,36.9004487,POINT (36.9004487 -1.1835391),Nairobi,Roysambu  Sub County,Kahawa,POINT (36.90626171541014 -1.191511646330229)
9,Mifugo Agrovet centre,Agrochemicals supplier,-1.2882678,36.828985,POINT (36.828985 -1.2882678),Nairobi,Starehe  Sub County,Nairobi Central Ward,POINT (36.824809527717356 -1.2852558043391356)
10,Wibiliv Wakulima Mashinani Agrovet,Agricultural service,-1.2866874,36.8275651,POINT (36.8275651 -1.2866874),Nairobi,Starehe  Sub County,Nairobi Central Ward,POINT (36.824809527717356 -1.2852558043391356)
11,GOOD HEARTS AGROVET,Agricultural service,-1.2882382,36.8285738,POINT (36.8285738 -1.2882382),Nairobi,Starehe  Sub County,Nairobi Central Ward,POINT (36.824809527717356 -1.2852558043391356)
12,AECARE AGROVET LTD,Agrochemicals supplier,-1.2875561,36.8285822,POINT (36.8285822 -1.2875561),Nairobi,Starehe  Sub County,Nairobi Central Ward,POINT (36.824809527717356 -1.2852558043391356)
13,Guelph Enterprise Agrovet,Agricultural service,-1.281934,36.8262094,POINT (36.8262094 -1.281934),Nairobi,Starehe  Sub County,Nairobi Central Ward,POINT (36.824809527717356 -1.2852558043391356)
14,Jambar Agrovet Ltd,Agricultural product wholesaler,-1.2873912,36.8282582,POINT (36.8282582 -1.2873912),Nairobi,Starehe  Sub County,Nairobi Central Ward,POINT (36.824809527717356 -1.2852558043391356)
15,SHAMBA AGROVET,Farm equipment supplier,-1.2706541,36.846857,POINT (36.846857 -1.2706541),Nairobi,Kamukunji  Sub County,Eastleigh North Ward,POINT (36.847778519874915 -1.2730815078677313)
16,Nairobi Mega Agrovet Services Ltd,Veterinarian,-1.3271643,36.8519537,POINT (36.8519537 -1.3271643),Nairobi,Starehe  Sub County,Nairobi South Ward,POINT (36.85066239007016 -1.3196059930467552)
17,Limuru Agrovet Suppliers,Arborist service,-1.2836681,36.8248773,POINT (36.8248773 -1.2836681),Nairobi,Starehe  Sub County,Nairobi Central Ward,POINT (36.824809527717356 -1.2852558043391356)
18,Farmers Solution Agrovet,Veterinary care,-1.2855356,36.8232833,POINT (36.8232833 -1.2855356),Nairobi,Starehe  Sub County,Nairobi Central Ward,POINT (36.824809527717356 -1.2852558043391356)
19,Agro-Pests Solutions Agrovet (Githurai branch),Agrochemicals supplier,-1.2070373,36.9150568,POINT (36.9150568 -1.2070373),Kiambu,Ruiru Sub County,Mwiki Ward,POINT (36.92161543319148 -1.2126948080023345)
20,Nikifarmcare E A Ltd,General store,-1.2782927,36.8196975,POINT (36.8196975 -1.2782927),Nairobi,Starehe  Sub County,Nairobi Central Ward,POINT (36.824809527717356 -1.2852558043391356)
21,Mwiki Agrovet,Agrochemicals supplier,-1.2359729,36.9353572,POINT (36.9353572 -1.2359729),Nairobi,Kasarani  Sub County,Mwiki Ward,POINT (36.96028210384881 -1.235856836937653)
22,NAWESO AGROVET,Agrochemicals supplier,-1.2645935,36.7461164,POINT (36.7461164 -1.2645935),Nairobi,Westlands  Sub County,Kangemi Ward,POINT (36.752588821356014 -1.268162560721814)
23,Neta Agri Supplies,Agricultural service,-1.2873472,36.8282666,POINT (36.8282666 -1.2873472),Nairobi,Starehe  Sub County,Nairobi Central Ward,POINT (36.824809527717356 -1.2852558043391356)
24,Githurai 45 Agrovet,Hay supplier,-1.2080962,36.9261452,POINT (36.9261452 -1.2080962),Kiambu,Ruiru Sub County,Kiuu Ward,POINT (36.93352098744769 -1.2090603087425664)
25,Thome Agrovet & Animal Feeds,Veterinary care,-1.2111124,36.875128,POINT (36.875128 -1.2111124),Nairobi,Roysambu  Sub County,Roysambu Ward,POINT (36.862871637135356 -1.225884293987824)
26,Kulima Agrovet Centre,Agricultural service,-1.2885765,36.8283297,POINT (36.8283297 -1.2885765),Nairobi,Starehe  Sub County,Nairobi Central Ward,POINT (36.824809527717356 -1.2852558043391356)
27,Bonnie Agrovet Shop,Agrochemicals supplier,-1.2134096,36.9049005,POINT (36.9049005 -1.2134096),Nairobi,Kasarani  Sub County,Clay City,POINT (36.91637398274468 -1.2224437542147597)
28,KUZA AGROVET,Agrochemicals supplier,-1.2880543,36.8293241,POINT (36.8293241 -1.2880543),Nairobi,Starehe  Sub County,Nairobi Central Ward,POINT (36.824809527717356 -1.2852558043391356)
30,B-Plan AGROVET,Veterinary care,-1.2822443,36.9035779,POINT (36.9035779 -1.2822443),Nairobi,Embakasi Central Sub County,Komarock Ward,POINT (36.908579039405026 -1.2692012207717447)
31,VETMA AGROVET,Veterinarian,-1.3077989,36.9034356,POINT (36.9034356 -1.3077989),Nairobi,Embakasi East Sub County,Utawala Ward,POINT (36.899748760998314 -1.312641969698535)
32,One way Agrovet,Store,-1.2875196,36.8287185,POINT (36.8287185 -1.2875196),Nairobi,Starehe  Sub County,Nairobi Central Ward,POINT (36.824809527717356 -1.2852558043391356)
33,Apechem Agrovet,General store,-1.2835342,36.8208583,POINT (36.8208583 -1.2835342),Nairobi,Starehe  Sub County,Nairobi Central Ward,POINT (36.824809527717356 -1.2852558043391356)
34,Kilimo Central Agrovet,Veterinary care,-1.283821,36.8300316,POINT (36.8300316 -1.283821),Nairobi,Starehe  Sub County,Nairobi Central Ward,POINT (36.824809527717356 -1.2852558043391356)
35,Carefarm Agrovet ruaka square,Agricultural service,-1.206174,36.7819658,POINT (36.7819658 -1.206174),Kiambu,Kiambaa Sub County,Ndenderu Ward,POINT (36.74650037861791 -1.1984892987208597)
36,AgroPests Solutions Agrovet,Agricultural production,-1.2876259,36.8300187,POINT (36.8300187 -1.2876259),Nairobi,Starehe  Sub County,Nairobi Central Ward,POINT (36.824809527717356 -1.2852558043391356)
37,Jomoh Agrovet Shop,Hay supplier,-1.319272,36.850078,POINT (36.850078 -1.319272),Nairobi,Starehe  Sub County,Nairobi South Ward,POINT (36.85066239007016 -1.3196059930467552)
38,Micmos Agrovet and Animal feeds,Animal feed store,-1.201234,36.8348476,POINT (36.8348476 -1.201234),Kiambu,Kiambu Town Sub County,Kiambu Township Ward,POINT (36.843966458691526 -1.1890333639406165)
39,Uwezo Agrovet,Agrochemicals supplier,-1.2852073,36.831734,POINT (36.831734 -1.2852073),Nairobi,Starehe  Sub County,Nairobi Central Ward,POINT (36.824809527717356 -1.2852558043391356)
40,Elgon Kenya Ltd,Agrochemicals Supplier,-1.333013,36.865387,POINT (36.865387 -1.333013),Nairobi,Langata  Sub County,South C Ward,POINT (36.87642709617997 -1.3411940499031167)
42,NIKIFARM AGROVET SUPPLIES,Veterinarian,-1.279432,36.826318,POINT (36.826318 -1.279432),Nairobi,Starehe  Sub County,Nairobi Central Ward,POINT (36.824809527717356 -1.2852558043391356)
43,Agrovet & Animal Feeds,Veterinary care,-1.2601536,36.8786791,POINT (36.8786791 -1.2601536),Nairobi,Mathare  Sub County,Kiamaiko Ward,POINT (36.87639516120601 -1.2568860136633817)
44,Lemuma Agrovet,Veterinary care,-1.2873198,36.8269604,POINT (36.8269604 -1.2873198),Nairobi,Starehe  Sub County,Nairobi Central Ward,POINT (36.824809527717356 -1.2852558043391356)
45,Jumbo Agrovet,Farm equipment supplier,-1.2640211,36.7202331,POINT (36.7202331 -1.2640211),Kiambu,Kabete Sub County,Uthiru Ward,POINT (36.714064249472635 -1.2541059048443486)
46,The Vine Agrovet,Veterinary care,-1.2338467,36.8691096,POINT (36.8691096 -1.2338467),Nairobi,Roysambu  Sub County,Roysambu Ward,POINT (36.862871637135356 -1.225884293987824)
47,Vetagro & Pulpers Company Ltd.,Agrochemicals supplier,-1.2815722,36.8266074,POINT (36.8266074 -1.2815722),Nairobi,Starehe  Sub County,Nairobi Central Ward,POINT (36.824809527717356 -1.2852558043391356)
48,Blessed Farm Agrovet_Utawala-Embakasi- Nairobi,Agricultural service,-1.2836133,36.9709759,POINT (36.9709759 -1.2836133),Nairobi,Embakasi East Sub County,Mihango Ward,POINT (36.954060641034935 -1.275270503807446)
49,Kamro Agrovet Ltd,General store,-1.2872585,36.8271301,POINT (36.8271301 -1.2872585),Nairobi,Starehe  Sub County,Nairobi Central Ward,POINT (36.824809527717356 -1.2852558043391356)
50,Vetagro,Veterinary care,-1.279829,36.8216108,POINT (36.8216108 -1.279829),Nairobi,Starehe  Sub County,Nairobi Central Ward,POINT (36.824809527717356 -1.2852558043391356)
51,Geosim Ltd (Agrovet),Veterinarian,-1.2858993,36.8304881,POINT (36.8304881 -1.2858993),Nairobi,Starehe  Sub County,Nairobi Central Ward,POINT (36.824809527717356 -1.2852558043391356)
52,Wakulima Agro - Vet,Agricultural service,-1.2636629,36.7191095,POINT (36.7191095 -1.2636629),Nairobi,Dagoretti South Sub County,Uthiru/ruthimitu Ward,POINT (36.70731491333092 -1.2720294282701312)
53,Brilliance House Agrovet,Agricultural product wholesaler,-1.1710437,36.8280228,POINT (36.8280228 -1.1710437),Kiambu,Kiambu Town Sub County,Kiambu Township Ward,POINT (36.843966458691526 -1.1890333639406165)
54,Murimi Agrovet,Veterinary care,-1.2882664,36.8290097,POINT (36.8290097 -1.2882664),Nairobi,Starehe  Sub County,Nairobi Central Ward,POINT (36.824809527717356 -1.2852558043391356)
55,Amiran Kenya Ltd,Agricultural service,-1.3253768,36.898321,POINT (36.898321 -1.3253768),Nairobi,Embakasi South Sub County,Pipeline Ward,POINT (36.90392195714259 -1.33786236446038)
56,Felison Agrovet,Animal hospital,-1.173178,36.8313286,POINT (36.8313286 -1.173178),Kiambu,Kiambu Town Sub County,Kiambu Township Ward,POINT (36.843966458691526 -1.1890333639406165)
57,Unique Agrovet Supplies,Animal feed store,-1.2491426,36.9426146,POINT (36.9426146 -1.2491426),Nairobi,Kasarani  Sub County,Njiru Ward,POINT (36.928852667104344 -1.2512638492561308)
58,Kenya Umezo Agrovet Centre Ltd,Veterinary care,-1.2883059,36.8289069,POINT (36.8289069 -1.2883059),Nairobi,Starehe  Sub County,Nairobi Central Ward,POINT (36.824809527717356 -1.2852558043391356)
59,Fur World Agrovet and Animal Feeds,Veterinary pharmacy,-1.2334949,36.9294856,POINT (36.9294856 -1.2334949),Nairobi,Kasarani  Sub County,Mwiki Ward,POINT (36.96028210384881 -1.235856836937653)
60,Coast Farmcare Agrovet,Agrochemicals supplier,-4.0545074,39.6673777,POINT (39.6673777 -4.0545074),Mombasa,Mvita  Sub County,Tononoka Ward,POINT (39.66909542060041 -4.049379028088957)
61,Afyavet Agrovet Supplies,Agrochemicals supplier,-4.0569952,39.6919286,POINT (39.6919286 -4.0569952),Mombasa,Nyali  Sub County,Mkomani Ward,POINT (39.695127637875466 -4.049865665690604)
62,Farmplus Agrovet LTD,Pharmacy,-4.0564206,39.6693488,POINT (39.6693488 -4.0564206),Mombasa,Mvita  Sub County,Tononoka Ward,POINT (39.66909542060041 -4.049379028088957)
63,Keenpris agrovet,Animal feed store,-3.9681829,39.7218083,POINT (39.7218083 -3.9681829),Mombasa,Kisauni  Sub County,Shanzu Ward,POINT (39.73116234781769 -3.9805199546014007)
64,Golini Misamu Agrovet,Agrochemicals supplier,-4.1749853,39.4537916,POINT (39.4537916 -4.1749853),Kwale,Matuga Sub County,Tsimba Golini Ward,POINT (39.506188628002974 -4.1644908137826215)
65,Matuga Mbele Enterprise (Agrovet),Agrochemicals supplier,-4.1721267,39.4516625,POINT (39.4516625 -4.1721267),Kwale,Matuga Sub County,Tsimba Golini Ward,POINT (39.506188628002974 -4.1644908137826215)
66,Mkulima Agrovet,Agrochemicals supplier,-3.6302494,39.8532355,POINT (39.8532355 -3.6302494),Kilifi,Kilifi North Sub County,Sokoni Ward,POINT (39.8662693431009 -3.6171102370378376)
67,Jena Farm Care,Agrochemicals supplier,-3.63207,39.8531907,POINT (39.8531907 -3.63207),Kilifi,Kilifi North Sub County,Sokoni Ward,POINT (39.8662693431009 -3.6171102370378376)
68,Umoja Agrovet,Veterinary care,-3.5378925,39.8791134,POINT (39.8791134 -3.5378925),Kilifi,Kilifi North Sub County,Tezo Ward,POINT (39.884559017130854 -3.5415384222148205)
69,Magura Agrovet,Agrochemicals supplier,-1.4985745,40.0330333,POINT (40.0330333 -1.4985745),TANA RIVER,Galole Sub County,Chewani Ward,POINT (39.996586471571064 -1.3520791499124356)
70,Mavuno Agrovet,Agricultural service,-1.1449803,37.5446158,POINT (37.5446158 -1.1449803),Machakos,Yatta Sub County,Matuu Ward,POINT (37.560065764151084 -1.1397978746268431)
71,Skylab Cropcare Limited/ Agrovet,Hardware store,-1.28563,36.830521,POINT (36.830521 -1.28563),Nairobi,Starehe  Sub County,Nairobi Central Ward,POINT (36.824809527717356 -1.2852558043391356)
72,JOI AGROVET,Agrochemicals supplier,-0.9416284,37.6768635,POINT (37.6768635 -0.9416284),Machakos,Masinga Sub County,Kivaa Ward,POINT (37.76527243336557 -0.9344521657894264)
73,Lenana Agrovet,Agrochemicals supplier,-0.6431876,37.3885717,POINT (37.3885717 -0.6431876),KIRINYAGA,Kirinyaga South Sub County,Gathigiriri Ward,POINT (37.39181978325719 -0.6600447371528825)
74,Masimba Agrovet Ltd,Agrochemicals supplier,-1.2772066,36.9085091,POINT (36.9085091 -1.2772066),Nairobi,Embakasi Central Sub County,Kayole South Ward,POINT (36.913987817584676 -1.2778353677648795)
75,NJAUIMWE AGROVET KARURUMO,Agrochemicals supplier,-0.4695458,37.6548264,POINT (37.6548264 -0.4695458),EMBU,Runyenjes  Sub County,Kyeni south Ward,POINT (37.64816601451169 -0.4467456546020977)
76,Frael Agrovet- Kwa Mutisya,Agrochemicals supplier,-0.9702585,37.4750918,POINT (37.4750918 -0.9702585),Machakos,Masinga Sub County,Ekalakala Ward,POINT (37.51301078624587 -0.9867286840947636)
77,JANAM AGROVET & VETERINARY SERVICES.,Veterinary pharmacy,-1.2210229,36.7141068,POINT (36.7141068 -1.2210229),Kiambu,Kabete Sub County,Kabete Ward,POINT (36.725152690873145 -1.2306053396852799)
78,KAKUKU AGROVET,Veterinary pharmacy,-0.9204132,37.4741304,POINT (37.4741304 -0.9204132),Machakos,Masinga Sub County,Ekalakala Ward,POINT (37.51301078624587 -0.9867286840947636)
79,Agrisel Ltd Agrovet,Veterinary care,-1.1443289,37.5454648,POINT (37.5454648 -1.1443289),Machakos,Yatta Sub County,Matuu Ward,POINT (37.560065764151084 -1.1397978746268431)
80,Lukenya Agrovet Supplies Ltd,Agricultural service,-1.4354939,36.9729539,POINT (36.9729539 -1.4354939),Machakos,Athi River Sub County,Mathatani Ward,POINT (37.078558576313995 -1.3615165551391075)
81,VETMA AGROVET,Veterinarian,-1.3077989,36.9034356,POINT (36.9034356 -1.3077989),Nairobi,Embakasi East Sub County,Utawala Ward,POINT (36.899748760998314 -1.312641969698535)
82,Tanaka Agrovet,Animal feed store,-1.2666643,37.3212903,POINT (37.3212903 -1.2666643),Machakos,Matungulu Sub County,Tala Ward,POINT (37.31620455971337 -1.2692362826057177)
83,Plum Agrovet,Agrochemicals supplier,-1.1470497,37.5480186,POINT (37.5480186 -1.1470497),Machakos,Yatta Sub County,Matuu Ward,POINT (37.560065764151084 -1.1397978746268431)
84,Sabannah Agrovet Ent,Agrochemicals supplier,-1.2668251,37.3201469,POINT (37.3201469 -1.2668251),Machakos,Matungulu Sub County,Tala Ward,POINT (37.31620455971337 -1.2692362826057177)
85,PI MODERN AGROVET,Agricultural production,-0.7515444,37.3163899,POINT (37.3163899 -0.7515444),KIRINYAGA,Kirinyaga North/Mwea West Sub County,Mutithi Ward,POINT (37.28014738576313 -0.6985932802234848)
86,Jumbo Agrovet Limited,Agrochemicals supplier,-1.2885866,36.8284003,POINT (36.8284003 -1.2885866),Nairobi,Starehe  Sub County,Nairobi Central Ward,POINT (36.824809527717356 -1.2852558043391356)
87,Jubilee Agrovet and Veterinary services,Agrochemicals supplier,-1.1829614,37.4456813,POINT (37.4456813 -1.1829614),Machakos,Yatta Sub County,Kithimani Ward,POINT (37.45743384069447 -1.1691846641706913)
88,Mwiki Agrovet,Agrochemicals supplier,-1.2359729,36.9353572,POINT (36.9353572 -1.2359729),Nairobi,Kasarani  Sub County,Mwiki Ward,POINT (36.96028210384881 -1.235856836937653)
89,CAPITAL AGROVET,Veterinary pharmacy,-1.206288,36.9307328,POINT (36.9307328 -1.206288),Kiambu,Ruiru Sub County,Kiuu Ward,POINT (36.93352098744769 -1.2090603087425664)
92,Limuru Agrovet Supplies,Animal feed store,-1.110863,36.642875,POINT (36.642875 -1.110863),Kiambu,Limuru Sub County,Limuru Central Ward,POINT (36.62759741143995 -1.126816444577222)
93,Nairobi Mega Agrovet Services Ltd,Veterinarian,-1.3271643,36.8519537,POINT (36.8519537 -1.3271643),Nairobi,Starehe  Sub County,Nairobi South Ward,POINT (36.85066239007016 -1.3196059930467552)
95,Vetagro,Veterinary care,-1.279829,36.8216108,POINT (36.8216108 -1.279829),Nairobi,Starehe  Sub County,Nairobi Central Ward,POINT (36.824809527717356 -1.2852558043391356)
97,LIVE FARM AGROVET AND SUPPLIES,Emergency veterinarian service,-1.5764299,36.9284014,POINT (36.9284014 -1.5764299),KAJIADO,Kajiado East Sub County,Kaputiei north Ward,POINT (36.875340832037544 -1.68681094845253)
98,Wakulima Agro - Vet,Agricultural service,-1.2636629,36.7191095,POINT (36.7191095 -1.2636629),Nairobi,Dagoretti South Sub County,Uthiru/ruthimitu Ward,POINT (36.70731491333092 -1.2720294282701312)
99,Joyland Agrovet,Agrochemicals supplier,-1.1737973,36.7546926,POINT (36.7546926 -1.1737973),Kiambu,Kiambaa Sub County,Karuri Ward,POINT (36.752666144737454 -1.1729312482892666)
100,HUDUMA AGROVET,Veterinary care,-1.1587116,36.8396352,POINT (36.8396352 -1.1587116),Kiambu,Kiambu Town Sub County,Riabai Ward,POINT (36.83742199518029 -1.1626607271594795)
101,Tala poultry centre and Agrovet,Veterinarian,-1.2665905,37.3209985,POINT (37.3209985 -1.2665905),Machakos,Matungulu Sub County,Tala Ward,POINT (37.31620455971337 -1.2692362826057177)
102,Grada Agrovet (Ruiru Farmers Centre),Agrochemicals supplier,-1.1477606,36.9610175,POINT (36.9610175 -1.1477606),Kiambu,Ruiru Sub County,Biashara Ward,POINT (36.94788868517335 -1.1552540981328228)
103,VetnVet Agrovet Animal Health Consultancy,Veterinary care,-1.1495852,36.9496002,POINT (36.9496002 -1.1495852),Kiambu,Ruiru Sub County,Biashara Ward,POINT (36.94788868517335 -1.1552540981328228)
104,AGRO POULTRY CENTRE,Veterinary pharmacy,-1.4600625,37.4373413,POINT (37.4373413 -1.4600625),Machakos,Mwala Sub County,Masii Ward,POINT (37.42918511314471 -1.4586243888547628)
105,Farmers Point Agrovet Kwa Njeri.,Veterinarian,-0.9367801,36.9045521,POINT (36.9045521 -0.9367801),Kiambu,Gatundu North Sub County,Gituamba Ward,POINT (36.85003722885198 -0.9007897469632289)
106,Amiran Kenya Ltd,Agricultural service,-1.3253768,36.898321,POINT (36.898321 -1.3253768),Nairobi,Embakasi South Sub County,Pipeline Ward,POINT (36.90392195714259 -1.33786236446038)
107,Ellidan Agrovet,Veterinary care,-1.1845359,37.447651,POINT (37.447651 -1.1845359),Machakos,Yatta Sub County,Kithimani Ward,POINT (37.45743384069447 -1.1691846641706913)
108,Trinity Agrovet and veterinary services,Veterinary pharmacy,-1.1698109,36.6674917,POINT (36.6674917 -1.1698109),Kiambu,Limuru Sub County,Ngecha Tigoni Ward,POINT (36.68525592438484 -1.1571096040624456)
109,New Wambugo AgroVET & M-PESA,Veterinarian,-1.1882938,36.7715707,POINT (36.7715707 -1.1882938),Kiambu,Kiambaa Sub County,Muchatha Ward,POINT (36.781150084263814 -1.1869685682395112)
110,Simvet Agrovet,Veterinary pharmacy,-0.8915524,37.0418362,POINT (37.0418362 -0.8915524),Muranga,Kandara Sub County,Kagundu-ini Ward,POINT (37.0713414856153 -0.9064292637087079)
111,Agrovet Animal Feeds,Veterinary care,-1.229665,36.6975391,POINT (36.6975391 -1.229665),Kiambu,Kabete Sub County,Gitaru,POINT (36.68969303833802 -1.2329204234240494)
112,Banana Hill Agrovet Suppliers,Veterinary care,-1.172839,36.7587911,POINT (36.7587911 -1.172839),Kiambu,Kiambaa Sub County,Karuri Ward,POINT (36.752666144737454 -1.1729312482892666)
113,Jagra Agrovet,Hay supplier,-1.4182773,36.7126677,POINT (36.7126677 -1.4182773),KAJIADO,Kajiado North Sub County,Olkeri Ward,POINT (36.69052250404085 -1.3987464240048053)
115,Farmline Agrovet,Agrochemicals supplier,-1.242412,37.4488998,POINT (37.4488998 -1.242412),Machakos,Mwala Sub County,Mbiuni Ward,POINT (37.416884132474735 -1.2388106287315037)
116,Utaati agrovet,Agrochemicals supplier,-2.4114381,37.9669249,POINT (37.9669249 -2.4114381),MAKUENI,Kibwezi West  Sub County,Kikumbulyu South Ward,POINT (37.99506638329876 -2.365820553577991)
117,FARMYARD AGROVET KITHIMANI,Agricultural service,-1.1835365,37.4462186,POINT (37.4462186 -1.1835365),Machakos,Yatta Sub County,Kithimani Ward,POINT (37.45743384069447 -1.1691846641706913)
118,Farmers Trend Limited,Agricultural service,-1.1695342,36.9702305,POINT (36.9702305 -1.1695342),Kiambu,Ruiru Sub County,Gatongora Ward,POINT (37.05306191074979 -1.198784483976087)
119,Agroline Equipment & Tools Limited (MyAgrovet Kenya),Farm equipment supplier,0.1545604,37.9083314,POINT (37.9083314 0.1545604),MERU,Tigania East Sub County,Thangatha Ward,POINT (37.92075184379554 0.0906404325905393)
120,Rayon Enterprises Agrovet,Animal feed store,-1.4772723,36.9568975,POINT (36.9568975 -1.4772723),KAJIADO,Kajiado East Sub County,Oloosirkon/sholinke Ward,POINT (36.83545259390289 -1.4724753045722156)
121,FARMER'S JOY AGROVET,Veterinary care,-0.8994064,37.0550943,POINT (37.0550943 -0.8994064),Muranga,Kandara Sub County,Kagundu-ini Ward,POINT (37.0713414856153 -0.9064292637087079)
123,Wony Agrovet Kathiani,Agrochemicals supplier,-1.41173,37.3299118,POINT (37.3299118 -1.41173),Machakos,Kathiani Sub County,Kathiani Central Ward,POINT (37.30548235540033 -1.4141456372677756)
124,Big vision agrovet,Animal feed store,-0.8710286,36.9103232,POINT (36.9103232 -0.8710286),Muranga,Gatanga Sub County,Kariara Ward,POINT (36.807785711737964 -0.8171632688787343)
125,Beracah Agrovet Stores,Pet store,-1.2737495,36.8948751,POINT (36.8948751 -1.2737495),Nairobi,Embakasi West Sub County,Mowlem Ward,POINT (36.89692757821746 -1.2660961182792434)
126,Farmers Senta Agrovet,Veterinary care,-1.6617464,37.4473624,POINT (37.4473624 -1.6617464),MAKUENI,Mbooni  Sub County,Mbooni Ward,POINT (37.440452928274254 -1.648842535425796)
127,Agrovet,Veterinary care,-1.062527,36.7211343,POINT (36.7211343 -1.062527),Kiambu,Githunguri Sub County,Githiga Ward,POINT (36.7246527829941 -1.0761889675128684)
128,Online Virtual Agrovet,Agricultural service,-1.1694016,36.9703341,POINT (36.9703341 -1.1694016),Kiambu,Ruiru Sub County,Gatongora Ward,POINT (37.05306191074979 -1.198784483976087)
129,Josemo Agrovet,Agrochemicals supplier,-0.6773215,34.7795459,POINT (34.7795459 -0.6773215),Kisii,Kitutu Chache South Sub County,Kisii Central Ward,POINT (34.764737394345524 -0.6641606742862575)
130,Stans Agrovet Distributors,Agrochemicals supplier,-0.6716199,34.7704648,POINT (34.7704648 -0.6716199),Kisii,Kitutu Chache South Sub County,Kisii Central Ward,POINT (34.764737394345524 -0.6641606742862575)
131,Farmers Agrovet,Veterinarian,-0.6732056,34.7740647,POINT (34.7740647 -0.6732056),Kisii,Kitutu Chache South Sub County,Kisii Central Ward,POINT (34.764737394345524 -0.6641606742862575)
132,Adams Agrovet,Animal feed store,-0.651095,34.7520956,POINT (34.7520956 -0.651095),Kisii,Kitutu Chache South Sub County,Kisii Central Ward,POINT (34.764737394345524 -0.6641606742862575)
133,Anipro Feeds & Agrovet.,Agrochemicals supplier,-0.673763,34.771479,POINT (34.771479 -0.673763),Kisii,Kitutu Chache South Sub County,Kisii Central Ward,POINT (34.764737394345524 -0.6641606742862575)
134,Jambo Agrovet,Veterinary care,-0.6723527,34.7721577,POINT (34.7721577 -0.6723527),Kisii,Kitutu Chache South Sub County,Kisii Central Ward,POINT (34.764737394345524 -0.6641606742862575)
135,RONAK AGROVET LTD,Veterinary care,-0.671633,34.7706321,POINT (34.7706321 -0.671633),Kisii,Kitutu Chache South Sub County,Kisii Central Ward,POINT (34.764737394345524 -0.6641606742862575)
136,Omoremi Agrovet,Veterinary care,-0.6741979,34.7727129,POINT (34.7727129 -0.6741979),Kisii,Kitutu Chache South Sub County,Kisii Central Ward,POINT (34.764737394345524 -0.6641606742862575)
137,Shivling Agrovet,Agrochemicals supplier,-0.6768173,34.7714176,POINT (34.7714176 -0.6768173),Kisii,Nyaribari Chache  Sub County,Kisii Central Ward,POINT (34.76450650920702 -0.7049134491812481)
138,Enochem Agro - Vet,Veterinary care,-0.6720594,34.7701413,POINT (34.7701413 -0.6720594),Kisii,Kitutu Chache South Sub County,Kisii Central Ward,POINT (34.764737394345524 -0.6641606742862575)
139,Mazao Agrovet,8QHC+8P9,-0.6717144,34.7718439,POINT (34.7718439 -0.6717144),Kisii,Kitutu Chache South Sub County,Kisii Central Ward,POINT (34.764737394345524 -0.6641606742862575)
140,Nyamira Mashambani Stores Agrovet,Agricultural service,-0.579485,34.9349989,POINT (34.9349989 -0.579485),Nyamira,Nyamira Sub County,Township Ward,POINT (34.93556685998196 -0.5687379254849476)
141,MOSOBA AGROVET,Veterinary care,-0.5775142,34.9349848,POINT (34.9349848 -0.5775142),Nyamira,Nyamira Sub County,Township Ward,POINT (34.93556685998196 -0.5687379254849476)
142,Township Agrovet And Town Centre,Agricultural service,-0.5772685,34.9353294,POINT (34.9353294 -0.5772685),Nyamira,Nyamira Sub County,Township Ward,POINT (34.93556685998196 -0.5687379254849476)
143,The Mavuno Agrovet,Veterinary pharmacy,-0.5777346,34.9336316,POINT (34.9336316 -0.5777346),Nyamira,Nyamira Sub County,Township Ward,POINT (34.93556685998196 -0.5687379254849476)
144,Township Agrovet and Farm Centre,Farm shop,-0.5669405,34.9341234,POINT (34.9341234 -0.5669405),Nyamira,Nyamira Sub County,Township Ward,POINT (34.93556685998196 -0.5687379254849476)
145,Jachems Agrovet,Agrochemicals supplier,-0.5444303,34.9197987,POINT (34.9197987 -0.5444303),Nyamira,Nyamira Sub County,Nyamaiya Ward,POINT (34.90812772503499 -0.5097397213644116)
146,Masimba Agrovet Ltd,Agrochemicals supplier,-1.2772066,36.9085091,POINT (36.9085091 -1.2772066),Nairobi,Embakasi Central Sub County,Kayole South Ward,POINT (36.913987817584676 -1.2778353677648795)
147,Skylab Cropcare Limited/ Agrovet,Hardware store,-1.28563,36.830521,POINT (36.830521 -1.28563),Nairobi,Starehe  Sub County,Nairobi Central Ward,POINT (36.824809527717356 -1.2852558043391356)
148,Jumbo Agrovet Limited,Agrochemicals supplier,-1.2885866,36.8284003,POINT (36.8284003 -1.2885866),Nairobi,Starehe  Sub County,Nairobi Central Ward,POINT (36.824809527717356 -1.2852558043391356)
149,Kahawa West Agrovet Services,Animal feed store,-1.1835391,36.9004487,POINT (36.9004487 -1.1835391),Nairobi,Roysambu  Sub County,Kahawa,POINT (36.90626171541014 -1.191511646330229)
150,Mwiki Agrovet,Agrochemicals supplier,-1.2359729,36.9353572,POINT (36.9353572 -1.2359729),Nairobi,Kasarani  Sub County,Mwiki Ward,POINT (36.96028210384881 -1.235856836937653)
151,Ciira Agrovet Supplies Limited,Agricultural service,-1.2807645,36.8244836,POINT (36.8244836 -1.2807645),Nairobi,Starehe  Sub County,Nairobi Central Ward,POINT (36.824809527717356 -1.2852558043391356)
152,Wakulima Agro - Vet,Agricultural service,-1.2636629,36.7191095,POINT (36.7191095 -1.2636629),Nairobi,Dagoretti South Sub County,Uthiru/ruthimitu Ward,POINT (36.70731491333092 -1.2720294282701312)
153,Nairobi Mega Agrovet Services Ltd,Veterinarian,-1.3271643,36.8519537,POINT (36.8519537 -1.3271643),Nairobi,Starehe  Sub County,Nairobi South Ward,POINT (36.85066239007016 -1.3196059930467552)
154,Lukenya Agrovet Supplies Ltd,Agricultural service,-1.4354939,36.9729539,POINT (36.9729539 -1.4354939),Machakos,Athi River Sub County,Mathatani Ward,POINT (37.078558576313995 -1.3615165551391075)
155,Limuru Agrovet Supplies,Animal feed store,-1.110863,36.642875,POINT (36.642875 -1.110863),Kiambu,Limuru Sub County,Limuru Central Ward,POINT (36.62759741143995 -1.126816444577222)
156,City Agrovet,Agricultural service,-0.0820581,34.7746719,POINT (34.7746719 -0.0820581),Kisumu,Kisumu Central Sub County,Railways Ward,POINT (34.75363593994024 -0.0781187936308623)
157,Online Virtual Agrovet,Agricultural service,-1.1694016,36.9703341,POINT (36.9703341 -1.1694016),Kiambu,Ruiru Sub County,Gatongora Ward,POINT (37.05306191074979 -1.198784483976087)
158,Lukenya Agro - Vet Supplies Ltd,Animals,-1.4741356,36.9586956,POINT (36.9586956 -1.4741356),KAJIADO,Kajiado East Sub County,Oloosirkon/sholinke Ward,POINT (36.83545259390289 -1.4724753045722156)
159,Nyadimo Agrovet,Agricultural service,-0.1037146,34.7576563,POINT (34.7576563 -0.1037146),Kisumu,Kisumu Central Sub County,Market Milimani Ward,POINT (34.755095386599535 -0.1097120955099151)
160,Lenana Agrovet-Kitengela,Arborist service,-1.451789,36.978099,POINT (36.978099 -1.451789),Machakos,Athi River Sub County,Athi River Ward,POINT (36.94935392531766 -1.4627544136678376)
161,Agrovet,Veterinary care,-0.9053389,37.0593233,POINT (37.0593233 -0.9053389),Muranga,Kandara Sub County,Kagundu-ini Ward,POINT (37.0713414856153 -0.9064292637087079)
162,Masimba Agrovet Ltd,Agrochemicals supplier,-1.2772066,36.9085091,POINT (36.9085091 -1.2772066),Nairobi,Embakasi Central Sub County,Kayole South Ward,POINT (36.913987817584676 -1.2778353677648795)
163,Jumbo Agrovet Limited,Agrochemicals supplier,-1.2885866,36.8284003,POINT (36.8284003 -1.2885866),Nairobi,Starehe  Sub County,Nairobi Central Ward,POINT (36.824809527717356 -1.2852558043391356)
164,SHRIJI AGROVET,Veterinary care,-0.7806034,35.3410543,POINT (35.3410543 -0.7806034),Bomet,Bomet Central Sub County,Silibwet Township Ward,POINT (35.347516086033465 -0.7496092635567965)
165,Skylab Cropcare Limited/ Agrovet,Hardware store,-1.28563,36.830521,POINT (36.830521 -1.28563),Nairobi,Starehe  Sub County,Nairobi Central Ward,POINT (36.824809527717356 -1.2852558043391356)
166,Kahawa West Agrovet Services,Animal feed store,-1.1835391,36.9004487,POINT (36.9004487 -1.1835391),Nairobi,Roysambu  Sub County,Kahawa,POINT (36.90626171541014 -1.191511646330229)
167,Longisa Farmers agrovet -BOMET.,Agrochemicals supplier,-0.7814257,35.3406941,POINT (35.3406941 -0.7814257),Bomet,Bomet Central Sub County,Silibwet Township Ward,POINT (35.347516086033465 -0.7496092635567965)
168,Jumbo Agrovet Limited,Agrochemicals supplier,-1.2885866,36.8284003,POINT (36.8284003 -1.2885866),Nairobi,Starehe  Sub County,Nairobi Central Ward,POINT (36.824809527717356 -1.2852558043391356)
169,Skylab Cropcare Limited/ Agrovet,Hardware store,-1.28563,36.830521,POINT (36.830521 -1.28563),Nairobi,Starehe  Sub County,Nairobi Central Ward,POINT (36.824809527717356 -1.2852558043391356)
170,Wakulima Agro - Vet,Agricultural service,-1.2636629,36.7191095,POINT (36.7191095 -1.2636629),Nairobi,Dagoretti South Sub County,Uthiru/ruthimitu Ward,POINT (36.70731491333092 -1.2720294282701312)
171,Masimba Agrovet Ltd,Agrochemicals supplier,-1.2772066,36.9085091,POINT (36.9085091 -1.2772066),Nairobi,Embakasi Central Sub County,Kayole South Ward,POINT (36.913987817584676 -1.2778353677648795)
172,Mwiki Agrovet,Agrochemicals supplier,-1.2359729,36.9353572,POINT (36.9353572 -1.2359729),Nairobi,Kasarani  Sub County,Mwiki Ward,POINT (36.96028210384881 -1.235856836937653)
173,HUDUMA AGROVET,Veterinary care,-1.1587116,36.8396352,POINT (36.8396352 -1.1587116),Kiambu,Kiambu Town Sub County,Riabai Ward,POINT (36.83742199518029 -1.1626607271594795)
174,Nairobi Mega Agrovet Services Ltd,Veterinarian,-1.3271643,36.8519537,POINT (36.8519537 -1.3271643),Nairobi,Starehe  Sub County,Nairobi South Ward,POINT (36.85066239007016 -1.3196059930467552)
175,Ciira Agrovet Supplies Limited,Agricultural service,-1.2807645,36.8244836,POINT (36.8244836 -1.2807645),Nairobi,Starehe  Sub County,Nairobi Central Ward,POINT (36.824809527717356 -1.2852558043391356)
176,Lukenya Agrovet Supplies Ltd,Agricultural service,-1.4354939,36.9729539,POINT (36.9729539 -1.4354939),Machakos,Athi River Sub County,Mathatani Ward,POINT (37.078558576313995 -1.3615165551391075)
177,Kahawa West Agrovet Services,Animal feed store,-1.1835391,36.9004487,POINT (36.9004487 -1.1835391),Nairobi,Roysambu  Sub County,Kahawa,POINT (36.90626171541014 -1.191511646330229)
178,Lukenya Agro - Vet Supplies Ltd,Animals,-1.4741356,36.9586956,POINT (36.9586956 -1.4741356),KAJIADO,Kajiado East Sub County,Oloosirkon/sholinke Ward,POINT (36.83545259390289 -1.4724753045722156)
179,Agrems Agrovet,Agricultural service,-1.2876107,36.8285626,POINT (36.8285626 -1.2876107),Nairobi,Starehe  Sub County,Nairobi Central Ward,POINT (36.824809527717356 -1.2852558043391356)
180,Limuru Agrovet Supplies,Animal feed store,-1.110863,36.642875,POINT (36.642875 -1.110863),Kiambu,Limuru Sub County,Limuru Central Ward,POINT (36.62759741143995 -1.126816444577222)
181,FARMERS AGROVET,Veterinary care,-0.7407655,36.9666305,POINT (36.9666305 -0.7407655),Muranga,Kiharu Sub County,Murarandia Ward,POINT (36.92553028818445 -0.7337863976124624)
182,Lenana Agrovet-Kitengela,Arborist service,-1.451789,36.978099,POINT (36.978099 -1.451789),Machakos,Athi River Sub County,Athi River Ward,POINT (36.94935392531766 -1.4627544136678376)
183,Agrovet,Veterinary care,-0.9053389,37.0593233,POINT (37.0593233 -0.9053389),Muranga,Kandara Sub County,Kagundu-ini Ward,POINT (37.0713414856153 -0.9064292637087079)
184,JAMBO KENYA AGROVET LIMITED,Import export company,-0.4145624,36.9590797,POINT (36.9590797 -0.4145624),NYERI,Nyeri Central Sub County,Rware Ward,POINT (36.94890415351513 -0.4225772371684778)
185,Agrovet Store,Veterinary care,-2.3884569,40.6977449,POINT (40.6977449 -2.3884569),LAMU,LAMU WEST,BAHARI,POINT (40.725521383223985 -2.4112081003041848)
186,SUNRISE AGROVET,Veterinary care,-3.547,38.645401,POINT (38.645401 -3.547),TAITA TAVETA,Voi Sub County,Sagala Ward,POINT (38.83309476245761 -3.3276326064376467)
187,Maxlab Chemist and Agrovet,Pharmacy,-3.3922342,38.5628673,POINT (38.5628673 -3.3922342),TAITA TAVETA,Voi Sub County,Mbololo Ward,POINT (38.50925135322174 -3.363861621349341)
188,MIDASA AGROVET,Veterinary care,-3.5036506,38.3777418,POINT (38.3777418 -3.5036506),TAITA TAVETA,Mwatate Sub County,Mwatate Ward,POINT (38.4468437836174 -3.5716419659917356)
189,Morning Star Agrovet,Veterinary care,-3.7213836,39.028466,POINT (39.028466 -3.7213836),Kwale,Kinango Sub County,Mackinon Road Ward,POINT (39.1205365734849 -3.8014696585831467)
190,TASIA AGROVET,Veterinary care,-3.3946826,37.6735665,POINT (37.6735665 -3.3946826),TAITA TAVETA,Taveta Sub County,Bomani Ward,POINT (37.686787482158 -3.410314863335144)
191,Frontfield Agrovet,Agrochemicals supplier,-3.392929,38.5632134,POINT (38.5632134 -3.392929),TAITA TAVETA,Voi Sub County,Kaloleni  Ward,POINT (38.560959382500975 -3.431978626876012)
192,Frontfield Pharmacy and Agrovet,Pharmaceutical company,-3.3928221,38.5634309,POINT (38.5634309 -3.3928221),TAITA TAVETA,Voi Sub County,Kaloleni  Ward,POINT (38.560959382500975 -3.431978626876012)
193,Utaati agrovet,Agrochemicals supplier,-2.4114381,37.9669249,POINT (37.9669249 -2.4114381),MAKUENI,Kibwezi West  Sub County,Kikumbulyu South Ward,POINT (37.99506638329876 -2.365820553577991)
194,Parmacis chemist and agrovet,Agrochemicals supplier,-3.3973104,38.5559336,POINT (38.5559336 -3.3973104),TAITA TAVETA,Voi Sub County,Kaloleni  Ward,POINT (38.560959382500975 -3.431978626876012)
195,MACKINNON AGROVET CENTRE,Agrochemicals supplier,-3.7202317,39.0263517,POINT (39.0263517 -3.7202317),Kwale,Kinango Sub County,Mackinon Road Ward,POINT (39.1205365734849 -3.8014696585831467)
196,Masimba Agrovet Ltd,Agrochemicals supplier,-1.2772066,36.9085091,POINT (36.9085091 -1.2772066),Nairobi,Embakasi Central Sub County,Kayole South Ward,POINT (36.913987817584676 -1.2778353677648795)
198,Farmers Agrovet,Veterinary care,-3.5575509,38.7484677,POINT (38.7484677 -3.5575509),TAITA TAVETA,Voi Sub County,Marungu Ward,POINT (38.86286150205426 -3.7512987256973744)
199,Guroabad's Agrovet Ltd,Veterinary care,-0.4547591,39.6433842,POINT (39.6433842 -0.4547591),GARISSA,Garissa Sub County,Iftin Ward,POINT (39.64642317284251 -0.44768760716504)
200,Garissa Agrovet,Veterinary care,-0.4527871,39.6436089,POINT (39.6436089 -0.4527871),GARISSA,Garissa Sub County,Iftin Ward,POINT (39.64642317284251 -0.44768760716504)
201,Masimba Agrovet Ltd,Agrochemicals supplier,-1.2772066,36.9085091,POINT (36.9085091 -1.2772066),Nairobi,Embakasi Central Sub County,Kayole South Ward,POINT (36.913987817584676 -1.2778353677648795)
202,JANAM AGROVET & VETERINARY SERVICES.,Veterinary pharmacy,-1.2210229,36.7141068,POINT (36.7141068 -1.2210229),Kiambu,Kabete Sub County,Kabete Ward,POINT (36.725152690873145 -1.2306053396852799)
203,Serian Agrovet Ltd,Animal feed store,-1.4302599,36.6862798,POINT (36.6862798 -1.4302599),KAJIADO,Kajiado West Sub County,Keekonyokie Ward,POINT (36.534469979822724 -1.578802086673363)
204,Lukenya Agro - Vet Supplies Ltd,Animals,-1.4741356,36.9586956,POINT (36.9586956 -1.4741356),KAJIADO,Kajiado East Sub County,Oloosirkon/sholinke Ward,POINT (36.83545259390289 -1.4724753045722156)
205,Mwiki Agrovet,Agrochemicals supplier,-1.2359729,36.9353572,POINT (36.9353572 -1.2359729),Nairobi,Kasarani  Sub County,Mwiki Ward,POINT (36.96028210384881 -1.235856836937653)
206,Lukenya Agrovet Supplies Ltd,Agricultural service,-1.4354939,36.9729539,POINT (36.9729539 -1.4354939),Machakos,Athi River Sub County,Mathatani Ward,POINT (37.078558576313995 -1.3615165551391075)
207,Skylab Cropcare Limited/ Agrovet,Hardware store,-1.28563,36.830521,POINT (36.830521 -1.28563),Nairobi,Starehe  Sub County,Nairobi Central Ward,POINT (36.824809527717356 -1.2852558043391356)
208,Nairobi Mega Agrovet Services Ltd,Veterinarian,-1.3271643,36.8519537,POINT (36.8519537 -1.3271643),Nairobi,Starehe  Sub County,Nairobi South Ward,POINT (36.85066239007016 -1.3196059930467552)
209,Lenana Agrovet-Kitengela,Arborist service,-1.451789,36.978099,POINT (36.978099 -1.451789),Machakos,Athi River Sub County,Athi River Ward,POINT (36.94935392531766 -1.4627544136678376)
210,Winners Agrovet,Veterinary care,-1.2490613,36.9430346,POINT (36.9430346 -1.2490613),Nairobi,Kasarani  Sub County,Njiru Ward,POINT (36.928852667104344 -1.2512638492561308)
211,Jumbo Agrovet Limited,Agrochemicals supplier,-1.2885866,36.8284003,POINT (36.8284003 -1.2885866),Nairobi,Starehe  Sub County,Nairobi Central Ward,POINT (36.824809527717356 -1.2852558043391356)
212,Wakulima Agro - Vet,Agricultural service,-1.2636629,36.7191095,POINT (36.7191095 -1.2636629),Nairobi,Dagoretti South Sub County,Uthiru/ruthimitu Ward,POINT (36.70731491333092 -1.2720294282701312)
213,Nguzo Agrovet Limited Nairobi,Agrochemicals supplier,-1.2880604,36.8294039,POINT (36.8294039 -1.2880604),Nairobi,Starehe  Sub County,Nairobi Central Ward,POINT (36.824809527717356 -1.2852558043391356)
214,Beracah Agrovet Stores,Pet store,-1.2737495,36.8948751,POINT (36.8948751 -1.2737495),Nairobi,Embakasi West Sub County,Mowlem Ward,POINT (36.89692757821746 -1.2660961182792434)
215,Menengai Agrovet & Veterinary Services,Animal feed store,-0.2840854,36.073468,POINT (36.073468 -0.2840854),Nakuru,Nakuru East  Sub County,Biashara Ward,POINT (36.079098368868536 -0.2911210199412062)
216,Online Virtual Agrovet,Agricultural service,-1.1694016,36.9703341,POINT (36.9703341 -1.1694016),Kiambu,Ruiru Sub County,Gatongora Ward,POINT (37.05306191074979 -1.198784483976087)
217,Kahawa West Agrovet Services,Animal feed store,-1.1835391,36.9004487,POINT (36.9004487 -1.1835391),Nairobi,Roysambu  Sub County,Kahawa,POINT (36.90626171541014 -1.191511646330229)
218,AGROVET,Veterinary pharmacy,-0.6061398,35.3607597,POINT (35.3607597 -0.6061398),Bomet,Konoin Sub County,Embomos Ward,POINT (35.36196185558699 -0.6030683127624328)
219,Agrovet,Veterinary care,-0.9053389,37.0593233,POINT (37.0593233 -0.9053389),Muranga,Kandara Sub County,Kagundu-ini Ward,POINT (37.0713414856153 -0.9064292637087079)
220,Ciira Agrovet Supplies Limited,Agricultural service,-1.2807645,36.8244836,POINT (36.8244836 -1.2807645),Nairobi,Starehe  Sub County,Nairobi Central Ward,POINT (36.824809527717356 -1.2852558043391356)
221,Limuru Agrovet Supplies,Animal feed store,-1.110863,36.642875,POINT (36.642875 -1.110863),Kiambu,Limuru Sub County,Limuru Central Ward,POINT (36.62759741143995 -1.126816444577222)
223,UKULIMA AGROVET,Animal rescue service,-0.5050633,37.279705,POINT (37.279705 -0.5050633),KIRINYAGA,Kirinyaga Central Sub County,Kerugoya Ward,POINT (37.28449519958003 -0.4980842403617933)
224,Makamithi Enterprises Ltd,Agrochemicals supplier,-1.5182444,37.2656056,POINT (37.2656056 -1.5182444),Machakos,Machakos Sub County,Township Ward,POINT (37.27991970798023 -1.5113801198850365)
225,Highway Agrovet Emining,Veterinary pharmacy,0.1417185,35.889938,POINT (35.889938 0.1417185),BARINGO,Mogotio Sub County,Emining Ward,POINT (35.946763395243316 0.2405535581964479)
226,Jagra Agrovet,Hay supplier,-1.4182773,36.7126677,POINT (36.7126677 -1.4182773),KAJIADO,Kajiado North Sub County,Olkeri Ward,POINT (36.69052250404085 -1.3987464240048053)
227,Krisna Agrovet and servers,Veterinary pharmacy,-0.1118886,34.9500629,POINT (34.9500629 -0.1118886),Kisumu,Muhoroni Sub County,Ombeyi Ward,POINT (34.922418662778135 -0.1101372821191027)
228,Mt.Kenya Agrovet,Veterinary care,-0.0046477,36.2284727,POINT (36.2284727 -0.0046477),Nakuru,Subukia  Sub County,Subukia Ward,POINT (36.20261520886201 -0.0170915658690508)
229,Sokee Agrovet & Veterinary Services,Veterinary care,0.0484355,35.7248792,POINT (35.7248792 0.0484355),BARINGO,Koibatek Sub County,Ravine Ward,POINT (35.72760217648503 0.0182994034569778)
230,Kenya veterinary vaccines production institute (kevevapi),Contractor,-1.3220297,36.8574313,POINT (36.8574313 -1.3220297),Nairobi,Starehe  Sub County,Nairobi South Ward,POINT (36.85066239007016 -1.3196059930467552)
231,Modesty Agrovet,Veterinary pharmacy,-1.0875197,35.8771055,POINT (35.8771055 -1.0875197),Narok,Narok North Sub County,Narok Town Ward,POINT (35.83203729977261 -1.1177484352392828)
232,Agrovet,Veterinary pharmacy,0.1411293,35.9009784,POINT (35.9009784 0.1411293),BARINGO,Mogotio Sub County,Emining Ward,POINT (35.946763395243316 0.2405535581964479)
233,RIVA AGROVET,Agrochemicals supplier,-0.2882026,36.075727,POINT (36.075727 -0.2882026),Nakuru,Nakuru East  Sub County,Biashara Ward,POINT (36.079098368868536 -0.2911210199412062)
234,Tulwet Farmers Agrovet Limited,Agrochemicals supplier,-0.298346,35.2697802,POINT (35.2697802 -0.298346),KERICHO,Ainamoi Sub County,Ainamoi Ward,POINT (35.27855686799008 -0.271245516268031)
235,ALFA AGROVET,Veterinary care,-0.8554376,35.8942557,POINT (35.8942557 -0.8554376),Narok,Narok North Sub County,Olorropil Ward,POINT (35.96678541590426 -0.7685927676697327)
236,Jemorin Agrovet,Veterinarian,-1.0890754,35.8767886,POINT (35.8767886 -1.0890754),Narok,Narok North Sub County,Narok Town Ward,POINT (35.83203729977261 -1.1177484352392828)
237,NEW DAWN AGROVET,Veterinary care,-0.7452267,35.8866717,POINT (35.8866717 -0.7452267),Narok,Narok North Sub County,Olorropil Ward,POINT (35.96678541590426 -0.7685927676697327)
238,WAKULIMA AGROVET,Veterinary care,0.1352795,35.1709159,POINT (35.1709159 0.1352795),NANDI,Nandi East Sub County,Nandi hills Ward,POINT (35.16539031545503 0.1081030379942692)
239,Naserian Agrovet,Veterinary care,-1.4096697,35.5912001,POINT (35.5912001 -1.4096697),Narok,Narok South Sub County,Maji Moto/naroosura Ward,POINT (35.8204969736495 -1.4031706279046714)
240,Kims Agrovet & Mpesa,Veterinary care,-0.6331968,35.9963723,POINT (35.9963723 -0.6331968),Nakuru,Njoro  Sub County,Mau Narok Ward,POINT (35.98803213623134 -0.6212533660172447)
241,Uwezo Agrovet,Agrochemicals supplier,-0.7157466,36.432379,POINT (36.432379 -0.7157466),Nakuru,Naivasha  Sub County,Viwandani Ward,POINT (36.40535272236173 -0.7365931741943736)
242,NEXUS AGROVET /AGROCHEMICALS,Animal feed store,-0.6585193,35.3041649,POINT (35.3041649 -0.6585193),Bomet,Bomet Central Sub County,Chesoen Ward,POINT (35.288236523043004 -0.6935401079707926)
243,Pro - Capital Agrovet Center,Veterinary care,-1.2875604,36.8285835,POINT (36.8285835 -1.2875604),Nairobi,Starehe  Sub County,Nairobi Central Ward,POINT (36.824809527717356 -1.2852558043391356)
244,Kenagro Suppliers Ltd,Agrochemicals supplier,-1.1877363,36.9986322,POINT (36.9986322 -1.1877363),Kiambu,Ruiru Sub County,Gatongora Ward,POINT (37.05306191074979 -1.198784483976087)
245,Paksons Agroveterenary Solutions ltd,Veterinary pharmacy,-1.0173874,35.649064,POINT (35.649064 -1.0173874),Narok,Narok South Sub County,Ololulung'a Ward,POINT (35.6586471361133 -0.9536029228987586)
246,Farmers Trend Limited,Agricultural service,-1.1695342,36.9702305,POINT (36.9702305 -1.1695342),Kiambu,Ruiru Sub County,Gatongora Ward,POINT (37.05306191074979 -1.198784483976087)
247,Agrovet,Veterinary care,-0.2549883,36.2336289,POINT (36.2336289 -0.2549883),Nakuru,Nakuru North  Sub County,Dundori Ward,POINT (36.20090131341018 -0.245366690452566)
248,SAVANNAH AGROVET,Veterinary care,-0.023017,35.9672473,POINT (35.9672473 -0.023017),Nakuru,Rongai  Sub County,Soin Ward,POINT (35.98633769041876 -0.0520586656684662)
249,Veterinary Medicines Directorate,Government office,-1.2614611,36.7463449,POINT (36.7463449 -1.2614611),Nairobi,Westlands  Sub County,Kitisuru Ward,POINT (36.7553950521933 -1.248410960259074)
250,Young Farmers Agrovet,General store,-0.2558083,35.4786039,POINT (35.4786039 -0.2558083),KERICHO,Kipkelion East Sub County,Chepseon Ward,POINT (35.40329807129548 -0.2971748059918834)
251,Simotwet Agrovet,Veterinary care,-0.3195676,35.2188418,POINT (35.2188418 -0.3195676),KERICHO,Ainamoi Sub County,Kapsoit Ward,POINT (35.21816225946409 -0.2975741809271019)
252,Calvas Agrovet,Veterinary care,-0.0276391,35.8720644,POINT (35.8720644 -0.0276391),BARINGO,Mogotio Sub County,Mogotio Ward,POINT (35.86196214468917 0.0806790482196409)
253,K K Agrovet,Veterinary care,-0.9468148,35.15801,POINT (35.15801 -0.9468148),Bomet,Chepalungu Sub County,Chebunyo Ward,POINT (35.20729428962427 -0.9706026331233896)
254,RANALO AGROVET,Veterinary care,-0.2710711,34.9703911,POINT (34.9703911 -0.2710711),Kisumu,Nyakach Sub County,North Nyakach Ward,POINT (34.966509107226265 -0.2789946200840229)
255,Riptany Agrovet,Animal feed store,-0.3194442,35.2195027,POINT (35.2195027 -0.3194442),KERICHO,Ainamoi Sub County,Kapsoit Ward,POINT (35.21816225946409 -0.2975741809271019)
256,Favour's Agrovet,Veterinary care,-0.2892066,35.9961084,POINT (35.9961084 -0.2892066),Nakuru,Rongai  Sub County,Mosop Ward,POINT (35.91301705547466 -0.2631181255364452)
257,Timiza Agrovet,Veterinary pharmacy,-0.054224,35.6429501,POINT (35.6429501 -0.054224),BARINGO,Koibatek Sub County,Mumberes/Maji Mazuri Ward,POINT (35.66829279824011 -0.0459288141266769)
258,ROWAN AGROVET,Veterinary care,-1.1532214,35.7635956,POINT (35.7635956 -1.1532214),Narok,Narok North Sub County,Narok Town Ward,POINT (35.83203729977261 -1.1177484352392828)
259,NGETICH'S AGROVET,Veterinary care,-0.841107,35.196767,POINT (35.196767 -0.841107),Bomet,Chepalungu Sub County,Kong'asis Ward,POINT (35.23042358764214 -0.8371641389270272)
260,Soget Agrovet,Veterinary pharmacy,-0.9668831,35.1909316,POINT (35.1909316 -0.9668831),Bomet,Chepalungu Sub County,Chebunyo Ward,POINT (35.20729428962427 -0.9706026331233896)
261,Pioneer Agrovet,Agricultural product wholesaler,-0.7813743,35.3425814,POINT (35.3425814 -0.7813743),Bomet,Bomet Central Sub County,Silibwet Township Ward,POINT (35.347516086033465 -0.7496092635567965)
262,SARAMPA AGROVET,Veterinary care,-1.0904769,35.8705593,POINT (35.8705593 -1.0904769),Narok,Narok North Sub County,Narok Town Ward,POINT (35.83203729977261 -1.1177484352392828)
263,Equine Agrovet,Animal feed store,-0.7806654,34.9488832,POINT (34.9488832 -0.7806654),Nyamira,Masaba North Sub County,Rigoma Ward,POINT (34.93666098848299 -0.7443323886374483)
264,Josemo Agrovet,Agrochemicals supplier,-0.6773215,34.7795459,POINT (34.7795459 -0.6773215),Kisii,Kitutu Chache South Sub County,Kisii Central Ward,POINT (34.764737394345524 -0.6641606742862575)
265,ALABS AGROVET,Veterinary care,-0.853059,35.2706129,POINT (35.2706129 -0.853059),Bomet,Chepalungu Sub County,Kong'asis Ward,POINT (35.23042358764214 -0.8371641389270272)
266,Horizon Agrovet,Veterinary care,-1.0907865,35.8715522,POINT (35.8715522 -1.0907865),Narok,Narok North Sub County,Narok Town Ward,POINT (35.83203729977261 -1.1177484352392828)
267,P.J Agrovet,Agricultural service,-0.2284102,36.1188677,POINT (36.1188677 -0.2284102),Nakuru,Nakuru North  Sub County,Kabatini Ward,POINT (36.15826124960941 -0.2091809126208286)
268,R.K. AGROVET,Veterinary care,-0.1724906,37.0220512,POINT (37.0220512 -0.1724906),NYERI,Kieni East Sub County,Naromoru/kiamathaga Ward,POINT (37.10111469553748 -0.1636787723710145)
269,Highway Agrovet Shop.,Pet store,-0.1580227,35.2030157,POINT (35.2030157 -0.1580227),Kisumu,Muhoroni Sub County,Muhoroni Koru Ward,POINT (35.253865471746934 -0.1778577697980013)
270,RIPTANY AGROVET,Veterinary care,0.5369674,35.557575,POINT (35.557575 0.5369674),ELGEYO-MARAKWET,Keiyo South Sub County,Soy North Ward,POINT (35.595483526401566 0.4672873878466647)
271,MENENGAI AGROVET ENTERPRISES,General store,-0.2874816,36.0740866,POINT (36.0740866 -0.2874816),Nakuru,Nakuru East  Sub County,Biashara Ward,POINT (36.079098368868536 -0.2911210199412062)
272,Omkar Agrovet,Veterinary care,-1.0903951,35.8712509,POINT (35.8712509 -1.0903951),Narok,Narok North Sub County,Narok Town Ward,POINT (35.83203729977261 -1.1177484352392828)
273,MAYIAN AGROVET,Veterinary care,-1.0036712,35.6623913,POINT (35.6623913 -1.0036712),Narok,Narok South Sub County,Ololulung'a Ward,POINT (35.6586471361133 -0.9536029228987586)
274,Farmpoint Agrovet -Awasi,State government office,-0.1638408,35.0722397,POINT (35.0722397 -0.1638408),Kisumu,Nyando Sub County,Awasi/onjiko Ward,POINT (35.061748922644234 -0.1793260028111789)
275,PROMISE AGROVET,Veterinary care,-0.2496936,36.0910111,POINT (36.0910111 -0.2496936),Nakuru,Nakuru North  Sub County,Kiamaina Ward,POINT (36.08833504026461 -0.2313726187464565)
276,Chamtany Agro-Vet Eldama Ravine,Agrochemicals supplier,0.049061,35.7259468,POINT (35.7259468 0.049061),BARINGO,Koibatek Sub County,Ravine Ward,POINT (35.72760217648503 0.0182994034569778)
277,Abraham Agrovet,General store,-0.8380714,35.095621,POINT (35.095621 -0.8380714),Bomet,Sotik Sub County,Ndanai/abosi Ward,POINT (35.09144891239184 -0.8720309060362991)
278,Ken agrovet farm link,Convenience store,-0.3855782,35.1526319,POINT (35.1526319 -0.3855782),KERICHO,Belgut Sub County,Waldai Ward,POINT (35.17165015445018 -0.3589893973437155)
279,NEW FARMERS AGROVET,Veterinary care,-0.2442914,36.0055909,POINT (36.0055909 -0.2442914),Nakuru,Rongai  Sub County,Menengai West Ward,POINT (35.99841194394047 -0.207236225969769)
280,FAVOURED AGROVET,Veterinary care,-0.1872076,36.1245858,POINT (36.1245858 -0.1872076),Nakuru,Nakuru North  Sub County,Bahati Ward,POINT (36.142302051638495 -0.1611192951476118)
281,SIRAKAL AGROVET,Veterinary care,-0.1556411,35.2005623,POINT (35.2005623 -0.1556411),Kisumu,Muhoroni Sub County,Muhoroni Koru Ward,POINT (35.253865471746934 -0.1778577697980013)
282,Silas Agro vet,Veterinary pharmacy,-0.9368197,35.4339927,POINT (35.4339927 -0.9368197),Narok,Narok West Sub County,Ilmotiook Ward,POINT (35.5021167259684 -0.9676131326981625)
283,Professional Agrovet Isiolo,Veterinary care,0.3473847,37.5829348,POINT (37.5829348 0.3473847),ISIOLO,Isiolo Sub County,WABERA,POINT (37.592585128315456 0.3588665895337402)
284,Isiolo Oasis Agrovet,Drug store,0.3505635,37.5822424,POINT (37.5822424 0.3505635),ISIOLO,Isiolo Sub County,BULA PESA,POINT (37.56849266332314 0.3404025976198542)
285,Blue Valley Agrovet,Agrochemicals supplier,0.2695558,37.5495593,POINT (37.5495593 0.2695558),MERU,Buuri Sub County,Kiirua Naari Ward,POINT (37.56428668038381 0.1625087886021226)
286,Meru Farmers Agrovet Suppliers,Pet store,0.0457407,37.6567587,POINT (37.6567587 0.0457407),MERU,Imenti North Sub County,Ntima east Ward,POINT (37.67184017488297 0.0351437522669506)
287,Mapema Agrovet,Animal feed store,0.0514721,37.6456042,POINT (37.6456042 0.0514721),MERU,Imenti North Sub County,Municipality Ward,POINT (37.63976542919719 0.0569491889530122)
288,Farmers Centre Limited Meru,Agrochemicals supplier,0.0467935,37.653003,POINT (37.653003 0.0467935),MERU,Imenti North Sub County,Municipality Ward,POINT (37.63976542919719 0.0569491889530122)
289,The Orchid Agrovet,Agrochemicals supplier,0.0454398,37.657312,POINT (37.657312 0.0454398),MERU,Imenti North Sub County,Ntima east Ward,POINT (37.67184017488297 0.0351437522669506)
290,Boston Agrovet,Agrochemicals supplier,0.0588125,37.6431875,POINT (37.6431875 0.0588125),MERU,Imenti North Sub County,Municipality Ward,POINT (37.63976542919719 0.0569491889530122)
291,Farmers Friendly Agrovet,XMR6+W62,-0.0077383,37.6605003,POINT (37.6605003 -0.0077383),MERU,Imenti Central Sub County,Abothuguchi central Ward,POINT (37.680677738577536 -0.0244770468226386)
292,Farmlink Enterprises-Meru,Agricultural service,0.0477338,37.6550472,POINT (37.6550472 0.0477338),MERU,Imenti North Sub County,Municipality Ward,POINT (37.63976542919719 0.0569491889530122)
293,Central Vet Agro Supplies,Fertilizer supplier,0.0514721,37.6456042,POINT (37.6456042 0.0514721),MERU,Imenti North Sub County,Municipality Ward,POINT (37.63976542919719 0.0569491889530122)
294,Kim's Agrovet,General store,0.0521587,37.6466771,POINT (37.6466771 0.0521587),MERU,Imenti North Sub County,Municipality Ward,POINT (37.63976542919719 0.0569491889530122)
295,Meru Veterinary Centre,Farm shop,0.0566903,37.6429034,POINT (37.6429034 0.0566903),MERU,Imenti North Sub County,Municipality Ward,POINT (37.63976542919719 0.0569491889530122)
296,Polyn Agrovet Enterprises,Agrochemicals supplier,0.0588125,37.6431875,POINT (37.6431875 0.0588125),MERU,Imenti North Sub County,Municipality Ward,POINT (37.63976542919719 0.0569491889530122)
297,Kilimo Sasa Agrovet,Agricultural service,0.1201088,37.5595706,POINT (37.5595706 0.1201088),MERU,Buuri Sub County,Kiirua Naari Ward,POINT (37.56428668038381 0.1625087886021226)
298,Meru Farmers Depot Agro - Vet,Veterinary care,0.0454722,37.6536549,POINT (37.6536549 0.0454722),MERU,Imenti North Sub County,Municipality Ward,POINT (37.63976542919719 0.0569491889530122)
299,Tharaka Baraka Agrovet,Veterinary care,-0.2435404,37.8774053,POINT (37.8774053 -0.2435404),THARAKA-NITHI,Tharaka South Sub County,Chiakagira Ward,POINT (37.90038217287869 -0.2816039437816379)
300,NJAUIMWE AGROVET KARURUMO,Agrochemicals supplier,-0.4695458,37.6548264,POINT (37.6548264 -0.4695458),EMBU,Runyenjes  Sub County,Kyeni south Ward,POINT (37.64816601451169 -0.4467456546020977)
301,BARAKA APEX AGROVET,Agrochemicals supplier,-0.101911,38.0049462,POINT (38.0049462 -0.101911),THARAKA-NITHI,Tharaka South Sub County,Marimanti Ward,POINT (37.941312592106314 -0.1608838824900013)
302,Best Agrovet Store,Veterinary care,-0.1878536,37.7019253,POINT (37.7019253 -0.1878536),MERU,Imenti South Sub County,Igoji east Ward,POINT (37.699312859833285 -0.1762336929779187)
303,BARCA AGROVET,Veterinary care,-0.4696253,37.6535993,POINT (37.6535993 -0.4696253),EMBU,Runyenjes  Sub County,Kyeni south Ward,POINT (37.64816601451169 -0.4467456546020977)
304,Promise Agrovet Runyenjes,Agrochemicals supplier,-0.4228445,37.5693049,POINT (37.5693049 -0.4228445),EMBU,Runyenjes  Sub County,Central ward,POINT (37.57270007199027 -0.4352568303850141)
305,Runyenjes Kilimo Bora Agrovet,Agricultural service,-0.4235149,37.5706824,POINT (37.5706824 -0.4235149),EMBU,Runyenjes  Sub County,Central ward,POINT (37.57270007199027 -0.4352568303850141)
306,Tumbura Agrovet,Agrochemicals supplier,-0.045439,37.9259339,POINT (37.9259339 -0.045439),THARAKA-NITHI,Tharaka South Sub County,Nkondi Ward,POINT (37.962732054772076 -0.0472196057554172)
307,USHINDI AGROVET.STORES,Agricultural service,-0.1006466,37.7933724,POINT (37.7933724 -0.1006466),MERU,Imenti South Sub County,Mitunguu Ward,POINT (37.78102088982559 -0.1168884266469037)
308,Kilimo Bora Agrovet,Veterinary care,-0.2289342,37.6534289,POINT (37.6534289 -0.2289342),THARAKA-NITHI,Mwimbi Sub County,Chogoria Ward,POINT (37.535544979512025 -0.2226816051334568)
309,Mwalimu Agrovet,Veterinary care,-0.1902231,37.6775454,POINT (37.6775454 -0.1902231),MERU,Imenti South Sub County,Igoji east Ward,POINT (37.699312859833285 -0.1762336929779187)
310,Ranalo Agrovet,Agrochemicals supplier,-0.2674689,37.3110816,POINT (37.3110816 -0.2674689),KIRINYAGA,Kirinyaga Central Sub County,Inoi Ward,POINT (37.30743894889525 -0.3402368427885004)
311,Jobez Agrovet,Animal feed store,-0.023559,37.906193,POINT (37.906193 -0.023559),THARAKA-NITHI,Tharaka South Sub County,Nkondi Ward,POINT (37.962732054772076 -0.0472196057554172)
312,NORMA AGROVET,Veterinary care,-0.1899563,37.6799811,POINT (37.6799811 -0.1899563),MERU,Imenti South Sub County,Igoji east Ward,POINT (37.699312859833285 -0.1762336929779187)
313,KIMS AGROVET,Veterinary care,-0.465724,37.7229387,POINT (37.7229387 -0.465724),EMBU,Mbeere North  Sub County,Evurore Ward,POINT (37.81355019922025 -0.4938869001745637)
314,KIWA Wakulima Agrovet,Agricultural service,-0.1078736,37.78118,POINT (37.78118 -0.1078736),MERU,Imenti South Sub County,Mitunguu Ward,POINT (37.78102088982559 -0.1168884266469037)
315,Farmers friend agrovet,Agrochemicals supplier,-0.4291273,37.4119368,POINT (37.4119368 -0.4291273),KIRINYAGA,Kirinyaga East Sub County,Ngariama Ward,POINT (37.39855185344731 -0.4455715810233524)
316,The Orchid Agrovet,Agrochemicals supplier,0.0454398,37.657312,POINT (37.657312 0.0454398),MERU,Imenti North Sub County,Ntima east Ward,POINT (37.67184017488297 0.0351437522669506)
317,Telestai Agrovet,Agrochemicals supplier,0.011491,37.6024515,POINT (37.6024515 0.011491),MERU,Imenti Central Sub County,Abothuguchi west Ward,POINT (37.46867648051586 -0.016807699507928)
318,Múundani agrovet,Agrochemicals supplier,-0.4608092,38.0801206,POINT (38.0801206 -0.4608092),KITUI,Mwingi North Sub County,Mumoni Ward,POINT (38.001220171775806 -0.5969660805771935)
319,Farmland Agrovet,Agrochemicals supplier,-0.5400065,37.3057243,POINT (37.3057243 -0.5400065),KIRINYAGA,Kirinyaga Central Sub County,Kanyekini Ward,POINT (37.27718716195849 -0.5541980113584021)
320,Kilimo agrovet kutus,Agrochemicals supplier,-0.5661639,37.3255378,POINT (37.3255378 -0.5661639),KIRINYAGA,Kirinyaga South Sub County,Nyangati Ward,POINT (37.34814492600702 -0.5922576413671506)
321,Jupiter Farmput Supplies,Agricultural service,-0.4811022,37.1261571,POINT (37.1261571 -0.4811022),NYERI,Mathira East Sub County,Karatina town Ward,POINT (37.112098666395134 -0.4524106570740936)
323,Farmtech Agrovet and Noshi Gas Point,Agrochemicals supplier,-0.6858902,37.648048,POINT (37.648048 -0.6858902),EMBU,Mbeere South  Sub County,Mavuria Ward,POINT (37.687442040689454 -0.7352999096343124)
325,FARMERS AGROVET,Veterinary care,-0.7407655,36.9666305,POINT (36.9666305 -0.7407655),Muranga,Kiharu Sub County,Murarandia Ward,POINT (36.92553028818445 -0.7337863976124624)
326,Nyakati Agro-Vet & Animal Feeds,Veterinary care,0.053169,37.6388625,POINT (37.6388625 0.053169),MERU,Imenti North Sub County,Municipality Ward,POINT (37.63976542919719 0.0569491889530122)
329,"Nicmah Agrovet, Naromoru",Agrochemicals supplier,-0.1718338,37.0216764,POINT (37.0216764 -0.1718338),NYERI,Kieni East Sub County,Naromoru/kiamathaga Ward,POINT (37.10111469553748 -0.1636787723710145)
330,Boston Agrovet,Agrochemicals supplier,0.0588125,37.6431875,POINT (37.6431875 0.0588125),MERU,Imenti North Sub County,Municipality Ward,POINT (37.63976542919719 0.0569491889530122)
331,Grand Agro-Vet Supplies,Agricultural service,-0.5382843,37.4538279,POINT (37.4538279 -0.5382843),EMBU,Manyatta  Sub County,Kirimari Ward,POINT (37.44794411156195 -0.5059675632065675)
332,Kianjai Agrovet,Agricultural service,0.1622565,37.7469981,POINT (37.7469981 0.1622565),MERU,Tigania West Sub County,Kianjai Ward,POINT (37.69076303860212 0.2005562827793936)
333,PEAK AGROVET,Veterinary care,-0.4716001,37.238819,POINT (37.238819 -0.4716001),KIRINYAGA,Kirinyaga Central Sub County,Mutira Ward,POINT (37.23379895920754 -0.4666004790311388)
334,MD AGROVET- Goat2farm programme office,Veterinary pharmacy,-0.6748517,38.1371601,POINT (38.1371601 -0.6748517),KITUI,Mwingi North Sub County,Kyuso Ward,POINT (38.2035719272471 -0.5334497468275362)
335,KATHERI AGROVET,Veterinary care,0.0349407,37.117282,POINT (37.117282 0.0349407),MERU,Buuri Sub County,Timau Ward,POINT (37.1915683299666 0.0228124658367306)
336,light farmers agrovet,Veterinary care,-0.6859008,37.359343,POINT (37.359343 -0.6859008),KIRINYAGA,Kirinyaga South Sub County,Tebere Ward,POINT (37.40114972172263 -0.6944447636202039)
337,Kilimo Sasa Agrovet,Agricultural service,0.1201088,37.5595706,POINT (37.5595706 0.1201088),MERU,Buuri Sub County,Kiirua Naari Ward,POINT (37.56428668038381 0.1625087886021226)
338,Boresha Kilimo Agrovet-Kagumo,Veterinary care,-0.4792399,37.2375815,POINT (37.2375815 -0.4792399),KIRINYAGA,Kirinyaga Central Sub County,Mutira Ward,POINT (37.23379895920754 -0.4666004790311388)
339,Marubi Agrovet,Agrochemicals supplier,-0.422492,36.9514353,POINT (36.9514353 -0.422492),NYERI,Nyeri Central Sub County,Rware Ward,POINT (36.94890415351513 -0.4225772371684778)
340,Edimoly Agrovet,Veterinary care,-0.3972593,37.4771726,POINT (37.4771726 -0.3972593),EMBU,Manyatta  Sub County,Ruguru-Ngandori Ward,POINT (37.47289629747952 -0.4215892413685643)
341,EMUKA AGROVET & VETERINARY SERVICES,Veterinary care,0.0528374,37.169597,POINT (37.169597 0.0528374),MERU,Buuri Sub County,Timau Ward,POINT (37.1915683299666 0.0228124658367306)
342,Mapema Agrovet,Animal feed store,0.0514721,37.6456042,POINT (37.6456042 0.0514721),MERU,Imenti North Sub County,Municipality Ward,POINT (37.63976542919719 0.0569491889530122)
343,SOULMATE AGROVET,Veterinary care,-0.4972774,37.4584885,POINT (37.4584885 -0.4972774),EMBU,Manyatta  Sub County,Kirimari Ward,POINT (37.44794411156195 -0.5059675632065675)
344,Sagada Agrovet Nyeri,Agrochemicals supplier,-0.4213735,36.9511863,POINT (36.9511863 -0.4213735),NYERI,Nyeri Central Sub County,Rware Ward,POINT (36.94890415351513 -0.4225772371684778)
345,fragnes agrovet,Agrochemicals supplier,0.0918595,37.5196113,POINT (37.5196113 0.0918595),MERU,Buuri Sub County,Kibirichia Ward,POINT (37.52472868684427 0.1282009595545097)
346,Hope farm agrovet nanyuki,Agricultural service,0.0018551,37.074024,POINT (37.074024 0.0018551),NYERI,Kieni East Sub County,Gakawa Ward,POINT (37.09459756120993 -0.0842324296183947)
347,KILIMO AGROVET,Veterinary care,-0.6625449,37.3295712,POINT (37.3295712 -0.6625449),KIRINYAGA,Kirinyaga North/Mwea West Sub County,Thiba Ward,POINT (37.329106688941124 -0.6782387290402264)
348,Farmcare agrovet kiutine,Agrochemicals supplier,0.2959965,38.0591703,POINT (38.0591703 0.2959965),MERU,Igembe Central Sub County,Athiru ruujine Ward,POINT (38.184019533221225 0.1216443655613292)
349,Farmland Agrovet,Veterinary care,0.268953,37.5493551,POINT (37.5493551 0.268953),MERU,Buuri Sub County,Kiirua Naari Ward,POINT (37.56428668038381 0.1625087886021226)
350,MUTHATARI FARMCARE AGROVET,Veterinary care,-0.547621,37.476939,POINT (37.476939 -0.547621),EMBU,Manyatta  Sub County,Mbeti north Ward,POINT (37.48916960043009 -0.5370166459605027)
351,KENCHEM AGROVET SUPPLIES,Veterinary care,-0.0806375,37.6782225,POINT (37.6782225 -0.0806375),MERU,Imenti South Sub County,Mitunguu Ward,POINT (37.78102088982559 -0.1168884266469037)
352,Agrovet Centre,Veterinary care,-0.4335452,36.9657742,POINT (36.9657742 -0.4335452),NYERI,Nyeri Central Sub County,RURING'U / Karia Ward,POINT (36.960672928885046 -0.4530847469233535)
353,hamza kilimo agrovet,Agrochemicals supplier,-0.5734837,37.3252637,POINT (37.3252637 -0.5734837),KIRINYAGA,Kirinyaga South Sub County,Nyangati Ward,POINT (37.34814492600702 -0.5922576413671506)
354,Kesa Agrovet Services,Veterinary care,0.2172197,37.5266837,POINT (37.5266837 0.2172197),MERU,Buuri Sub County,Kiirua Naari Ward,POINT (37.56428668038381 0.1625087886021226)
355,Dawa Point Agrovet,Veterinary pharmacy,-0.3927223,36.9647985,POINT (36.9647985 -0.3927223),NYERI,Nyeri Central Sub County,Kiganjo/mathari Ward,POINT (36.96672225509391 -0.3967975143985376)
356,HOPE AGROVET,Veterinary care,0.0092238,37.0741,POINT (37.0741 0.0092238),LAIKIPIA,Laikipia East Sub County,Nanyuki Ward,POINT (37.089579051717116 0.0226569259593235)
357,Farmers Centre Limited Meru,Agrochemicals supplier,0.0467935,37.653003,POINT (37.653003 0.0467935),MERU,Imenti North Sub County,Municipality Ward,POINT (37.63976542919719 0.0569491889530122)
359,Farmland agrovet and hardware,Agrochemicals supplier,-0.1069679,37.7811985,POINT (37.7811985 -0.1069679),MERU,Imenti South Sub County,Mitunguu Ward,POINT (37.78102088982559 -0.1168884266469037)
360,USHINDI AGROVET,Agrochemicals supplier,0.1504729,37.7876155,POINT (37.7876155 0.1504729),MERU,Tigania West Sub County,Kianjai Ward,POINT (37.69076303860212 0.2005562827793936)
361,Abardare Agrovets,Veterinary care,-0.4252015,36.9562035,POINT (36.9562035 -0.4252015),NYERI,Nyeri Central Sub County,Rware Ward,POINT (36.94890415351513 -0.4225772371684778)
363,GOSHEN AGROVET,Veterinary care,-0.4805638,37.6003906,POINT (37.6003906 -0.4805638),EMBU,Runyenjes  Sub County,Kaagari South Ward,POINT (37.61310445210835 -0.4912084362891154)
364,MOUNT KENYA AGROVET,Veterinary care,0.1229627,37.5628437,POINT (37.5628437 0.1229627),MERU,Buuri Sub County,Kiirua Naari Ward,POINT (37.56428668038381 0.1625087886021226)
365,Britsol Agrovet,Agricultural service,-0.4711171,37.5575784,POINT (37.5575784 -0.4711171),EMBU,Runyenjes  Sub County,Kaagari South Ward,POINT (37.61310445210835 -0.4912084362891154)
366,Mwalimu Agrovet,Veterinary care,-0.4754819,37.2673408,POINT (37.2673408 -0.4754819),KIRINYAGA,Kirinyaga Central Sub County,Kerugoya Ward,POINT (37.28449519958003 -0.4980842403617933)
368,FRANK AGROVET,Veterinary care,-0.1001062,37.7034583,POINT (37.7034583 -0.1001062),MERU,Imenti South Sub County,Abogeta east Ward,POINT (37.70680075375966 -0.1260306376870546)
369,Dave Agrovet,Agrochemicals supplier,-0.535208,37.624778,POINT (37.624778 -0.535208),EMBU,Mbeere North  Sub County,Nthawa Ward,POINT (37.62177510571964 -0.5698489961015369)
370,Spur Agrovet,Agrochemicals supplier,0.1292639,37.0299081,POINT (37.0299081 0.1292639),LAIKIPIA,Laikipia North Sub County,Segera Ward,POINT (36.88070675867516 0.2199299105250897)
371,Mugumo Agrovet,Veterinary care,-0.4341979,37.1530849,POINT (37.1530849 -0.4341979),NYERI,Mathira East Sub County,Iriaini Ward,POINT (37.16329185350152 -0.4614920288247695)
372,Northland agrovet,Agrochemicals supplier,-0.5036397,37.46097,POINT (37.46097 -0.5036397),EMBU,Manyatta  Sub County,Kirimari Ward,POINT (37.44794411156195 -0.5059675632065675)
373,Animalia Agrovet,Veterinary care,-0.429466,37.4774871,POINT (37.4774871 -0.429466),EMBU,Manyatta  Sub County,Ruguru-Ngandori Ward,POINT (37.47289629747952 -0.4215892413685643)
374,Blue Valley Agrovet,Agrochemicals supplier,0.2695558,37.5495593,POINT (37.5495593 0.2695558),MERU,Buuri Sub County,Kiirua Naari Ward,POINT (37.56428668038381 0.1625087886021226)
377,Agrovet/Daktari Via Mifugo,Veterinary care,-0.1001412,37.7048831,POINT (37.7048831 -0.1001412),MERU,Imenti South Sub County,Abogeta east Ward,POINT (37.70680075375966 -0.1260306376870546)
378,Mutethya Agrovet,Agrochemicals supplier,-0.3079307,38.2186445,POINT (38.2186445 -0.3079307),KITUI,Mwingi North Sub County,Tseikuru Ward,POINT (38.34472369604872 -0.2584088394556832)
379,Soulmate Agrovet,Agrochemicals supplier,-0.5358256,37.4524452,POINT (37.4524452 -0.5358256),EMBU,Manyatta  Sub County,Kirimari Ward,POINT (37.44794411156195 -0.5059675632065675)
380,Winners Agrovet,Veterinary care,-0.4256201,36.9548615,POINT (36.9548615 -0.4256201),NYERI,Nyeri Central Sub County,Rware Ward,POINT (36.94890415351513 -0.4225772371684778)
381,RAFIKI AGROVET,Veterinary care,-0.3593399,36.9998613,POINT (36.9998613 -0.3593399),NYERI,Kieni East Sub County,Thegu river Ward,POINT (37.044187254366705 -0.2851522052310575)
382,Eneza Agrovet,Veterinary care,-0.4261244,36.9560818,POINT (36.9560818 -0.4261244),NYERI,Nyeri Central Sub County,Rware Ward,POINT (36.94890415351513 -0.4225772371684778)
384,Kamachege Agrovet,Veterinary care,-0.1000827,37.7025005,POINT (37.7025005 -0.1000827),MERU,Imenti South Sub County,Abogeta east Ward,POINT (37.70680075375966 -0.1260306376870546)
385,TUMAINI AGROVET,Veterinary care,-0.0052914,37.7248576,POINT (37.7248576 -0.0052914),MERU,Imenti Central Sub County,Mwangathia Ward,POINT (37.76404881240946 -0.0297750651308987)
386,Rainbow Agrovet,Veterinary care,-0.4220276,36.9512735,POINT (36.9512735 -0.4220276),NYERI,Nyeri Central Sub County,Rware Ward,POINT (36.94890415351513 -0.4225772371684778)
387,Rafiki Agrovet,Veterinary care,-0.4741359,37.5475032,POINT (37.5475032 -0.4741359),EMBU,Manyatta  Sub County,Kithimu Ward,POINT (37.53560541794128 -0.5125599904138941)
388,Polyn Agrovet Enterprises,Agrochemicals supplier,0.0588125,37.6431875,POINT (37.6431875 0.0588125),MERU,Imenti North Sub County,Municipality Ward,POINT (37.63976542919719 0.0569491889530122)
389,Tekagro Tekelezi Agrovet,Veterinary care,-0.5358142,37.4524331,POINT (37.4524331 -0.5358142),EMBU,Manyatta  Sub County,Kirimari Ward,POINT (37.44794411156195 -0.5059675632065675)
390,Plansmartt Agrovet,Veterinary care,-0.4230358,36.9527718,POINT (36.9527718 -0.4230358),NYERI,Nyeri Central Sub County,Rware Ward,POINT (36.94890415351513 -0.4225772371684778)
391,SHAKAINA AGROVET,Veterinary care,-0.6632643,37.3246337,POINT (37.3246337 -0.6632643),KIRINYAGA,Kirinyaga North/Mwea West Sub County,Thiba Ward,POINT (37.329106688941124 -0.6782387290402264)
392,Magutu Agrovet,Veterinary care,-0.6847677,37.3538334,POINT (37.3538334 -0.6847677),KIRINYAGA,Kirinyaga South Sub County,Tebere Ward,POINT (37.40114972172263 -0.6944447636202039)
393,Sterani Agrovet,Veterinary care,-0.0035607,37.5938262,POINT (37.5938262 -0.0035607),MERU,Imenti Central Sub County,Abothuguchi west Ward,POINT (37.46867648051586 -0.016807699507928)
394,Highway Agrovet,Veterinary care,-0.4360756,36.9740771,POINT (36.9740771 -0.4360756),NYERI,Nyeri Central Sub County,RURING'U / Karia Ward,POINT (36.960672928885046 -0.4530847469233535)
395,Amboni Agrovet,Veterinary care,-0.3277744,36.9047691,POINT (36.9047691 -0.3277744),NYERI,Kieni West Sub County,Mweiga Ward,POINT (36.92081697112847 -0.3420471725582651)
396,BIDII AGROVET,Veterinary care,-0.6221067,37.3635519,POINT (37.3635519 -0.6221067),KIRINYAGA,Kirinyaga South Sub County,Nyangati Ward,POINT (37.34814492600702 -0.5922576413671506)
397,JOLIAN AGROVET,Veterinary care,-0.5631079,37.1879008,POINT (37.1879008 -0.5631079),KIRINYAGA,Kirinyaga West Sub County,Kiine Ward,POINT (37.204337756916445 -0.5563566018508073)
398,TWINFARM AGROVET AND POULTRY CENTRE,Veterinary care,-0.5031943,37.2782654,POINT (37.2782654 -0.5031943),KIRINYAGA,Kirinyaga Central Sub County,Kerugoya Ward,POINT (37.28449519958003 -0.4980842403617933)
399,Jackie Agrovet,Veterinary care,0.021418,37.6255427,POINT (37.6255427 0.021418),MERU,Imenti North Sub County,Ntima west Ward,POINT (37.65247553077235 0.0757513956804046)
400,KABOY AGROVET,Veterinary care,0.1296842,37.719974,POINT (37.719974 0.1296842),MERU,Tigania West Sub County,Nkomo Ward,POINT (37.742248042556376 0.1250841932846706)
401,GLORY AGROVET,Veterinary care,0.0256179,37.0964533,POINT (37.0964533 0.0256179),MERU,Buuri Sub County,Timau Ward,POINT (37.1915683299666 0.0228124658367306)
402,SMART FARM AGROVET,Veterinary care,-0.6365273,37.3610013,POINT (37.3610013 -0.6365273),KIRINYAGA,Kirinyaga South Sub County,Gathigiriri Ward,POINT (37.39181978325719 -0.6600447371528825)
403,RWARE AGROVET CENTRE LTD,Veterinary care,-0.5385231,37.4513694,POINT (37.4513694 -0.5385231),EMBU,Manyatta  Sub County,Kirimari Ward,POINT (37.44794411156195 -0.5059675632065675)
404,MARURA AGROVET,Veterinary care,-0.5242603,37.1396045,POINT (37.1396045 -0.5242603),NYERI,Mathira East Sub County,Konyu Ward,POINT (37.12461872787916 -0.5225401737385358)
405,FARMCARE AGROVET KWA MUTEMBEI SAITOTI,Veterinary care,0.2325853,37.9413741,POINT (37.9413741 0.2325853),MERU,Igembe South Sub County,Maua Ward,POINT (37.94854556459812 0.2412460084294319)
406,Mwihoko Agrovet,Veterinary care,-0.1731768,37.022023,POINT (37.022023 -0.1731768),NYERI,Kieni East Sub County,Naromoru/kiamathaga Ward,POINT (37.10111469553748 -0.1636787723710145)
407,FARMCARE AGROVET,Veterinary care,0.0506706,37.698006,POINT (37.698006 0.0506706),MERU,Imenti North Sub County,Nyaki east Ward,POINT (37.76943252043774 0.0333244686571716)
408,R.K. AGROVET,Veterinary care,-0.1724906,37.0220512,POINT (37.0220512 -0.1724906),NYERI,Kieni East Sub County,Naromoru/kiamathaga Ward,POINT (37.10111469553748 -0.1636787723710145)
409,Fugalima centre,Agricultural service,-0.4220066,36.9527363,POINT (36.9527363 -0.4220066),NYERI,Nyeri Central Sub County,Rware Ward,POINT (36.94890415351513 -0.4225772371684778)
410,WAPE farm link Agrovet,Agrochemicals supplier,-0.5095668,38.0810896,POINT (38.0810896 -0.5095668),KITUI,Mwingi North Sub County,Mumoni Ward,POINT (38.001220171775806 -0.5969660805771935)
411,FARMCARE AGROVET,Veterinary care,-0.4865048,37.5386978,POINT (37.5386978 -0.4865048),EMBU,Manyatta  Sub County,Kithimu Ward,POINT (37.53560541794128 -0.5125599904138941)
412,Samkan Agrovet,Veterinary care,-0.6858513,37.6488397,POINT (37.6488397 -0.6858513),EMBU,Mbeere South  Sub County,Mavuria Ward,POINT (37.687442040689454 -0.7352999096343124)
413,DAN'S AGROVET,Veterinary care,-0.4106958,36.892418,POINT (36.892418 -0.4106958),NYERI,Tetu Sub County,Dedan kimathi Ward,POINT (36.83392774790703 -0.4279432467398578)
414,KILIMO BORA AGROVET,Veterinary care,-0.6897787,37.348691,POINT (37.348691 -0.6897787),KIRINYAGA,Kirinyaga North/Mwea West Sub County,Thiba Ward,POINT (37.329106688941124 -0.6782387290402264)
415,ARIMI AGROVET,Veterinary care,0.1230084,37.5614532,POINT (37.5614532 0.1230084),MERU,Buuri Sub County,Kiirua Naari Ward,POINT (37.56428668038381 0.1625087886021226)
416,Farmlink Enterprises-Meru,Agricultural service,0.0477338,37.6550472,POINT (37.6550472 0.0477338),MERU,Imenti North Sub County,Municipality Ward,POINT (37.63976542919719 0.0569491889530122)
417,Chania AgroVet,Veterinary care,-0.4386764,37.105989,POINT (37.105989 -0.4386764),NYERI,Mathira East Sub County,Karatina town Ward,POINT (37.112098666395134 -0.4524106570740936)
418,FEFASHA AGROVET,Veterinary care,0.0149458,37.0747324,POINT (37.0747324 0.0149458),LAIKIPIA,Laikipia East Sub County,Nanyuki Ward,POINT (37.089579051717116 0.0226569259593235)
419,Grand Agro-Vet Supplies,Agricultural service,-0.5382843,37.4538279,POINT (37.4538279 -0.5382843),EMBU,Manyatta  Sub County,Kirimari Ward,POINT (37.44794411156195 -0.5059675632065675)
420,Soulmate Agrovet,Agrochemicals supplier,-0.5358256,37.4524452,POINT (37.4524452 -0.5358256),EMBU,Manyatta  Sub County,Kirimari Ward,POINT (37.44794411156195 -0.5059675632065675)
421,Farm Link Enterprises Embu,Agrochemicals supplier,-0.5381877,37.4596825,POINT (37.4596825 -0.5381877),EMBU,Manyatta  Sub County,Mbeti north Ward,POINT (37.48916960043009 -0.5370166459605027)
422,Tekagro Tekelezi Agrovet,Veterinary care,-0.5358142,37.4524331,POINT (37.4524331 -0.5358142),EMBU,Manyatta  Sub County,Kirimari Ward,POINT (37.44794411156195 -0.5059675632065675)
423,Bwana Shamba Agro-vet,Agrochemicals supplier,-0.5355349,37.4527867,POINT (37.4527867 -0.5355349),EMBU,Manyatta  Sub County,Kirimari Ward,POINT (37.44794411156195 -0.5059675632065675)
424,SOULMATE AGROVET,Veterinary care,-0.4972774,37.4584885,POINT (37.4584885 -0.4972774),EMBU,Manyatta  Sub County,Kirimari Ward,POINT (37.44794411156195 -0.5059675632065675)
425,Promise Agrovet Runyenjes,Agrochemicals supplier,-0.4228445,37.5693049,POINT (37.5693049 -0.4228445),EMBU,Runyenjes  Sub County,Central ward,POINT (37.57270007199027 -0.4352568303850141)
426,Githurai 45 Agrovet,Hay supplier,-1.2080962,36.9261452,POINT (36.9261452 -1.2080962),Kiambu,Ruiru Sub County,Kiuu Ward,POINT (36.93352098744769 -1.2090603087425664)
427,MUBALIKI AGROVET,Veterinary care,-0.551818,37.482486,POINT (37.482486 -0.551818),EMBU,Manyatta  Sub County,Mbeti north Ward,POINT (37.48916960043009 -0.5370166459605027)
428,Snow Agrovet,Agrochemicals supplier,-1.3664972,38.0097103,POINT (38.0097103 -1.3664972),KITUI,Kitui Central  Sub County,Township Ward,POINT (38.00483511944851 -1.3532141595545901)
429,Kithimani Agro-Vet,Veterinary care,-1.3671343,38.0083183,POINT (38.0083183 -1.3671343),KITUI,Kitui Central  Sub County,Township Ward,POINT (38.00483511944851 -1.3532141595545901)
430,Snow Pharmacy & Agrovet Kalundu,Pharmacy,-1.3632162,38.0099384,POINT (38.0099384 -1.3632162),KITUI,Kitui Central  Sub County,Township Ward,POINT (38.00483511944851 -1.3532141595545901)
431,SMARTLISSE AGROVET,Agrochemicals supplier,-1.358122,38.0089402,POINT (38.0089402 -1.358122),KITUI,Kitui Central  Sub County,Township Ward,POINT (38.00483511944851 -1.3532141595545901)
432,Savvana Agrovet and Electronics,Electronics store,-1.3750588,37.9951422,POINT (37.9951422 -1.3750588),KITUI,Kitui Central  Sub County,Township Ward,POINT (38.00483511944851 -1.3532141595545901)
433,Sephkim Agrovet,Animal feed store,-1.5191717,37.2689103,POINT (37.2689103 -1.5191717),Machakos,Machakos Sub County,Township Ward,POINT (37.27991970798023 -1.5113801198850365)
434,Farm Care Agrovet,Animal feed store,-1.519237,37.2689449,POINT (37.2689449 -1.519237),Machakos,Machakos Sub County,Township Ward,POINT (37.27991970798023 -1.5113801198850365)
435,Riziki Agrovet,Agrochemicals supplier,-1.5202036,37.2707316,POINT (37.2707316 -1.5202036),Machakos,Machakos Sub County,Township Ward,POINT (37.27991970798023 -1.5113801198850365)
436,Muthetheni Agrovet,Agrochemicals supplier,-1.5203402,37.2699726,POINT (37.2699726 -1.5203402),Machakos,Machakos Sub County,Township Ward,POINT (37.27991970798023 -1.5113801198850365)
437,Sheba Agrovet,Agrochemicals supplier,-1.521422,37.2689811,POINT (37.2689811 -1.521422),Machakos,Machakos Sub County,Township Ward,POINT (37.27991970798023 -1.5113801198850365)
438,Agrovet Seeds,Agrochemicals supplier,-1.5194119,37.2697433,POINT (37.2697433 -1.5194119),Machakos,Machakos Sub County,Township Ward,POINT (37.27991970798023 -1.5113801198850365)
439,Makamithi Agrovet Green World,Veterinary care,-1.521545,37.2689954,POINT (37.2689954 -1.521545),Machakos,Machakos Sub County,Township Ward,POINT (37.27991970798023 -1.5113801198850365)
440,Makamithi Enterprises Ltd,Agrochemicals supplier,-1.5182444,37.2656056,POINT (37.2656056 -1.5182444),Machakos,Machakos Sub County,Township Ward,POINT (37.27991970798023 -1.5113801198850365)
441,Lukenya Agro~Vet Supplies Ltd.,Veterinary care,-1.520843,37.2687997,POINT (37.2687997 -1.520843),Machakos,Machakos Sub County,Township Ward,POINT (37.27991970798023 -1.5113801198850365)
442,Asal Agro - Vet,Veterinary care,-1.5208459,37.2688074,POINT (37.2688074 -1.5208459),Machakos,Machakos Sub County,Township Ward,POINT (37.27991970798023 -1.5113801198850365)
443,KWITU AGROVET,"F7HC+W33, Ngei Rd",-1.5202384,37.2701796,POINT (37.2701796 -1.5202384),Machakos,Machakos Sub County,Township Ward,POINT (37.27991970798023 -1.5113801198850365)
444,Longonot Chemist & Agrovet,Agrochemicals supplier,-1.5210964,37.2682612,POINT (37.2682612 -1.5210964),Machakos,Machakos Sub County,Township Ward,POINT (37.27991970798023 -1.5113801198850365)
445,Wamunyu Agrovet,F7HC+QJQ,-1.5205348,37.2716197,POINT (37.2716197 -1.5205348),Machakos,Machakos Sub County,Township Ward,POINT (37.27991970798023 -1.5113801198850365)
446,Namco Pharmacy & Agrovet,Pharmacy,-1.5249179,37.265098,POINT (37.265098 -1.5249179),Machakos,Machakos Sub County,Township Ward,POINT (37.27991970798023 -1.5113801198850365)
447,Greenvet Agrovet,Veterinary care,-1.5196435,37.2697545,POINT (37.2697545 -1.5196435),Machakos,Machakos Sub County,Township Ward,POINT (37.27991970798023 -1.5113801198850365)
448,Belea Agrovet,Veterinary care,-1.5216362,37.268999,POINT (37.268999 -1.5216362),Machakos,Machakos Sub County,Township Ward,POINT (37.27991970798023 -1.5113801198850365)
449,Ngugo Agrovet,Veterinary care,-1.5203272,37.2671485,POINT (37.2671485 -1.5203272),Machakos,Machakos Sub County,Township Ward,POINT (37.27991970798023 -1.5113801198850365)
450,Citizen Chem. Agrovet,Veterinary care,-1.5188063,37.2697427,POINT (37.2697427 -1.5188063),Machakos,Machakos Sub County,Township Ward,POINT (37.27991970798023 -1.5113801198850365)
451,NGETHA AGROVET,Agricultural product wholesaler,-1.7817664,37.6247041,POINT (37.6247041 -1.7817664),MAKUENI,Makueni  Sub County,Wote Ward,POINT (37.59852366427388 -1.7938655207355552)
452,Muthetheni Agrovet,Agrochemicals supplier,-1.5203402,37.2699726,POINT (37.2699726 -1.5203402),Machakos,Machakos Sub County,Township Ward,POINT (37.27991970798023 -1.5113801198850365)
453,GRACELAND AGROVET(AG),Agrochemicals supplier,-1.7700939,37.5527783,POINT (37.5527783 -1.7700939),MAKUENI,Kaiti  Sub County,Ukia ward,POINT (37.51474781310259 -1.7606503351000666)
454,Farm Care Agrovet,Animal feed store,-1.519237,37.2689449,POINT (37.2689449 -1.519237),Machakos,Machakos Sub County,Township Ward,POINT (37.27991970798023 -1.5113801198850365)
455,Riziki Agrovet,Agrochemicals supplier,-1.5202036,37.2707316,POINT (37.2707316 -1.5202036),Machakos,Machakos Sub County,Township Ward,POINT (37.27991970798023 -1.5113801198850365)
456,Mituvu Agrovet Ngoluni,Agrochemicals supplier,-1.6070992,37.584856,POINT (37.584856 -1.6070992),MAKUENI,Mbooni  Sub County,Waia/Kako Ward,POINT (37.622131048512514 -1.662117865011125)
457,Utaati agrovet,Agrochemicals supplier,-2.4114381,37.9669249,POINT (37.9669249 -2.4114381),MAKUENI,Kibwezi West  Sub County,Kikumbulyu South Ward,POINT (37.99506638329876 -2.365820553577991)
458,Sephkim Agrovet,Animal feed store,-1.5191717,37.2689103,POINT (37.2689103 -1.5191717),Machakos,Machakos Sub County,Township Ward,POINT (37.27991970798023 -1.5113801198850365)
459,Makamithi Agrovet Green World,Veterinary care,-1.521545,37.2689954,POINT (37.2689954 -1.521545),Machakos,Machakos Sub County,Township Ward,POINT (37.27991970798023 -1.5113801198850365)
460,JAMAS AGROVET,Store,-1.8532724,37.6613408,POINT (37.6613408 -1.8532724),MAKUENI,Makueni  Sub County,Muvau/Kikumini Ward,POINT (37.65324845938959 -1.8592660469164302)
461,"Makamithi, Wote",Agrochemicals supplier,-1.7821243,37.6274467,POINT (37.6274467 -1.7821243),MAKUENI,Makueni  Sub County,Wote Ward,POINT (37.59852366427388 -1.7938655207355552)
462,Juliet Agrovet,Agrochemicals supplier,-1.7930971,37.3623492,POINT (37.3623492 -1.7930971),MAKUENI,Kaiti  Sub County,Kilungu ward,POINT (37.37670770506492 -1.7934878237692191)
463,Makamithi Enterprises Ltd,Agrochemicals supplier,-1.5182444,37.2656056,POINT (37.2656056 -1.5182444),Machakos,Machakos Sub County,Township Ward,POINT (37.27991970798023 -1.5113801198850365)
464,Agrovet Seeds,Agrochemicals supplier,-1.5194119,37.2697433,POINT (37.2697433 -1.5194119),Machakos,Machakos Sub County,Township Ward,POINT (37.27991970798023 -1.5113801198850365)
465,Iviani Farm,Agricultural service,-1.8296759,37.6841554,POINT (37.6841554 -1.8296759),MAKUENI,Makueni  Sub County,Muvau/Kikumini Ward,POINT (37.65324845938959 -1.8592660469164302)
466,Sett Agrovet,Agrochemicals supplier,-1.8038345,37.4121366,POINT (37.4121366 -1.8038345),MAKUENI,Kaiti  Sub County,Kilungu ward,POINT (37.37670770506492 -1.7934878237692191)
467,SAMBA AGROVETS,Agrochemicals supplier,-2.2837664,37.8148035,POINT (37.8148035 -2.2837664),MAKUENI,Kibwezi West  Sub County,Makindu Ward,POINT (37.79288358855482 -2.2201985539930136)
468,Regipaul agrovet,Agricultural service,-2.2802712,37.819591,POINT (37.819591 -2.2802712),MAKUENI,Kibwezi West  Sub County,Makindu Ward,POINT (37.79288358855482 -2.2201985539930136)
469,Sheba Agrovet,Agrochemicals supplier,-1.521422,37.2689811,POINT (37.2689811 -1.521422),Machakos,Machakos Sub County,Township Ward,POINT (37.27991970798023 -1.5113801198850365)
470,Supreme agrovet,Agrochemicals supplier,-2.412331,37.9662071,POINT (37.9662071 -2.412331),MAKUENI,Kibwezi West  Sub County,Kikumbulyu South Ward,POINT (37.99506638329876 -2.365820553577991)
471,Wamunyu Agrovet,F7HC+QJQ,-1.5205348,37.2716197,POINT (37.2716197 -1.5205348),Machakos,Machakos Sub County,Township Ward,POINT (37.27991970798023 -1.5113801198850365)
472,Lukenya Agro - Vet Supplies Ltd,Animals,-1.4741356,36.9586956,POINT (36.9586956 -1.4741356),KAJIADO,Kajiado East Sub County,Oloosirkon/sholinke Ward,POINT (36.83545259390289 -1.4724753045722156)
473,MASONGALENI AGROVET,Veterinary care,-1.4663138,37.0194771,POINT (37.0194771 -1.4663138),Machakos,Athi River Sub County,Kinanie Ward,POINT (37.072065491131056 -1.4909726874340739)
476,Farmers Desk Centre Agrovet,Agrochemicals supplier,-1.4882028,36.9547332,POINT (36.9547332 -1.4882028),KAJIADO,Kajiado East Sub County,Kitengela Ward,POINT (36.88192335969516 -1.5503722063244798)
478,Namayiana agrovet,Veterinary pharmacy,-2.1006864,37.1289386,POINT (37.1289386 -2.1006864),KAJIADO,Kajiado East Sub County,Imaroro Ward,POINT (37.125483919156395 -1.9452103025969865)
479,NOONKOPIR PHARMACY & AGROVET,Lawn care service,-1.4770216,36.957996,POINT (36.957996 -1.4770216),KAJIADO,Kajiado East Sub County,Oloosirkon/sholinke Ward,POINT (36.83545259390289 -1.4724753045722156)
480,Green Farm Animal Feeds,Animal feed store,-1.4791892,36.9572937,POINT (36.9572937 -1.4791892),KAJIADO,Kajiado East Sub County,Oloosirkon/sholinke Ward,POINT (36.83545259390289 -1.4724753045722156)
481,Western Agrovet Invest,Agrochemicals supplier,-1.4603105,37.4392355,POINT (37.4392355 -1.4603105),Machakos,Mwala Sub County,Masii Ward,POINT (37.42918511314471 -1.4586243888547628)
482,Jamie agrovet,Veterinary pharmacy,-2.2804716,36.810266,POINT (36.810266 -2.2804716),KAJIADO,Kajiado Central Sub County,Matapato north Ward,POINT (36.82960986980277 -2.199060260376975)
483,Asal Agro - Vet,Veterinary care,-1.5208459,37.2688074,POINT (37.2688074 -1.5208459),Machakos,Machakos Sub County,Township Ward,POINT (37.27991970798023 -1.5113801198850365)
484,Lukenya Agrovet Supplies Ltd,Agricultural service,-1.4354939,36.9729539,POINT (36.9729539 -1.4354939),Machakos,Athi River Sub County,Mathatani Ward,POINT (37.078558576313995 -1.3615165551391075)
485,Greenvet Agrovet,Veterinary care,-1.5196435,37.2697545,POINT (37.2697545 -1.5196435),Machakos,Machakos Sub County,Township Ward,POINT (37.27991970798023 -1.5113801198850365)
488,Walishe Agrovets,Agrochemicals supplier,-1.5865239,36.9222113,POINT (36.9222113 -1.5865239),KAJIADO,Kajiado East Sub County,Kaputiei north Ward,POINT (36.875340832037544 -1.68681094845253)
489,Giddys Agrovet Suppplies,Veterinary care,-1.661353,37.2849868,POINT (37.2849868 -1.661353),Machakos,Machakos Sub County,Kola Ward,POINT (37.28059459621404 -1.6859637018015057)
490,Hakika Agrovet,Agrochemicals supplier,-1.6425912,36.8731764,POINT (36.8731764 -1.6425912),KAJIADO,Kajiado East Sub County,Kaputiei north Ward,POINT (36.875340832037544 -1.68681094845253)
491,New Kivani Agrovet,Veterinary care,-1.4112701,37.5654365,POINT (37.5654365 -1.4112701),Machakos,Mwala Sub County,Wamunyu Ward,POINT (37.58162676531307 -1.414446456613982)
492,NIMOH FARM AGROVET,Veterinary care,-2.008521,37.7694232,POINT (37.7694232 -2.008521),MAKUENI,Makueni  Sub County,Kathonzweni Ward,POINT (37.74976680169021 -1.9847871019377028)
493,EDEN AGROVET,Nzaikoni,-1.4635697,37.3179605,POINT (37.3179605 -1.4635697),Machakos,Kathiani Sub County,Upper Kaewa-iveti Ward,POINT (37.31156568172899 -1.4752359975580347)
494,Belea Agrovet,Veterinary care,-1.5216362,37.268999,POINT (37.268999 -1.5216362),Machakos,Machakos Sub County,Township Ward,POINT (37.27991970798023 -1.5113801198850365)
495,Lenana Agrovet-Kitengela,Arborist service,-1.451789,36.978099,POINT (36.978099 -1.451789),Machakos,Athi River Sub County,Athi River Ward,POINT (36.94935392531766 -1.4627544136678376)
496,Njemwa Agrovet,Veterinary care,-1.6867783,36.8469217,POINT (36.8469217 -1.6867783),KAJIADO,Kajiado East Sub County,Kaputiei north Ward,POINT (36.875340832037544 -1.68681094845253)
497,Mbooni Hardware & Agrovet,Hardware store,-1.6635101,37.4475127,POINT (37.4475127 -1.6635101),MAKUENI,Mbooni  Sub County,Mbooni Ward,POINT (37.440452928274254 -1.648842535425796)
498,Wony Agrovet Kathiani,Agrochemicals supplier,-1.41173,37.3299118,POINT (37.3299118 -1.41173),Machakos,Kathiani Sub County,Kathiani Central Ward,POINT (37.30548235540033 -1.4141456372677756)
499,Lukenya Agro~Vet Supplies Ltd.,Veterinary care,-1.520843,37.2687997,POINT (37.2687997 -1.520843),Machakos,Machakos Sub County,Township Ward,POINT (37.27991970798023 -1.5113801198850365)
500,Milvan Agrovet,Veterinary care,-1.6603884,37.448196,POINT (37.448196 -1.6603884),MAKUENI,Mbooni  Sub County,Mbooni Ward,POINT (37.440452928274254 -1.648842535425796)
501,LUCKY FARMER AGROVET,Veterinary care,-1.6614133,37.4476082,POINT (37.4476082 -1.6614133),MAKUENI,Mbooni  Sub County,Mbooni Ward,POINT (37.440452928274254 -1.648842535425796)
503,Olngarua Agrovet,Veterinary pharmacy,-1.475251,36.9620893,POINT (36.9620893 -1.475251),KAJIADO,Kajiado East Sub County,Kitengela Ward,POINT (36.88192335969516 -1.5503722063244798)
504,PETERANNEX AGROVET,Veterinary care,-1.6618359,37.4466393,POINT (37.4466393 -1.6618359),MAKUENI,Mbooni  Sub County,Mbooni Ward,POINT (37.440452928274254 -1.648842535425796)
505,ENARAU AGROVET,Farmers' market,-1.4772701,36.9568461,POINT (36.9568461 -1.4772701),KAJIADO,Kajiado East Sub County,Oloosirkon/sholinke Ward,POINT (36.83545259390289 -1.4724753045722156)
506,Ngugo Agrovet,Veterinary care,-1.5203272,37.2671485,POINT (37.2671485 -1.5203272),Machakos,Machakos Sub County,Township Ward,POINT (37.27991970798023 -1.5113801198850365)
507,Farmers Senta Agrovet,Veterinary care,-1.6617464,37.4473624,POINT (37.4473624 -1.6617464),MAKUENI,Mbooni  Sub County,Mbooni Ward,POINT (37.440452928274254 -1.648842535425796)
508,AGROVET GREENFARM FEEDS,Veterinary care,-1.5754995,36.9280664,POINT (36.9280664 -1.5754995),KAJIADO,Kajiado East Sub County,Kaputiei north Ward,POINT (36.875340832037544 -1.68681094845253)
509,Khanvet Agro Chemicals Ltd,Veterinary care,-1.7930418,37.3626502,POINT (37.3626502 -1.7930418),MAKUENI,Kaiti  Sub County,Kilungu ward,POINT (37.37670770506492 -1.7934878237692191)
510,KILIMO AGROVET,Veterinary care,-2.1002657,37.1300543,POINT (37.1300543 -2.1002657),KAJIADO,Kajiado East Sub County,Imaroro Ward,POINT (37.125483919156395 -1.9452103025969865)
511,AGRO POULTRY CENTRE,Veterinary pharmacy,-1.4600625,37.4373413,POINT (37.4373413 -1.4600625),Machakos,Mwala Sub County,Masii Ward,POINT (37.42918511314471 -1.4586243888547628)
512,Lukenya Agrovet,"6J8G+V6H, Machakos Wote Rd",-1.7828036,37.625616,POINT (37.625616 -1.7828036),MAKUENI,Makueni  Sub County,Wote Ward,POINT (37.59852366427388 -1.7938655207355552)
513,Namco Pharmacy & Agrovet,Pharmacy,-1.5249179,37.265098,POINT (37.265098 -1.5249179),Machakos,Machakos Sub County,Township Ward,POINT (37.27991970798023 -1.5113801198850365)
515,Kilimo Agrovet,Veterinary care,-1.9993224,37.4179274,POINT (37.4179274 -1.9993224),MAKUENI,Makueni  Sub County,Mbitini Ward,POINT (37.449791359944584 -1.9682513200471785)
516,Citizen Chem. Agrovet,Veterinary care,-1.5188063,37.2697427,POINT (37.2697427 -1.5188063),Machakos,Machakos Sub County,Township Ward,POINT (37.27991970798023 -1.5113801198850365)
517,Muangini Agrovet,D515,-1.8908061,37.4108734,POINT (37.4108734 -1.8908061),MAKUENI,Kilome Sub County,Kasikeu Ward,POINT (37.35607565267084 -1.9523194058434954)
518,Makueni Fruit Processing Plant - Kalamba,County government office,-1.8851314,37.5138333,POINT (37.5138333 -1.8851314),MAKUENI,Makueni  Sub County,Nzaui/Kilili/Kalamba Ward,POINT (37.53799908237226 -1.9155372591479047)
519,Tumaini Agrovet,Agrochemicals supplier,-1.3406537,36.913127,POINT (36.913127 -1.3406537),Nairobi,Embakasi East Sub County,Embakasi Ward,POINT (36.93498207779296 -1.309327573004723)
520,Jacy Agrovet,Agrochemicals supplier,-1.4773793,36.9574368,POINT (36.9574368 -1.4773793),KAJIADO,Kajiado East Sub County,Oloosirkon/sholinke Ward,POINT (36.83545259390289 -1.4724753045722156)
521,FREDS AGROVET,Mbooni - Machakos Road,-1.6328485,37.383522,POINT (37.383522 -1.6328485),MAKUENI,Mbooni  Sub County,Mbooni Ward,POINT (37.440452928274254 -1.648842535425796)
522,DAIMA AGROVET,Veterinary care,-1.8431814,36.7857972,POINT (36.7857972 -1.8431814),KAJIADO,Kajiado Central Sub County,Ildamat Ward,POINT (36.73153225169328 -1.8575369838126294)
523,Kindi Agrovet,Agrochemicals supplier,-1.4800182,36.9561002,POINT (36.9561002 -1.4800182),KAJIADO,Kajiado East Sub County,Oloosirkon/sholinke Ward,POINT (36.83545259390289 -1.4724753045722156)
524,GALILEE AGROVET,Agrochemicals supplier,-2.0792928,37.4729782,POINT (37.4729782 -2.0792928),MAKUENI,Kibwezi West  Sub County,Emali/Mulala Ward,POINT (37.508302203541135 -2.04032914160653)
526,PLANET AGROVET,Veterinary care,-1.915219,37.7331077,POINT (37.7331077 -1.915219),MAKUENI,Makueni  Sub County,Kathonzweni Ward,POINT (37.74976680169021 -1.9847871019377028)
527,Fadhila Agrovet,Store,-1.7818632,37.6279092,POINT (37.6279092 -1.7818632),MAKUENI,Makueni  Sub County,Wote Ward,POINT (37.59852366427388 -1.7938655207355552)
530,DIAN AGROVET LTD,Agrochemicals supplier,-1.4240799,37.6223209,POINT (37.6223209 -1.4240799),Machakos,Mwala Sub County,Wamunyu Ward,POINT (37.58162676531307 -1.414446456613982)
531,O'lale Agrovet,Veterinary care,-1.4773019,36.9585523,POINT (36.9585523 -1.4773019),KAJIADO,Kajiado East Sub County,Kitengela Ward,POINT (36.88192335969516 -1.5503722063244798)
532,Rithika Pharmacy & Agrovet,Alternative medicine practitioner,-1.4604752,37.4387894,POINT (37.4387894 -1.4604752),Machakos,Mwala Sub County,Masii Ward,POINT (37.42918511314471 -1.4586243888547628)
533,Mkulima Agrovet,Veterinary care,-1.6872681,36.8459213,POINT (36.8459213 -1.6872681),KAJIADO,Kajiado East Sub County,Kaputiei north Ward,POINT (36.875340832037544 -1.68681094845253)
534,FARM AGROVET,Veterinary care,-1.4598179,37.4371824,POINT (37.4371824 -1.4598179),Machakos,Mwala Sub County,Masii Ward,POINT (37.42918511314471 -1.4586243888547628)
535,Rayon Enterprises Agrovet,Animal feed store,-1.4772723,36.9568975,POINT (36.9568975 -1.4772723),KAJIADO,Kajiado East Sub County,Oloosirkon/sholinke Ward,POINT (36.83545259390289 -1.4724753045722156)
536,Agriculture Matters Agrovet,Veterinary care,-1.6853899,36.8462572,POINT (36.8462572 -1.6853899),KAJIADO,Kajiado East Sub County,Kaputiei north Ward,POINT (36.875340832037544 -1.68681094845253)
537,Masaku Farmers Agrovet,Veterinary care,-1.5339709,37.1325571,POINT (37.1325571 -1.5339709),Machakos,Athi River Sub County,Kinanie Ward,POINT (37.072065491131056 -1.4909726874340739)
538,RAFKIM AGROVET,Veterinary care,-1.9072448,37.5199812,POINT (37.5199812 -1.9072448),MAKUENI,Makueni  Sub County,Nzaui/Kilili/Kalamba Ward,POINT (37.53799908237226 -1.9155372591479047)
539,Kims Agrovet Miu,Agrochemicals supplier,-1.5063907,37.5210373,POINT (37.5210373 -1.5063907),Machakos,Mwala Sub County,Muthetheni Ward,POINT (37.531769625471675 -1.5008216023086327)
540,WEMA AGROVET,Isinya-Kiserian Road,-1.6872922,36.8469527,POINT (36.8469527 -1.6872922),KAJIADO,Kajiado East Sub County,Kaputiei north Ward,POINT (36.875340832037544 -1.68681094845253)
541,Kilimo Bora AGROVET,Veterinary care,-1.9469217,37.3866564,POINT (37.3866564 -1.9469217),MAKUENI,Kilome Sub County,Kasikeu Ward,POINT (37.35607565267084 -1.9523194058434954)
542,Agricare Agrovet,Agrochemicals supplier,-1.7323893,37.5845775,POINT (37.5845775 -1.7323893),MAKUENI,Kaiti  Sub County,Ukia ward,POINT (37.51474781310259 -1.7606503351000666)
543,JOSAM AGROVET SUPPLIES,"3PMM+QH3, Wote - Makindu Rd",-1.9156139,37.7339131,POINT (37.7339131 -1.9156139),MAKUENI,Makueni  Sub County,Kathonzweni Ward,POINT (37.74976680169021 -1.9847871019377028)
544,GARDEN AGROVET,Veterinary care,-1.7914218,37.360646,POINT (37.360646 -1.7914218),MAKUENI,Kaiti  Sub County,Kilungu ward,POINT (37.37670770506492 -1.7934878237692191)
545,MOSKIT SOLUTION AGROVET,Veterinary care,-1.4886243,36.9547556,POINT (36.9547556 -1.4886243),KAJIADO,Kajiado East Sub County,Kitengela Ward,POINT (36.88192335969516 -1.5503722063244798)
546,Ngetha Mbingi Agrovet,Store,-1.6208793,37.562502,POINT (37.562502 -1.6208793),MAKUENI,Mbooni  Sub County,Kiteta-Kisau Ward,POINT (37.5234804276361 -1.6051971545098374)
547,Greenfarm Agrovet Farm Depot,Veterinary care,-1.7786225,37.6271957,POINT (37.6271957 -1.7786225),MAKUENI,Makueni  Sub County,Wote Ward,POINT (37.59852366427388 -1.7938655207355552)
548,KYAMA AGROVET,Veterinary care,-1.9995025,37.4177511,POINT (37.4177511 -1.9995025),MAKUENI,Makueni  Sub County,Mbitini Ward,POINT (37.449791359944584 -1.9682513200471785)
549,FARMCARE AGROVET,Veterinary care,-1.4863347,36.9560027,POINT (36.9560027 -1.4863347),KAJIADO,Kajiado East Sub County,Kitengela Ward,POINT (36.88192335969516 -1.5503722063244798)
550,"MODERN FARMERS BASE AGROVET, WOTE TOWN",Agrochemicals supplier,-1.8794768,37.5232122,POINT (37.5232122 -1.8794768),MAKUENI,Makueni  Sub County,Nzaui/Kilili/Kalamba Ward,POINT (37.53799908237226 -1.9155372591479047)
551,Green Acre Agrovets,Agricultural service,0.0353301,36.3660336,POINT (36.3660336 0.0353301),LAIKIPIA,Laikipia West Sub County,Igwamiti Ward,POINT (36.344894396248385 0.100131257872702)
552,G Eight Agrovet,Veterinary care,-0.2734971,36.3751302,POINT (36.3751302 -0.2734971),NYANDARUA,Olkalou Sub County,Karau Ward,POINT (36.33836429082202 -0.3201650790904106)
553,Neema Agrovet,Agrochemicals supplier,-0.7268671,36.6547243,POINT (36.6547243 -0.7268671),NYANDARUA,Kinangop Sub County,Njabani/kiburu Ward,POINT (36.67610206064084 -0.7251357320839751)
554,NJENDI FARMCARE AGROVET,Agrochemicals supplier,-0.080023,36.6464588,POINT (36.6464588 -0.080023),LAIKIPIA,Laikipia East Sub County,Ngobit Ward,POINT (36.70191369469884 -0.0426852449438897)
555,Mazao Agrovet,Agrochemicals supplier,-0.0768886,36.552321,POINT (36.552321 -0.0768886),NYANDARUA,Ndaragwa Sub County,Central Ward,POINT (36.542929797490025 -0.0709427571752948)
556,Sunset Agrovet,Agrochemicals supplier,-0.3416891,36.3722548,POINT (36.3722548 -0.3416891),NYANDARUA,Olkalou Sub County,Kaimbaga Ward,POINT (36.398816715771524 -0.3411445598616596)
557,Country Focus Agrovets,Veterinary care,0.0356743,36.3657216,POINT (36.3657216 0.0356743),LAIKIPIA,Laikipia West Sub County,Igwamiti Ward,POINT (36.344894396248385 0.100131257872702)
558,LOUISIANA AGROVET,Veterinary pharmacy,0.0250826,36.4076431,POINT (36.4076431 0.0250826),NYANDARUA,Ndaragwa Sub County,Kiritta Ward,POINT (36.44160459555525 0.0024618531795008)
559,Baraka Agro vet,Agrochemicals supplier,-0.0806144,36.6464862,POINT (36.6464862 -0.0806144),LAIKIPIA,Laikipia East Sub County,Ngobit Ward,POINT (36.70191369469884 -0.0426852449438897)
560,Savannah Farmline Agrovet,Agrochemicals supplier,-0.6663086,36.4778148,POINT (36.4778148 -0.6663086),Nakuru,Gilgil Sub County,Malewa West Ward,POINT (36.372184534507554 -0.669516909370179)
561,Menengai Agrovet & Veterinary Services,Animal feed store,-0.2840854,36.073468,POINT (36.073468 -0.2840854),Nakuru,Nakuru East  Sub County,Biashara Ward,POINT (36.079098368868536 -0.2911210199412062)
562,EQUATOR AGROVET,Veterinary care,-0.2723533,36.3746358,POINT (36.3746358 -0.2723533),NYANDARUA,Olkalou Sub County,Karau Ward,POINT (36.33836429082202 -0.3201650790904106)
563,Highway Farmers Agrovet,Veterinary care,-0.3295269,36.4970252,POINT (36.4970252 -0.3295269),NYANDARUA,Kipipiri Sub County,Wanjohi Ward,POINT (36.49451996180466 -0.3120049979547221)
564,Top Far & Agrovet,Agrochemicals supplier,-0.1906254,36.3826713,POINT (36.3826713 -0.1906254),NYANDARUA,Olkalou Sub County,Rurii Ward,POINT (36.37383790894949 -0.2153701227780209)
565,Neema Agrovet,Animal feed store,-0.1314989,36.3795505,POINT (36.3795505 -0.1314989),NYANDARUA,Oljoroorok Sub County,Weru Ward,POINT (36.38637609009144 -0.1283267538607165)
566,Mt.Kenya Agrovet,Veterinary care,-0.0046477,36.2284727,POINT (36.2284727 -0.0046477),Nakuru,Subukia  Sub County,Subukia Ward,POINT (36.20261520886201 -0.0170915658690508)
567,OASIS AGROVET,Veterinary care,-0.2699232,36.3752981,POINT (36.3752981 -0.2699232),NYANDARUA,Olkalou Sub County,Karau Ward,POINT (36.33836429082202 -0.3201650790904106)
568,Planet Agrovet,Veterinary care,-0.073161,36.3646232,POINT (36.3646232 -0.073161),NYANDARUA,Oljoroorok Sub County,Weru Ward,POINT (36.38637609009144 -0.1283267538607165)
569,Oasis Agrovet and Vet services,Agricultural service,-0.229261,36.2628858,POINT (36.2628858 -0.229261),NYANDARUA,Olkalou Sub County,Mirangine Ward,POINT (36.23951012827006 -0.1927386670635289)
570,Umoja Agrovet,Agrochemicals supplier,-0.2734375,36.3749375,POINT (36.3749375 -0.2734375),NYANDARUA,Olkalou Sub County,Karau Ward,POINT (36.33836429082202 -0.3201650790904106)
571,Makena Agrovet,Agrochemicals supplier,-0.425259,36.9544738,POINT (36.9544738 -0.425259),NYERI,Nyeri Central Sub County,Rware Ward,POINT (36.94890415351513 -0.4225772371684778)
573,JC AGROVET,Agricultural product wholesaler,-0.0394632,36.3292484,POINT (36.3292484 -0.0394632),NYANDARUA,Oljoroorok Sub County,Gathanji Ward,POINT (36.30053941850946 -0.0425979556572898)
574,PRIMER - Med AGROVET,Agricultural service,-0.3621703,36.2805321,POINT (36.2805321 -0.3621703),NYANDARUA,Olkalou Sub County,Kanjuiri range Ward,POINT (36.269209977032546 -0.3006223229153499)
575,Easter Tech Farm Inputs & Agrovet,Agrochemicals supplier,-0.3461369,35.9669932,POINT (35.9669932 -0.3461369),Nakuru,Njoro  Sub County,Njoro Ward,POINT (35.94458275060986 -0.3439991788871808)
576,FARMERS AGROVET,Veterinary care,-0.7407655,36.9666305,POINT (36.9666305 -0.7407655),Muranga,Kiharu Sub County,Murarandia Ward,POINT (36.92553028818445 -0.7337863976124624)
577,Platinum Farm Care Agrovet,Agrochemicals supplier,-0.7214101,37.1580127,POINT (37.1580127 -0.7214101),Muranga,Kiharu Sub County,Township Ward,POINT (37.149273895302905 -0.7254373738276697)
579,Farmpride Agrovet,Agrochemicals supplier,-0.4812095,37.1244514,POINT (37.1244514 -0.4812095),NYERI,Mathira East Sub County,Karatina town Ward,POINT (37.112098666395134 -0.4524106570740936)
580,Abardare Agrovet,Veterinary care,0.0357206,36.361536,POINT (36.361536 0.0357206),LAIKIPIA,Laikipia West Sub County,Igwamiti Ward,POINT (36.344894396248385 0.100131257872702)
582,MOHSON INPUTS AGROVET,Agrochemicals supplier,-0.2877426,36.0757136,POINT (36.0757136 -0.2877426),Nakuru,Nakuru East  Sub County,Biashara Ward,POINT (36.079098368868536 -0.2911210199412062)
583,TOTAL AGROVET,Veterinary care,-0.2774784,36.1716979,POINT (36.1716979 -0.2774784),Nakuru,Nakuru North  Sub County,Lanet/umoja Ward,POINT (36.177657971248145 -0.2945098135339987)
584,Jupiter Farmput Supplies,Agricultural service,-0.4811022,37.1261571,POINT (37.1261571 -0.4811022),NYERI,Mathira East Sub County,Karatina town Ward,POINT (37.112098666395134 -0.4524106570740936)
587,Northland Farmers Agrovet,Agrochemicals supplier,0.0114891,37.0752194,POINT (37.0752194 0.0114891),LAIKIPIA,Laikipia East Sub County,Nanyuki Ward,POINT (37.089579051717116 0.0226569259593235)
589,Stageview Agrovet,Agrochemicals supplier,-0.5609053,37.04651,POINT (37.04651 -0.5609053),NYERI,Mukurweini Sub County,Mukurwe-ini central Ward,POINT (37.10781328419289 -0.5682772148055564)
590,Farmers Link Agrovet,Agrochemicals supplier,-0.5048639,37.2796948,POINT (37.2796948 -0.5048639),KIRINYAGA,Kirinyaga Central Sub County,Kerugoya Ward,POINT (37.28449519958003 -0.4980842403617933)
591,Mwihoko Agrovet,Agricultural service,0.000141,37.0705035,POINT (37.0705035 0.000141),LAIKIPIA,Laikipia East Sub County,Thingithu Ward,POINT (37.02411590666781 0.0228979074323809)
592,New Downtown Agrovet- KRY BRANCH,General store,-0.5060832,37.2792951,POINT (37.2792951 -0.5060832),KIRINYAGA,Kirinyaga Central Sub County,Kerugoya Ward,POINT (37.28449519958003 -0.4980842403617933)
593,Kinamba Highway Agrovet,Veterinary pharmacy,-0.7232356,36.4726898,POINT (36.4726898 -0.7232356),Nakuru,Naivasha  Sub County,Viwandani Ward,POINT (36.40535272236173 -0.7365931741943736)
594,K K AGROVET,Animal feed store,-0.674552,37.0779478,POINT (37.0779478 -0.674552),Muranga,Mathioya Sub County,Gitugi Ward,POINT (37.001887243864196 -0.6556973692241373)
595,Grebe Enterprises Agrovet,Agrochemicals supplier,-0.2861545,36.0741373,POINT (36.0741373 -0.2861545),Nakuru,Nakuru East  Sub County,Biashara Ward,POINT (36.079098368868536 -0.2911210199412062)
596,Jupiter agrovet,Agricultural service,-0.480174,37.126516,POINT (37.126516 -0.480174),NYERI,Mathira East Sub County,Karatina town Ward,POINT (37.112098666395134 -0.4524106570740936)
597,RUKU-INI AGROVET,Agrochemicals supplier,-0.8301624,37.2318132,POINT (37.2318132 -0.8301624),Muranga,Muranga South Sub County,Kambiti Ward,POINT (37.21900982952796 -0.8097164681015706)
598,Greenfarm Agrovet Tuthu,Agricultural service,-0.6673701,36.8304668,POINT (36.8304668 -0.6673701),Muranga,Kangema Sub County,Rwathia Ward,POINT (36.87913501241619 -0.6609130060925739)
600,P.J Agrovet,Agricultural service,-0.2284102,36.1188677,POINT (36.1188677 -0.2284102),Nakuru,Nakuru North  Sub County,Kabatini Ward,POINT (36.15826124960941 -0.2091809126208286)
601,Spur Agrovet,Agrochemicals supplier,0.1292639,37.0299081,POINT (37.0299081 0.1292639),LAIKIPIA,Laikipia North Sub County,Segera Ward,POINT (36.88070675867516 0.2199299105250897)
602,Vintage Agrovet Veterinary And A.I,Veterinary care,-0.2696848,36.0343251,POINT (36.0343251 -0.2696848),Nakuru,Rongai  Sub County,Menengai West Ward,POINT (35.99841194394047 -0.207236225969769)
603,Rohi Agrovet,Veterinary care,-0.2824918,36.0748824,POINT (36.0748824 -0.2824918),Nakuru,Nakuru West  Sub County,London Ward,POINT (36.06259719942824 -0.2707639643187559)
604,Kkangema agricare agrovet,Agrochemicals supplier,-0.6844037,36.9614548,POINT (36.9614548 -0.6844037),Muranga,Kangema Sub County,Muguru Ward,POINT (37.01710800753577 -0.6876263633296096)
605,Nyandarua farmers agrovet,Agricultural product wholesaler,0.15,36.366667,POINT (36.366667 0.15),LAIKIPIA,Laikipia West Sub County,Marmanet Ward,POINT (36.37495465537911 0.263762344618404)
606,Marubi Agrovet,Agrochemicals supplier,-0.422492,36.9514353,POINT (36.9514353 -0.422492),NYERI,Nyeri Central Sub County,Rware Ward,POINT (36.94890415351513 -0.4225772371684778)
607,Prominent Agrovet,Agrochemicals supplier,-0.6207231,37.2583371,POINT (37.2583371 -0.6207231),KIRINYAGA,Kirinyaga West Sub County,Kiine Ward,POINT (37.204337756916445 -0.5563566018508073)
609,J.N. Agrovet Centre,Veterinary care,-0.4723532,36.5086232,POINT (36.5086232 -0.4723532),NYANDARUA,Kipipiri Sub County,Githioro Ward,POINT (36.46582913326885 -0.4958527215599916)
610,Alpha Agrovet,Veterinary care,-0.2855098,36.0759861,POINT (36.0759861 -0.2855098),Nakuru,Nakuru West  Sub County,London Ward,POINT (36.06259719942824 -0.2707639643187559)
612,Countryside Agrovet/farm Inputs And Vet Services,Agricultural service,-0.5404611,37.208487,POINT (37.208487 -0.5404611),KIRINYAGA,Kirinyaga West Sub County,Mukure Ward,POINT (37.21595801116442 -0.5113423629785221)
613,JK Agrovet,Agricultural product wholesaler,-0.3030447,36.0800818,POINT (36.0800818 -0.3030447),Nakuru,Nakuru East  Sub County,Flamingo Ward,POINT (36.07386210000332 -0.3066782293599167)
614,BEMWANGU AGROVET,Veterinary care,-0.7842939,36.8732302,POINT (36.8732302 -0.7842939),Muranga,Kigumo Sub County,Kangari Ward,POINT (36.7898612476781 -0.7375895272800741)
615,Animal Health Agrovet,Agrochemicals supplier,-0.3744021,35.9451804,POINT (35.9451804 -0.3744021),Nakuru,Njoro  Sub County,Njoro Ward,POINT (35.94458275060986 -0.3439991788871808)
616,Neema Agrovet,Veterinary care,0.0353009,36.3665531,POINT (36.3665531 0.0353009),LAIKIPIA,Laikipia West Sub County,Igwamiti Ward,POINT (36.344894396248385 0.100131257872702)
617,OL KALOU AGROVET SHOP,Veterinary care,-0.1092115,36.3373326,POINT (36.3373326 -0.1092115),NYANDARUA,Oljoroorok Sub County,Weru Ward,POINT (36.38637609009144 -0.1283267538607165)
618,Corner Agrovet,Agricultural service,-0.6058583,36.5769004,POINT (36.5769004 -0.6058583),NYANDARUA,Kinangop Sub County,Gathara Ward,POINT (36.62157452526101 -0.6220861143319679)
619,Afya Animal Feeds & Agrovet,Veterinary care,-0.2776198,36.1712634,POINT (36.1712634 -0.2776198),Nakuru,Nakuru North  Sub County,Lanet/umoja Ward,POINT (36.177657971248145 -0.2945098135339987)
620,MUGA AGROVET,Veterinary care,-0.558258,37.0525623,POINT (37.0525623 -0.558258),NYERI,Mukurweini Sub County,Mukurwe-ini central Ward,POINT (37.10781328419289 -0.5682772148055564)
621,Twinlock Agrovet,Veterinary care,-0.7330768,36.9286352,POINT (36.9286352 -0.7330768),Muranga,Kiharu Sub County,Murarandia Ward,POINT (36.92553028818445 -0.7337863976124624)
622,Chasi Agrovet,Veterinary care,-0.8501125,36.6079059,POINT (36.6079059 -0.8501125),Kiambu,Lari Sub County,Kinale Ward,POINT (36.65138229662692 -0.8781686087503061)
623,"Nicmah Agrovet, Naromoru",Agrochemicals supplier,-0.1718338,37.0216764,POINT (37.0216764 -0.1718338),NYERI,Kieni East Sub County,Naromoru/kiamathaga Ward,POINT (37.10111469553748 -0.1636787723710145)
624,Abardare Agrovets,Veterinary care,-0.4252015,36.9562035,POINT (36.9562035 -0.4252015),NYERI,Nyeri Central Sub County,Rware Ward,POINT (36.94890415351513 -0.4225772371684778)
626,Kangaro Agrovet,Agricultural service,-0.2833942,36.0735832,POINT (36.0735832 -0.2833942),Nakuru,Nakuru East  Sub County,Biashara Ward,POINT (36.079098368868536 -0.2911210199412062)
627,Rancivet Agrovet -Kaharati,Agricultural service,-0.8408524,37.1366463,POINT (37.1366463 -0.8408524),Muranga,Kigumo Sub County,Muthithi Ward,POINT (37.089070616432096 -0.8374251009129697)
629,NAKURU FARMERS AGROVET,Veterinary care,-0.2869536,36.0766624,POINT (36.0766624 -0.2869536),Nakuru,Nakuru West  Sub County,London Ward,POINT (36.06259719942824 -0.2707639643187559)
630,MWANGAZA AGROVET,Veterinary care,-0.2721901,36.3756143,POINT (36.3756143 -0.2721901),NYANDARUA,Olkalou Sub County,Karau Ward,POINT (36.33836429082202 -0.3201650790904106)
631,GRACE AGROVET,Veterinary care,-0.5197849,37.2970672,POINT (37.2970672 -0.5197849),KIRINYAGA,Kirinyaga Central Sub County,Kerugoya Ward,POINT (37.28449519958003 -0.4980842403617933)
632,Mzaliwa Agrovet,Veterinary care,-0.854245,36.6015667,POINT (36.6015667 -0.854245),Kiambu,Lari Sub County,Kinale Ward,POINT (36.65138229662692 -0.8781686087503061)
633,JOYERS FARMERS AGROVET,Veterinary care,-0.6334078,35.9959968,POINT (35.9959968 -0.6334078),Nakuru,Njoro  Sub County,Mau Narok Ward,POINT (35.98803213623134 -0.6212533660172447)
635,County Agrovet,Veterinary care,-0.7213627,37.1611616,POINT (37.1611616 -0.7213627),Muranga,Kiharu Sub County,Township Ward,POINT (37.149273895302905 -0.7254373738276697)
637,Famers Agro-vet,Agrochemicals supplier,-0.7944188,37.1301239,POINT (37.1301239 -0.7944188),Muranga,Muranga South Sub County,Ichagaki Ward,POINT (37.12178201054354 -0.8090431556497434)
638,Hope farm agrovet nanyuki,Agricultural service,0.0018551,37.074024,POINT (37.074024 0.0018551),NYERI,Kieni East Sub County,Gakawa Ward,POINT (37.09459756120993 -0.0842324296183947)
639,BARAKA AGROVET,Agrochemicals supplier,-0.5990599,36.8411747,POINT (36.8411747 -0.5990599),Muranga,Mathioya Sub County,Kiru Ward,POINT (36.80736728976927 -0.6330205681135442)
640,Topfarm Agrovet,Veterinary care,-0.4560083,35.9791921,POINT (35.9791921 -0.4560083),Nakuru,Njoro  Sub County,Kihingo Ward,POINT (36.022379509183885 -0.4708287376076012)
641,Mananja Agrovet,Veterinarian,-0.8404488,37.2686838,POINT (37.2686838 -0.8404488),Machakos,Masinga Sub County,Mananja Ward,POINT (37.30516892315228 -0.8672732723774808)
642,Isaac agrovet,Animal feed store,-0.4971183,36.9056268,POINT (36.9056268 -0.4971183),NYERI,Tetu Sub County,Wamagana Ward,POINT (36.91877402205306 -0.485685311902874)
643,Lanet Farm Care Enterprises,Agrochemicals supplier,-0.2742789,36.1752273,POINT (36.1752273 -0.2742789),Nakuru,Nakuru North  Sub County,Lanet/umoja Ward,POINT (36.177657971248145 -0.2945098135339987)
644,Avanna Agrovet,Agrochemicals supplier,-0.6042214,36.5735477,POINT (36.5735477 -0.6042214),NYANDARUA,Kinangop Sub County,Engineer Ward,POINT (36.558680664518484 -0.6353847259245926)
645,Agrovet Kahawa Hills,Veterinary care,-0.2860607,36.0745358,POINT (36.0745358 -0.2860607),Nakuru,Nakuru East  Sub County,Biashara Ward,POINT (36.079098368868536 -0.2911210199412062)
646,AJ Agrovet,Agricultural product wholesaler,-0.112194,36.4601524,POINT (36.4601524 -0.112194),NYANDARUA,Ndaragwa Sub County,Central Ward,POINT (36.542929797490025 -0.0709427571752948)
647,Kilimo Agrovet,Veterinary care,-0.2193623,36.160922,POINT (36.160922 -0.2193623),Nakuru,Nakuru North  Sub County,Kabatini Ward,POINT (36.15826124960941 -0.2091809126208286)
648,JOHN'S AGROVET,Veterinary care,-0.7125917,37.0358802,POINT (37.0358802 -0.7125917),Muranga,Kiharu Sub County,Wangu Ward,POINT (37.025214245529504 -0.7189053725305896)
649,MURIMI AGROVET,Veterinary care,-0.6217389,37.2577539,POINT (37.2577539 -0.6217389),KIRINYAGA,Kirinyaga West Sub County,Kiine Ward,POINT (37.204337756916445 -0.5563566018508073)
650,Greenland Agrovet,Veterinary care,-0.7172147,36.4363074,POINT (36.4363074 -0.7172147),Nakuru,Naivasha  Sub County,Viwandani Ward,POINT (36.40535272236173 -0.7365931741943736)
651,Gatundu Agrovet Centre,Veterinary care,-0.7449527,37.0545706,POINT (37.0545706 -0.7449527),Muranga,Kiharu Sub County,Mugoiri Ward,POINT (37.03429717608858 -0.7586904386451512)
652,Amani Agrovet,Veterinary care,-0.7096659,36.9912387,POINT (36.9912387 -0.7096659),Muranga,Kiharu Sub County,Wangu Ward,POINT (37.025214245529504 -0.7189053725305896)
653,Lanet Wega Agrovet,Agrochemicals supplier,-0.2813274,36.1620769,POINT (36.1620769 -0.2813274),Nakuru,Nakuru North  Sub County,Lanet/umoja Ward,POINT (36.177657971248145 -0.2945098135339987)
654,BOUNTFUL AGROVET,Veterinary care,-0.3981382,35.9613471,POINT (35.9613471 -0.3981382),Nakuru,Njoro  Sub County,Kihingo Ward,POINT (36.022379509183885 -0.4708287376076012)
655,Mrefu Agrovet,Agrochemicals supplier,-0.8301068,35.9978376,POINT (35.9978376 -0.8301068),Narok,Narok North Sub County,Melili Ward,POINT (36.03996317864896 -0.8682834199157672)
656,KELAMON AGROVET,Agrochemicals supplier,-0.5659369,36.4997615,POINT (36.4997615 -0.5659369),NYANDARUA,Kinangop Sub County,Murungaru Ward,POINT (36.529331828997975 -0.5225332142026006)
657,Mwendi Urimi Agrovet,Veterinary care,-0.5609106,37.0497317,POINT (37.0497317 -0.5609106),NYERI,Mukurweini Sub County,Mukurwe-ini central Ward,POINT (37.10781328419289 -0.5682772148055564)
658,Agrovet Centre,Veterinary care,-0.4335452,36.9657742,POINT (36.9657742 -0.4335452),NYERI,Nyeri Central Sub County,RURING'U / Karia Ward,POINT (36.960672928885046 -0.4530847469233535)
659,FARM WORLD AGROVET,Veterinary care,-0.2648745,36.1876768,POINT (36.1876768 -0.2648745),Nakuru,Nakuru North  Sub County,Dundori Ward,POINT (36.20090131341018 -0.245366690452566)
660,MAMUSH AGROVET,Veterinary care,-0.7233473,36.4726469,POINT (36.4726469 -0.7233473),Nakuru,Naivasha  Sub County,Viwandani Ward,POINT (36.40535272236173 -0.7365931741943736)
661,Nyandarua Farmers Agro-Vet.,Veterinary care,-0.4718217,36.5083955,POINT (36.5083955 -0.4718217),NYANDARUA,Kipipiri Sub County,Githioro Ward,POINT (36.46582913326885 -0.4958527215599916)
662,Winners Agrovet,Veterinary care,-0.4256201,36.9548615,POINT (36.9548615 -0.4256201),NYERI,Nyeri Central Sub County,Rware Ward,POINT (36.94890415351513 -0.4225772371684778)
663,Farmland Agrovet,Veterinary care,-0.7179858,36.4339048,POINT (36.4339048 -0.7179858),Nakuru,Naivasha  Sub County,Viwandani Ward,POINT (36.40535272236173 -0.7365931741943736)
664,Prime Agro-vet,Agrochemicals supplier,-0.2656309,36.1051448,POINT (36.1051448 -0.2656309),Nakuru,Nakuru North  Sub County,Kiamaina Ward,POINT (36.08833504026461 -0.2313726187464565)
665,Max's Agrovet,Agrochemicals supplier,-0.272699,36.3775152,POINT (36.3775152 -0.272699),NYANDARUA,Olkalou Sub County,Karau Ward,POINT (36.33836429082202 -0.3201650790904106)
666,NAIVASHA FARMERS CENTRE,Agrochemicals supplier,-0.7147032,36.4336053,POINT (36.4336053 -0.7147032),Nakuru,Naivasha  Sub County,Viwandani Ward,POINT (36.40535272236173 -0.7365931741943736)
667,Jamii Agrovet Farm Inputs & A.I Services,Veterinary care,-0.2431702,36.0069185,POINT (36.0069185 -0.2431702),Nakuru,Rongai  Sub County,Menengai West Ward,POINT (35.99841194394047 -0.207236225969769)
668,Sunrise Agrovet,Veterinary care,-0.2164253,36.1643637,POINT (36.1643637 -0.2164253),Nakuru,Nakuru North  Sub County,Kabatini Ward,POINT (36.15826124960941 -0.2091809126208286)
669,Nyeri Farmers Agrovet,Agrochemicals supplier,-0.4225406,36.9520479,POINT (36.9520479 -0.4225406),NYERI,Nyeri Central Sub County,Rware Ward,POINT (36.94890415351513 -0.4225772371684778)
670,Makena Agrovet,Agrochemicals supplier,-0.425259,36.9544738,POINT (36.9544738 -0.425259),NYERI,Nyeri Central Sub County,Rware Ward,POINT (36.94890415351513 -0.4225772371684778)
671,Sagada Agrovet Nyeri,Agrochemicals supplier,-0.4213735,36.9511863,POINT (36.9511863 -0.4213735),NYERI,Nyeri Central Sub County,Rware Ward,POINT (36.94890415351513 -0.4225772371684778)
672,JAMBO KENYA AGROVET LIMITED,Import export company,-0.4145624,36.9590797,POINT (36.9590797 -0.4145624),NYERI,Nyeri Central Sub County,Rware Ward,POINT (36.94890415351513 -0.4225772371684778)
673,Marubi Agrovet,Agrochemicals supplier,-0.422492,36.9514353,POINT (36.9514353 -0.422492),NYERI,Nyeri Central Sub County,Rware Ward,POINT (36.94890415351513 -0.4225772371684778)
674,Vetland Agrovet The Poultry Centre,Poultry store,-0.4219157,36.9517636,POINT (36.9517636 -0.4219157),NYERI,Nyeri Central Sub County,Rware Ward,POINT (36.94890415351513 -0.4225772371684778)
675,Endochem Agrovet,Farm equipment supplier,-0.4140734,36.9504038,POINT (36.9504038 -0.4140734),NYERI,Nyeri Central Sub County,Rware Ward,POINT (36.94890415351513 -0.4225772371684778)
676,Winners Agrovet,Veterinary care,-0.4256201,36.9548615,POINT (36.9548615 -0.4256201),NYERI,Nyeri Central Sub County,Rware Ward,POINT (36.94890415351513 -0.4225772371684778)
677,Abardare Agrovets,Veterinary care,-0.4252015,36.9562035,POINT (36.9562035 -0.4252015),NYERI,Nyeri Central Sub County,Rware Ward,POINT (36.94890415351513 -0.4225772371684778)
678,NEW TOP AGROVET,Agrochemicals supplier,-0.6207764,37.2590684,POINT (37.2590684 -0.6207764),KIRINYAGA,Kirinyaga North/Mwea West Sub County,Mutithi Ward,POINT (37.28014738576313 -0.6985932802234848)
679,UKULIMA AGROVET,Animal rescue service,-0.5050633,37.279705,POINT (37.279705 -0.5050633),KIRINYAGA,Kirinyaga Central Sub County,Kerugoya Ward,POINT (37.28449519958003 -0.4980842403617933)
680,New Downtown Agrovet- KRY BRANCH,General store,-0.5060832,37.2792951,POINT (37.2792951 -0.5060832),KIRINYAGA,Kirinyaga Central Sub County,Kerugoya Ward,POINT (37.28449519958003 -0.4980842403617933)
681,Lenana Agrovet,Agrochemicals supplier,-0.6431876,37.3885717,POINT (37.3885717 -0.6431876),KIRINYAGA,Kirinyaga South Sub County,Gathigiriri Ward,POINT (37.39181978325719 -0.6600447371528825)
682,Grand Agro-Vet Supplies,Agricultural service,-0.5382843,37.4538279,POINT (37.4538279 -0.5382843),EMBU,Manyatta  Sub County,Kirimari Ward,POINT (37.44794411156195 -0.5059675632065675)
683,Farmpride Agrovet,Agrochemicals supplier,-0.4812095,37.1244514,POINT (37.1244514 -0.4812095),NYERI,Mathira East Sub County,Karatina town Ward,POINT (37.112098666395134 -0.4524106570740936)
684,Farmers Link Agrovet,Agrochemicals supplier,-0.5048639,37.2796948,POINT (37.2796948 -0.5048639),KIRINYAGA,Kirinyaga Central Sub County,Kerugoya Ward,POINT (37.28449519958003 -0.4980842403617933)
685,Prominent Agrovet,Agrochemicals supplier,-0.6207231,37.2583371,POINT (37.2583371 -0.6207231),KIRINYAGA,Kirinyaga West Sub County,Kiine Ward,POINT (37.204337756916445 -0.5563566018508073)
686,Sun Culture Baraka Main Gate Agrovet,Veterinary care,-0.6179329,37.2600253,POINT (37.2600253 -0.6179329),KIRINYAGA,Kirinyaga West Sub County,Kiine Ward,POINT (37.204337756916445 -0.5563566018508073)
687,Platinum Farm Care Agrovet,Agrochemicals supplier,-0.7214101,37.1580127,POINT (37.1580127 -0.7214101),Muranga,Kiharu Sub County,Township Ward,POINT (37.149273895302905 -0.7254373738276697)
688,Ukuaji Agrovet Distributors Ltd,Animal feed store,-0.7251925,37.1615539,POINT (37.1615539 -0.7251925),Muranga,Kiharu Sub County,Township Ward,POINT (37.149273895302905 -0.7254373738276697)
689,Mananja Agrovet,Veterinary pharmacy,-0.796954,37.263603,POINT (37.263603 -0.796954),Machakos,Masinga Sub County,Mananja Ward,POINT (37.30516892315228 -0.8672732723774808)
690,Countryside Agrovet/farm Inputs And Vet Services,Agricultural service,-0.5404611,37.208487,POINT (37.208487 -0.5404611),KIRINYAGA,Kirinyaga West Sub County,Mukure Ward,POINT (37.21595801116442 -0.5113423629785221)
691,Kiandumo Mkulima Agrovet,Animal feed store,-0.438948,37.3823486,POINT (37.3823486 -0.438948),KIRINYAGA,Kirinyaga East Sub County,Ngariama Ward,POINT (37.39855185344731 -0.4455715810233524)
692,Farmers Agrovet,Agrochemicals supplier,-0.8316319,37.2316709,POINT (37.2316709 -0.8316319),Muranga,Muranga South Sub County,Kambiti Ward,POINT (37.21900982952796 -0.8097164681015706)
693,Jupiter Farmput Supplies,Agricultural service,-0.4811022,37.1261571,POINT (37.1261571 -0.4811022),NYERI,Mathira East Sub County,Karatina town Ward,POINT (37.112098666395134 -0.4524106570740936)
694,Kanyekine Agrovet,Veterinary care,-0.5762166,37.3275205,POINT (37.3275205 -0.5762166),KIRINYAGA,Kirinyaga South Sub County,Nyangati Ward,POINT (37.34814492600702 -0.5922576413671506)
695,PI MODERN AGROVET,Agricultural production,-0.7515444,37.3163899,POINT (37.3163899 -0.7515444),KIRINYAGA,Kirinyaga North/Mwea West Sub County,Mutithi Ward,POINT (37.28014738576313 -0.6985932802234848)
696,Farmers friend agrovet,Agrochemicals supplier,-0.4291273,37.4119368,POINT (37.4119368 -0.4291273),KIRINYAGA,Kirinyaga East Sub County,Ngariama Ward,POINT (37.39855185344731 -0.4455715810233524)
697,Soulmate Agrovet,Agrochemicals supplier,-0.5358256,37.4524452,POINT (37.4524452 -0.5358256),EMBU,Manyatta  Sub County,Kirimari Ward,POINT (37.44794411156195 -0.5059675632065675)
698,Oasis Agrovet & Veterinary Services,Veterinary care,-0.8719601,36.9107748,POINT (36.9107748 -0.8719601),Muranga,Gatanga Sub County,Kariara Ward,POINT (36.807785711737964 -0.8171632688787343)
699,Stageview Agrovet,Agrochemicals supplier,-0.5609053,37.04651,POINT (37.04651 -0.5609053),NYERI,Mukurweini Sub County,Mukurwe-ini central Ward,POINT (37.10781328419289 -0.5682772148055564)
700,Farmguard Agrovet,Veterinary care,-0.5477574,36.9455222,POINT (36.9455222 -0.5477574),NYERI,Nyeri South Sub County,Iria-ini Ward,POINT (36.8989506027828 -0.5513586605900334)
701,K K AGROVET,Animal feed store,-0.674552,37.0779478,POINT (37.0779478 -0.674552),Muranga,Mathioya Sub County,Gitugi Ward,POINT (37.001887243864196 -0.6556973692241373)
702,NJAUIMWE AGROVET KARURUMO,Agrochemicals supplier,-0.4695458,37.6548264,POINT (37.6548264 -0.4695458),EMBU,Runyenjes  Sub County,Kyeni south Ward,POINT (37.64816601451169 -0.4467456546020977)
704,Promise Agrovet Runyenjes,Agrochemicals supplier,-0.4228445,37.5693049,POINT (37.5693049 -0.4228445),EMBU,Runyenjes  Sub County,Central ward,POINT (37.57270007199027 -0.4352568303850141)
705,FARMERS AGROVET,Veterinary care,-0.7407655,36.9666305,POINT (36.9666305 -0.7407655),Muranga,Kiharu Sub County,Murarandia Ward,POINT (36.92553028818445 -0.7337863976124624)
707,Unique Cyber And Agrovet,Emergency veterinarian service,-0.845375,37.2689183,POINT (37.2689183 -0.845375),Machakos,Masinga Sub County,Mananja Ward,POINT (37.30516892315228 -0.8672732723774808)
708,Shiloh Agrovet,Agrochemicals supplier,-0.8825183,37.0834417,POINT (37.0834417 -0.8825183),Muranga,Kandara Sub County,Gaichanjiru Ward,POINT (37.04988932196692 -0.872181998332683)
709,GACHOCHO FARMERS AGROVET,Veterinary care,-0.7855416,36.9881432,POINT (36.9881432 -0.7855416),Muranga,Kigumo Sub County,Kinyona Ward,POINT (36.89133431568769 -0.7598137887708599)
710,Elika Agrovet,Veterinary care,-0.721573,37.1585425,POINT (37.1585425 -0.721573),Muranga,Kiharu Sub County,Township Ward,POINT (37.149273895302905 -0.7254373738276697)
711,Famers Agro-vet,Agrochemicals supplier,-0.7944188,37.1301239,POINT (37.1301239 -0.7944188),Muranga,Muranga South Sub County,Ichagaki Ward,POINT (37.12178201054354 -0.8090431556497434)
713,BETTER FARM AGROVET,Veterinary care,-0.6213182,37.2584529,POINT (37.2584529 -0.6213182),KIRINYAGA,Kirinyaga North/Mwea West Sub County,Mutithi Ward,POINT (37.28014738576313 -0.6985932802234848)
714,Rancivet Agrovet -Kaharati,Agricultural service,-0.8408524,37.1366463,POINT (37.1366463 -0.8408524),Muranga,Kigumo Sub County,Muthithi Ward,POINT (37.089070616432096 -0.8374251009129697)
715,GRACE AGROVET,Veterinary care,-0.5197849,37.2970672,POINT (37.2970672 -0.5197849),KIRINYAGA,Kirinyaga Central Sub County,Kerugoya Ward,POINT (37.28449519958003 -0.4980842403617933)
716,SOULMATE AGROVET,Veterinary care,-0.4972774,37.4584885,POINT (37.4584885 -0.4972774),EMBU,Manyatta  Sub County,Kirimari Ward,POINT (37.44794411156195 -0.5059675632065675)
717,RAESIKA AGROVET,Veterinary care,-0.7987349,36.9756308,POINT (36.9756308 -0.7987349),Muranga,Kigumo Sub County,Kigumo Ward,POINT (36.99060673332478 -0.8123634031852162)
718,Runyenjes Kilimo Bora Agrovet,Agricultural service,-0.4235149,37.5706824,POINT (37.5706824 -0.4235149),EMBU,Runyenjes  Sub County,Central ward,POINT (37.57270007199027 -0.4352568303850141)
719,Jupiter agrovet,Agricultural service,-0.480174,37.126516,POINT (37.126516 -0.480174),NYERI,Mathira East Sub County,Karatina town Ward,POINT (37.112098666395134 -0.4524106570740936)
721,Kilimo agrovet kutus,Agrochemicals supplier,-0.5661639,37.3255378,POINT (37.3255378 -0.5661639),KIRINYAGA,Kirinyaga South Sub County,Nyangati Ward,POINT (37.34814492600702 -0.5922576413671506)
722,MURIMI AGROVET,Veterinary care,-0.6217389,37.2577539,POINT (37.2577539 -0.6217389),KIRINYAGA,Kirinyaga West Sub County,Kiine Ward,POINT (37.204337756916445 -0.5563566018508073)
723,Britsol Agrovet,Agricultural service,-0.4711171,37.5575784,POINT (37.5575784 -0.4711171),EMBU,Runyenjes  Sub County,Kaagari South Ward,POINT (37.61310445210835 -0.4912084362891154)
724,BARAKA AGROVET,Agrochemicals supplier,-0.5990599,36.8411747,POINT (36.8411747 -0.5990599),Muranga,Mathioya Sub County,Kiru Ward,POINT (36.80736728976927 -0.6330205681135442)
725,Twinlock Agrovet,Veterinary care,-0.7330768,36.9286352,POINT (36.9286352 -0.7330768),Muranga,Kiharu Sub County,Murarandia Ward,POINT (36.92553028818445 -0.7337863976124624)
726,Alpha Agrovet & A.I Services,Veterinary care,-0.5661709,37.0780902,POINT (37.0780902 -0.5661709),NYERI,Mukurweini Sub County,Rugi Ward,POINT (37.11228451800874 -0.5985509036390296)
727,Sun Culture Agrovet,Veterinary care,-0.5799121,37.2996723,POINT (37.2996723 -0.5799121),KIRINYAGA,Kirinyaga Central Sub County,Kanyekini Ward,POINT (37.27718716195849 -0.5541980113584021)
728,Murimi mugi agrovet,Store,-0.4798688,37.6009665,POINT (37.6009665 -0.4798688),EMBU,Runyenjes  Sub County,Kaagari South Ward,POINT (37.61310445210835 -0.4912084362891154)
729,Jappas Agrovet,Veterinary care,-0.7210341,37.1606373,POINT (37.1606373 -0.7210341),Muranga,Kiharu Sub County,Township Ward,POINT (37.149273895302905 -0.7254373738276697)
730,RUKU-INI AGROVET,Agrochemicals supplier,-0.8301624,37.2318132,POINT (37.2318132 -0.8301624),Muranga,Muranga South Sub County,Kambiti Ward,POINT (37.21900982952796 -0.8097164681015706)
732,Wakulima Agrovet,Veterinary care,-0.7329326,36.9277197,POINT (36.9277197 -0.7329326),Muranga,Kiharu Sub County,Murarandia Ward,POINT (36.92553028818445 -0.7337863976124624)
733,Farmland Agrovet,Agrochemicals supplier,-0.5400065,37.3057243,POINT (37.3057243 -0.5400065),KIRINYAGA,Kirinyaga Central Sub County,Kanyekini Ward,POINT (37.27718716195849 -0.5541980113584021)
734,MUGA AGROVET,Veterinary care,-0.558258,37.0525623,POINT (37.0525623 -0.558258),NYERI,Mukurweini Sub County,Mukurwe-ini central Ward,POINT (37.10781328419289 -0.5682772148055564)
735,Emichar Agrovet,Veterinary care,-0.5640856,37.0513692,POINT (37.0513692 -0.5640856),NYERI,Mukurweini Sub County,Mukurwe-ini central Ward,POINT (37.10781328419289 -0.5682772148055564)
736,Rafiki Vet Center And Agrovet,Veterinary care,-0.5669731,37.3251706,POINT (37.3251706 -0.5669731),KIRINYAGA,Kirinyaga South Sub County,Nyangati Ward,POINT (37.34814492600702 -0.5922576413671506)
737,PEAK AGROVET,Veterinary care,-0.4716001,37.238819,POINT (37.238819 -0.4716001),KIRINYAGA,Kirinyaga Central Sub County,Mutira Ward,POINT (37.23379895920754 -0.4666004790311388)
738,Clega Agrovet,Veterinary care,-0.7715423,36.9186984,POINT (36.9186984 -0.7715423),Muranga,Kigumo Sub County,Kinyona Ward,POINT (36.89133431568769 -0.7598137887708599)
739,Greenfarm Agrovet Tuthu,Agricultural service,-0.6673701,36.8304668,POINT (36.8304668 -0.6673701),Muranga,Kangema Sub County,Rwathia Ward,POINT (36.87913501241619 -0.6609130060925739)
740,KILIMO AGROVET,Veterinary care,-0.8910821,37.041066,POINT (37.041066 -0.8910821),Muranga,Kandara Sub County,Kagundu-ini Ward,POINT (37.0713414856153 -0.9064292637087079)
741,BEMWANGU AGROVET,Veterinary care,-0.7842939,36.8732302,POINT (36.8732302 -0.7842939),Muranga,Kigumo Sub County,Kangari Ward,POINT (36.7898612476781 -0.7375895272800741)
742,Isaac agrovet,Animal feed store,-0.4971183,36.9056268,POINT (36.9056268 -0.4971183),NYERI,Tetu Sub County,Wamagana Ward,POINT (36.91877402205306 -0.485685311902874)
743,Agrovet,Veterinary care,-0.9053389,37.0593233,POINT (37.0593233 -0.9053389),Muranga,Kandara Sub County,Kagundu-ini Ward,POINT (37.0713414856153 -0.9064292637087079)
744,Kirwara Agro-vet,Animal feed store,-0.9294188,36.9426515,POINT (36.9426515 -0.9294188),Muranga,Gatanga Sub County,Gatanga Ward,POINT (36.92498473922396 -0.9137275310480958)
745,INDEX AGROVET,Agrochemicals supplier,-0.5990599,36.8411747,POINT (36.8411747 -0.5990599),Muranga,Mathioya Sub County,Kiru Ward,POINT (36.80736728976927 -0.6330205681135442)
746,Farmtech Agrovet and Noshi Gas Point,Agrochemicals supplier,-0.6858902,37.648048,POINT (37.648048 -0.6858902),EMBU,Mbeere South  Sub County,Mavuria Ward,POINT (37.687442040689454 -0.7352999096343124)
747,Marubi Agrovet,Agrochemicals supplier,-0.422492,36.9514353,POINT (36.9514353 -0.422492),NYERI,Nyeri Central Sub County,Rware Ward,POINT (36.94890415351513 -0.4225772371684778)
748,Corner Agrovet,Veterinary care,-0.7325068,37.1489524,POINT (37.1489524 -0.7325068),Muranga,Kiharu Sub County,Township Ward,POINT (37.149273895302905 -0.7254373738276697)
749,Gatundu Agrovet Centre,Veterinary care,-0.7449527,37.0545706,POINT (37.0545706 -0.7449527),Muranga,Kiharu Sub County,Mugoiri Ward,POINT (37.03429717608858 -0.7586904386451512)
750,Farm Link Enterprises Embu,Agrochemicals supplier,-0.5381877,37.4596825,POINT (37.4596825 -0.5381877),EMBU,Manyatta  Sub County,Mbeti north Ward,POINT (37.48916960043009 -0.5370166459605027)
751,Mugumo Agrovet,Veterinary care,-0.4341979,37.1530849,POINT (37.1530849 -0.4341979),NYERI,Mathira East Sub County,Iriaini Ward,POINT (37.16329185350152 -0.4614920288247695)
752,Tekagro Tekelezi Agrovet,Veterinary care,-0.5358142,37.4524331,POINT (37.4524331 -0.5358142),EMBU,Manyatta  Sub County,Kirimari Ward,POINT (37.44794411156195 -0.5059675632065675)
753,KIMS AGROVET,Veterinary care,-0.465724,37.7229387,POINT (37.7229387 -0.465724),EMBU,Mbeere North  Sub County,Evurore Ward,POINT (37.81355019922025 -0.4938869001745637)
754,Mananja Agrovet,Veterinarian,-0.8404488,37.2686838,POINT (37.2686838 -0.8404488),Machakos,Masinga Sub County,Mananja Ward,POINT (37.30516892315228 -0.8672732723774808)
755,Winners Agrovet,Veterinary care,-0.4256201,36.9548615,POINT (36.9548615 -0.4256201),NYERI,Nyeri Central Sub County,Rware Ward,POINT (36.94890415351513 -0.4225772371684778)
756,hamza kilimo agrovet,Agrochemicals supplier,-0.5734837,37.3252637,POINT (37.3252637 -0.5734837),KIRINYAGA,Kirinyaga South Sub County,Nyangati Ward,POINT (37.34814492600702 -0.5922576413671506)
757,Boresha Kilimo Agrovet-Kagumo,Veterinary care,-0.4792399,37.2375815,POINT (37.2375815 -0.4792399),KIRINYAGA,Kirinyaga Central Sub County,Mutira Ward,POINT (37.23379895920754 -0.4666004790311388)
758,MADAN AGROVET SUPPLIER KAGIO,Agrochemicals supplier,-0.6222323,37.2581482,POINT (37.2581482 -0.6222323),KIRINYAGA,Kirinyaga North/Mwea West Sub County,Mutithi Ward,POINT (37.28014738576313 -0.6985932802234848)
759,SAFEWAYS AGROVET,Veterinary care,-0.5642973,37.2642685,POINT (37.2642685 -0.5642973),KIRINYAGA,Kirinyaga Central Sub County,Kanyekini Ward,POINT (37.27718716195849 -0.5541980113584021)
760,Se Rimwa Agro-Vets,Veterinary care,-0.622786,37.2569379,POINT (37.2569379 -0.622786),KIRINYAGA,Kirinyaga West Sub County,Kiine Ward,POINT (37.204337756916445 -0.5563566018508073)
761,light farmers agrovet,Veterinary care,-0.6859008,37.359343,POINT (37.359343 -0.6859008),KIRINYAGA,Kirinyaga South Sub County,Tebere Ward,POINT (37.40114972172263 -0.6944447636202039)
762,MUBALIKI AGROVET,Veterinary care,-0.551818,37.482486,POINT (37.482486 -0.551818),EMBU,Manyatta  Sub County,Mbeti north Ward,POINT (37.48916960043009 -0.5370166459605027)
763,Central Agrovet,Veterinary care,-0.7567687,37.2816063,POINT (37.2816063 -0.7567687),KIRINYAGA,Kirinyaga North/Mwea West Sub County,Mutithi Ward,POINT (37.28014738576313 -0.6985932802234848)
764,Edimoly Agrovet,Veterinary care,-0.3972593,37.4771726,POINT (37.4771726 -0.3972593),EMBU,Manyatta  Sub County,Ruguru-Ngandori Ward,POINT (37.47289629747952 -0.4215892413685643)
765,HIGHWAY AGROVET,Veterinary care,-0.8258592,36.9082893,POINT (36.9082893 -0.8258592),Muranga,Kandara Sub County,Ruchu Ward,POINT (36.92145021798336 -0.8322376013501136)
766,Kilimo Imara Agrovet,Veterinary care,-0.7224218,37.1550827,POINT (37.1550827 -0.7224218),Muranga,Kiharu Sub County,Township Ward,POINT (37.149273895302905 -0.7254373738276697)
767,Majuu Agrovet,Veterinary care,-0.5901838,37.6137334,POINT (37.6137334 -0.5901838),EMBU,Mbeere North  Sub County,Nthawa Ward,POINT (37.62177510571964 -0.5698489961015369)
768,Marisub Agrovet A.I & Vet Services.,Veterinary care,-0.7883175,36.8971079,POINT (36.8971079 -0.7883175),Muranga,Kigumo Sub County,Kangari Ward,POINT (36.7898612476781 -0.7375895272800741)
769,Dawa Point Agrovet,Veterinary pharmacy,-0.3927223,36.9647985,POINT (36.9647985 -0.3927223),NYERI,Nyeri Central Sub County,Kiganjo/mathari Ward,POINT (36.96672225509391 -0.3967975143985376)
770,Bwana Shamba Agro-vet,Agrochemicals supplier,-0.5355349,37.4527867,POINT (37.4527867 -0.5355349),EMBU,Manyatta  Sub County,Kirimari Ward,POINT (37.44794411156195 -0.5059675632065675)
771,Dave Agrovet,Agrochemicals supplier,-0.535208,37.624778,POINT (37.624778 -0.535208),EMBU,Mbeere North  Sub County,Nthawa Ward,POINT (37.62177510571964 -0.5698489961015369)
772,Amani Agrovet,Veterinary care,-0.7096659,36.9912387,POINT (36.9912387 -0.7096659),Muranga,Kiharu Sub County,Wangu Ward,POINT (37.025214245529504 -0.7189053725305896)
773,MUGI AGROVET,Veterinary care,-0.4254198,36.9558235,POINT (36.9558235 -0.4254198),NYERI,Nyeri Central Sub County,Rware Ward,POINT (36.94890415351513 -0.4225772371684778)
774,Ngirigaca Agrovet,Veterinary care,-0.6525035,36.8976399,POINT (36.8976399 -0.6525035),Muranga,Kangema Sub County,Rwathia Ward,POINT (36.87913501241619 -0.6609130060925739)
775,KILIMO AGROVET,Veterinary care,-0.6625449,37.3295712,POINT (37.3295712 -0.6625449),KIRINYAGA,Kirinyaga North/Mwea West Sub County,Thiba Ward,POINT (37.329106688941124 -0.6782387290402264)
776,Abardare Agrovets,Veterinary care,-0.4252015,36.9562035,POINT (36.9562035 -0.4252015),NYERI,Nyeri Central Sub County,Rware Ward,POINT (36.94890415351513 -0.4225772371684778)
777,BARCA AGROVET,Veterinary care,-0.4696253,37.6535993,POINT (37.6535993 -0.4696253),EMBU,Runyenjes  Sub County,Kyeni south Ward,POINT (37.64816601451169 -0.4467456546020977)
778,Platinum Farm Care Agrovet,Agrochemicals supplier,-0.7214101,37.1580127,POINT (37.1580127 -0.7214101),Muranga,Kiharu Sub County,Township Ward,POINT (37.149273895302905 -0.7254373738276697)
779,Ukuaji Agrovet Distributors Ltd,Animal feed store,-0.7251925,37.1615539,POINT (37.1615539 -0.7251925),Muranga,Kiharu Sub County,Township Ward,POINT (37.149273895302905 -0.7254373738276697)
780,County Agrovet,Veterinary care,-0.7213627,37.1611616,POINT (37.1611616 -0.7213627),Muranga,Kiharu Sub County,Township Ward,POINT (37.149273895302905 -0.7254373738276697)
781,Njemu Agrovet,Agrochemicals supplier,-1.0579772,37.1119841,POINT (37.1119841 -1.0579772),Kiambu,Thika Town Sub County,Kamenu Ward,POINT (37.128248580372876 -1.076456998905699)
782,Wakulima Agrovet,Agrochemicals supplier,-1.035622,37.0754225,POINT (37.0754225 -1.035622),Kiambu,Thika Town Sub County,Thika Township Ward,POINT (37.03321891518594 -1.0305436795219383)
783,Chania Agrovet Ltd.,Agrochemicals supplier,-1.0350304,37.0758019,POINT (37.0758019 -1.0350304),Kiambu,Thika Town Sub County,Thika Township Ward,POINT (37.03321891518594 -1.0305436795219383)
784,Elika Agrovet,Veterinary care,-0.721573,37.1585425,POINT (37.1585425 -0.721573),Muranga,Kiharu Sub County,Township Ward,POINT (37.149273895302905 -0.7254373738276697)
785,Waki Agrovet,Agrochemicals supplier,-1.0385048,37.0783417,POINT (37.0783417 -1.0385048),Kiambu,Thika Town Sub County,Hospital Ward,POINT (37.11712166318586 -1.0492480490817253)
786,AGROVET,Veterinary care,-1.0570911,37.1121417,POINT (37.1121417 -1.0570911),Kiambu,Thika Town Sub County,Kamenu Ward,POINT (37.128248580372876 -1.076456998905699)
787,Farmers Agrovet,Agrochemicals supplier,-0.8316319,37.2316709,POINT (37.2316709 -0.8316319),Muranga,Muranga South Sub County,Kambiti Ward,POINT (37.21900982952796 -0.8097164681015706)
788,Farmers Point Agrovet Kwa Njeri.,Veterinarian,-0.9367801,36.9045521,POINT (36.9045521 -0.9367801),Kiambu,Gatundu North Sub County,Gituamba Ward,POINT (36.85003722885198 -0.9007897469632289)
789,Kilimo Agrovet,Agrochemicals supplier,-1.0577053,37.1107421,POINT (37.1107421 -1.0577053),Kiambu,Thika Town Sub County,Kamenu Ward,POINT (37.128248580372876 -1.076456998905699)
790,Corner Agrovet,Veterinary care,-0.7325068,37.1489524,POINT (37.1489524 -0.7325068),Muranga,Kiharu Sub County,Township Ward,POINT (37.149273895302905 -0.7254373738276697)
791,Githurai 45 Agrovet,Hay supplier,-1.2080962,36.9261452,POINT (36.9261452 -1.2080962),Kiambu,Ruiru Sub County,Kiuu Ward,POINT (36.93352098744769 -1.2090603087425664)
792,Petcare AgroVet Kabati,Agrochemicals supplier,-0.9510436,37.1060682,POINT (37.1060682 -0.9510436),Muranga,Kandara Sub County,Kagundu-ini Ward,POINT (37.0713414856153 -0.9064292637087079)
793,FARMER'S JOY AGROVET,Veterinary care,-0.8994064,37.0550943,POINT (37.0550943 -0.8994064),Muranga,Kandara Sub County,Kagundu-ini Ward,POINT (37.0713414856153 -0.9064292637087079)
794,Davetis Nature Farm Agrovet,Animal feed store,-1.1232298,37.0102549,POINT (37.0102549 -1.1232298),Kiambu,Juja Sub County,Kalimoni Ward,POINT (37.10082115823277 -1.148573307029111)
795,Oasis Agrovet & Veterinary Services,Veterinary care,-0.8719601,36.9107748,POINT (36.9107748 -0.8719601),Muranga,Gatanga Sub County,Kariara Ward,POINT (36.807785711737964 -0.8171632688787343)
796,Big vision agrovet,Animal feed store,-0.8710286,36.9103232,POINT (36.9103232 -0.8710286),Muranga,Gatanga Sub County,Kariara Ward,POINT (36.807785711737964 -0.8171632688787343)
797,Kilimo Imara Agrovet,Veterinary care,-0.7224218,37.1550827,POINT (37.1550827 -0.7224218),Muranga,Kiharu Sub County,Township Ward,POINT (37.149273895302905 -0.7254373738276697)
798,Felison Agrovet,Animal hospital,-1.173178,36.8313286,POINT (36.8313286 -1.173178),Kiambu,Kiambu Town Sub County,Kiambu Township Ward,POINT (36.843966458691526 -1.1890333639406165)
799,Gratia Poultry Farm & Agrovet,Agrochemicals supplier,-1.2051317,36.918073,POINT (36.918073 -1.2051317),Kiambu,Ruiru Sub County,Kiuu Ward,POINT (36.93352098744769 -1.2090603087425664)
800,Green Hill Agrovet,Agrochemicals supplier,-1.1477182,36.9540996,POINT (36.9540996 -1.1477182),Kiambu,Ruiru Sub County,Biashara Ward,POINT (36.94788868517335 -1.1552540981328228)
801,Bonnie Agrovet Shop,Agrochemicals supplier,-1.2134096,36.9049005,POINT (36.9049005 -1.2134096),Nairobi,Kasarani  Sub County,Clay City,POINT (36.91637398274468 -1.2224437542147597)
802,Rahisi Agrovet & Hardware,Hardware store,-1.1726851,36.758553,POINT (36.758553 -1.1726851),Kiambu,Kiambaa Sub County,Karuri Ward,POINT (36.752666144737454 -1.1729312482892666)
803,Greenland agrovet,Veterinarian,-1.1938186,36.7315839,POINT (36.7315839 -1.1938186),Kiambu,Kiambaa Sub County,Ndenderu Ward,POINT (36.74650037861791 -1.1984892987208597)
804,Geophy agrovet,Agrochemicals supplier,-1.1172749,36.9507518,POINT (36.9507518 -1.1172749),Kiambu,Juja Sub County,Murera Ward,POINT (36.93983554625123 -1.0959718106636855)
805,Kilimo Bora Agrovet,Veterinary care,-1.0886151,36.7375839,POINT (36.7375839 -1.0886151),Kiambu,Githunguri Sub County,Githiga Ward,POINT (36.7246527829941 -1.0761889675128684)
806,Wakulima Agrovet,Veterinary care,-1.205888,36.9185018,POINT (36.9185018 -1.205888),Kiambu,Ruiru Sub County,Mwiki Ward,POINT (36.92161543319148 -1.2126948080023345)
807,UNITY AGROVET NDENDERU,Agrochemicals supplier,-1.1942299,36.7463369,POINT (36.7463369 -1.1942299),Kiambu,Kiambaa Sub County,Ndenderu Ward,POINT (36.74650037861791 -1.1984892987208597)
808,Kasarani Agrovet online deliveries Nairobi,Animal feed store,-1.2170228,36.8953518,POINT (36.8953518 -1.2170228),Nairobi,Kasarani  Sub County,Kasarani Ward,POINT (36.89186338992849 -1.228744468926531)
809,Carefarm Agrovet ruaka,Veterinary pharmacy,-1.2064485,36.7845207,POINT (36.7845207 -1.2064485),Kiambu,Kiambaa Sub County,Ndenderu Ward,POINT (36.74650037861791 -1.1984892987208597)
810,HUDUMA AGROVET,Veterinary care,-1.1587116,36.8396352,POINT (36.8396352 -1.1587116),Kiambu,Kiambu Town Sub County,Riabai Ward,POINT (36.83742199518029 -1.1626607271594795)
811,Kamuka Agrovet,Animal feed store,-1.1829655,36.9002326,POINT (36.9002326 -1.1829655),Nairobi,Roysambu  Sub County,Kahawa West,POINT (36.91541490641398 -1.1771850753148885)
812,Nexus Agrovet and Veterinary Services,Agrochemicals supplier,-1.20617,36.9583438,POINT (36.9583438 -1.20617),Kiambu,Ruiru Sub County,Mwihoko Ward,POINT (36.98291210371311 -1.216519351900365)
813,El Neema Agrovet,Agrochemicals supplier,-1.2054095,36.9187711,POINT (36.9187711 -1.2054095),Kiambu,Ruiru Sub County,Kiuu Ward,POINT (36.93352098744769 -1.2090603087425664)
814,Jaymaish Pet shop & Agrovet Ruaka Runda,Pet store,-1.2082384,36.7874903,POINT (36.7874903 -1.2082384),Kiambu,Kiambaa Sub County,Ndenderu Ward,POINT (36.74650037861791 -1.1984892987208597)
815,Farm-Lind Agrovet,Veterinary care,-1.0819395,36.8587595,POINT (36.8587595 -1.0819395),Kiambu,Githunguri Sub County,Ngewa Ward,POINT (36.83870698088996 -1.0808690076530725)
816,JANAM AGROVET & VETERINARY SERVICES.,Veterinary pharmacy,-1.2210229,36.7141068,POINT (36.7141068 -1.2210229),Kiambu,Kabete Sub County,Kabete Ward,POINT (36.725152690873145 -1.2306053396852799)
817,Banana Hill Agrovet Suppliers,Veterinary care,-1.172839,36.7587911,POINT (36.7587911 -1.172839),Kiambu,Kiambaa Sub County,Karuri Ward,POINT (36.752666144737454 -1.1729312482892666)
818,Farmcare Agrovet Juja,Agrochemicals supplier,-1.1025381,37.0136449,POINT (37.0136449 -1.1025381),Kiambu,Juja Sub County,Juja Ward,POINT (36.98601633005588 -1.0768732463832376)
819,Wandu Agrovet,Veterinary care,-1.1473111,36.9583146,POINT (36.9583146 -1.1473111),Kiambu,Ruiru Sub County,Biashara Ward,POINT (36.94788868517335 -1.1552540981328228)
820,Wikare Agrovet & Allied Services,Agrochemicals supplier,-1.1601576,36.9410291,POINT (36.9410291 -1.1601576),Kiambu,Ruiru Sub County,Biashara Ward,POINT (36.94788868517335 -1.1552540981328228)
821,DIGITALAGROVET.KE,Veterinarian,-1.1960816,36.9315466,POINT (36.9315466 -1.1960816),Kiambu,Ruiru Sub County,Kahawa Wendani Ward,POINT (36.928264856368266 -1.1977037289068693)
824,Kimvet Agrovet,Veterinary care,-1.2042706,36.8332752,POINT (36.8332752 -1.2042706),Kiambu,Kiambu Town Sub County,Kiambu Township Ward,POINT (36.843966458691526 -1.1890333639406165)
825,Kenpol Agrovets,Agrochemicals supplier,-1.1688972,36.8262936,POINT (36.8262936 -1.1688972),Kiambu,Kiambu Town Sub County,Kiambu Township Ward,POINT (36.843966458691526 -1.1890333639406165)
826,Progressive Agrovet,Agrochemicals supplier,-1.2080624,36.9260373,POINT (36.9260373 -1.2080624),Kiambu,Ruiru Sub County,Kiuu Ward,POINT (36.93352098744769 -1.2090603087425664)
827,Mkulima Agrovet,Veterinarian,-1.1815265,36.7577409,POINT (36.7577409 -1.1815265),Kiambu,Kiambaa Sub County,Karuri Ward,POINT (36.752666144737454 -1.1729312482892666)
828,Juja Farm Agrovet,Agrochemicals supplier,-1.1061188,37.014942,POINT (37.014942 -1.1061188),Kiambu,Juja Sub County,Juja Ward,POINT (36.98601633005588 -1.0768732463832376)
829,Online Virtual Agrovet,Agricultural service,-1.1694016,36.9703341,POINT (36.9703341 -1.1694016),Kiambu,Ruiru Sub County,Gatongora Ward,POINT (37.05306191074979 -1.198784483976087)
830,Goodwish Agrovet,Veterinarian,-1.1618962,36.8219568,POINT (36.8219568 -1.1618962),Kiambu,Kiambu Town Sub County,Riabai Ward,POINT (36.83742199518029 -1.1626607271594795)
831,Mwiki Agrovet,Agrochemicals supplier,-1.2359729,36.9353572,POINT (36.9353572 -1.2359729),Nairobi,Kasarani  Sub County,Mwiki Ward,POINT (36.96028210384881 -1.235856836937653)
832,Njũnũ Agrovet,Animal feed store,-1.0903638,36.8643721,POINT (36.8643721 -1.0903638),Kiambu,Githunguri Sub County,Ngewa Ward,POINT (36.83870698088996 -1.0808690076530725)
833,Mgt Agrovet,Agricultural service,-1.0648408,37.1186552,POINT (37.1186552 -1.0648408),Kiambu,Thika Town Sub County,Kamenu Ward,POINT (37.128248580372876 -1.076456998905699)
835,Limuru Agrovet Supplies,Animal feed store,-1.110863,36.642875,POINT (36.642875 -1.110863),Kiambu,Limuru Sub County,Limuru Central Ward,POINT (36.62759741143995 -1.126816444577222)
836,Wambugoo Agrovet,Veterinary care,-1.2220887,36.7805707,POINT (36.7805707 -1.2220887),Kiambu,Kiambaa Sub County,Kihara Ward,POINT (36.767410517329715 -1.2165198648373743)
837,Jukran Agrovet,Veterinarian,-1.2202764,36.7132429,POINT (36.7132429 -1.2202764),Kiambu,Kabete Sub County,Kabete Ward,POINT (36.725152690873145 -1.2306053396852799)
838,P.G Agrovet,Agrochemicals supplier,-1.1653985,37.0877024,POINT (37.0877024 -1.1653985),Kiambu,Juja Sub County,Kalimoni Ward,POINT (37.10082115823277 -1.148573307029111)
839,Gatei Agrovet Kamwangi,Agricultural service,-0.9580035,36.8988105,POINT (36.8988105 -0.9580035),Kiambu,Gatundu North Sub County,Chania Ward,POINT (36.9270365691137 -0.9602597082767522)
840,Ibex Agrochem,Agrochemicals supplier,-1.1490616,36.9608697,POINT (36.9608697 -1.1490616),Kiambu,Ruiru Sub County,Biashara Ward,POINT (36.94788868517335 -1.1552540981328228)
841,VetnVet Agrovet Animal Health Consultancy,Veterinary care,-1.1495852,36.9496002,POINT (36.9496002 -1.1495852),Kiambu,Ruiru Sub County,Biashara Ward,POINT (36.94788868517335 -1.1552540981328228)
842,RAREMI AGROVET,Veterinary care,-1.1863834,36.9067229,POINT (36.9067229 -1.1863834),Nairobi,Roysambu  Sub County,Kahawa,POINT (36.90626171541014 -1.191511646330229)
843,Baraka Agrovet,Agrochemicals supplier,-1.0919091,36.8644312,POINT (36.8644312 -1.0919091),Kiambu,Githunguri Sub County,Ngewa Ward,POINT (36.83870698088996 -1.0808690076530725)
844,Redhill Agrovet,Veterinary care,-1.2192089,36.7655648,POINT (36.7655648 -1.2192089),Kiambu,Kiambaa Sub County,Kihara Ward,POINT (36.767410517329715 -1.2165198648373743)
847,Jappas Agrovet,Veterinary care,-0.7210341,37.1606373,POINT (37.1606373 -0.7210341),Muranga,Kiharu Sub County,Township Ward,POINT (37.149273895302905 -0.7254373738276697)
848,Agrovet,Veterinary care,-1.062527,36.7211343,POINT (36.7211343 -1.062527),Kiambu,Githunguri Sub County,Githiga Ward,POINT (36.7246527829941 -1.0761889675128684)
849,Bondeni Agrovet,Agrochemicals supplier,-1.160776,36.936727,POINT (36.936727 -1.160776),Kiambu,Ruiru Sub County,Biashara Ward,POINT (36.94788868517335 -1.1552540981328228)
851,Finance Agrovet & Animal Feeds,Agrochemicals supplier,-1.213932,36.9682482,POINT (36.9682482 -1.213932),Kiambu,Ruiru Sub County,Mwihoko Ward,POINT (36.98291210371311 -1.216519351900365)
853,Joyland Agrovet,Agrochemicals supplier,-1.1737973,36.7546926,POINT (36.7546926 -1.1737973),Kiambu,Kiambaa Sub County,Karuri Ward,POINT (36.752666144737454 -1.1729312482892666)
857,Victory Farmers Agrovet,Veterinary care,-1.0615509,37.173215,POINT (37.173215 -1.0615509),Kiambu,Thika Town Sub County,Gatuanyaga Ward,POINT (37.17949030904179 -1.0818345476756372)
858,Sepros Limited,Agrochemicals supplier,-1.1703818,36.8274098,POINT (36.8274098 -1.1703818),Kiambu,Kiambu Town Sub County,Kiambu Township Ward,POINT (36.843966458691526 -1.1890333639406165)
859,KIMBO FARMERS AGROVET,Veterinary care,-1.1378507,36.9814297,POINT (36.9814297 -1.1378507),Kiambu,Juja Sub County,Theta Ward,POINT (37.01573323940145 -1.1555248905940756)
860,Zero Grazers Agrovet Services,Veterinary care,-1.1868434,36.9091323,POINT (36.9091323 -1.1868434),Nairobi,Roysambu  Sub County,Kahawa,POINT (36.90626171541014 -1.191511646330229)
861,Sunrise Agro-Vet,Veterinary pharmacy,-1.1675447,36.9683983,POINT (36.9683983 -1.1675447),Kiambu,Ruiru Sub County,Gatongora Ward,POINT (37.05306191074979 -1.198784483976087)
863,Mkulima Animal Feeds & Agrovet,75H5+4VJ,-0.7221667,37.1596368,POINT (37.1596368 -0.7221667),Muranga,Kiharu Sub County,Township Ward,POINT (37.149273895302905 -0.7254373738276697)
864,Omagro Agrovet & Animal Feed,Agrochemicals supplier,-1.1126662,36.6424908,POINT (36.6424908 -1.1126662),Kiambu,Limuru Sub County,Limuru Central Ward,POINT (36.62759741143995 -1.126816444577222)
865,Farmers Trend Limited,Agricultural service,-1.1695342,36.9702305,POINT (36.9702305 -1.1695342),Kiambu,Ruiru Sub County,Gatongora Ward,POINT (37.05306191074979 -1.198784483976087)
866,Winners Agrovet,Veterinary care,-1.2490613,36.9430346,POINT (36.9430346 -1.2490613),Nairobi,Kasarani  Sub County,Njiru Ward,POINT (36.928852667104344 -1.2512638492561308)
867,Agrovet & Vet. Services,Veterinary care,-0.9072042,36.9408122,POINT (36.9408122 -0.9072042),Muranga,Gatanga Sub County,Kihumbu-ini Ward,POINT (36.97510329935594 -0.9222470597245955)
868,WAMBUGO AGROVET,Veterinary care,-1.197739,36.7554381,POINT (36.7554381 -1.197739),Kiambu,Kiambaa Sub County,Ndenderu Ward,POINT (36.74650037861791 -1.1984892987208597)
870,Day Old Chicks,Poultry farm,-1.2040129,36.9177928,POINT (36.9177928 -1.2040129),Kiambu,Ruiru Sub County,Kiuu Ward,POINT (36.93352098744769 -1.2090603087425664)
871,FARMERS AGROVET,Veterinary care,-0.7407655,36.9666305,POINT (36.9666305 -0.7407655),Muranga,Kiharu Sub County,Murarandia Ward,POINT (36.92553028818445 -0.7337863976124624)
872,FARMRIZE AGROVET & ANIMAL FEEDS,Veterinary care,-1.1763312,36.9811304,POINT (36.9811304 -1.1763312),Kiambu,Ruiru Sub County,Gatongora Ward,POINT (37.05306191074979 -1.198784483976087)
874,Ndumberi Agrovet,Agrochemicals supplier,-1.1514627,36.8049454,POINT (36.8049454 -1.1514627),Kiambu,Kiambu Town Sub County,Ndumberi Ward,POINT (36.801729218988235 -1.1612004262005005)
875,Manyaga Agrovet,Veterinary pharmacy,-1.14825,36.9604534,POINT (36.9604534 -1.14825),Kiambu,Ruiru Sub County,Biashara Ward,POINT (36.94788868517335 -1.1552540981328228)
876,Nk agrovet,Agrochemicals supplier,-1.0475827,36.8140687,POINT (36.8140687 -1.0475827),Kiambu,Githunguri Sub County,Ngewa Ward,POINT (36.83870698088996 -1.0808690076530725)
877,Pentagon Chemist and Agrovet Ruiru,Pharmacy,-1.147113,36.9594663,POINT (36.9594663 -1.147113),Kiambu,Ruiru Sub County,Biashara Ward,POINT (36.94788868517335 -1.1552540981328228)
878,Simvet Agrovet,Veterinary pharmacy,-0.8915524,37.0418362,POINT (37.0418362 -0.8915524),Muranga,Kandara Sub County,Kagundu-ini Ward,POINT (37.0713414856153 -0.9064292637087079)
879,Agrovet,Veterinary care,-0.9053389,37.0593233,POINT (37.0593233 -0.9053389),Muranga,Kandara Sub County,Kagundu-ini Ward,POINT (37.0713414856153 -0.9064292637087079)
880,Eschol AGROVET and Veterinary Services,Agrochemicals supplier,-1.1886483,36.6430378,POINT (36.6430378 -1.1886483),Kiambu,Kikuyu Sub County,Sigona Ward,POINT (36.637182088824225 -1.191357310974185)
881,Kabz Agrovet,Veterinarian,-0.9163671,36.9163335,POINT (36.9163335 -0.9163671),Muranga,Gatanga Sub County,Gatanga Ward,POINT (36.92498473922396 -0.9137275310480958)
882,Agrovet Animal Feeds,Veterinary care,-1.229665,36.6975391,POINT (36.6975391 -1.229665),Kiambu,Kabete Sub County,Gitaru,POINT (36.68969303833802 -1.2329204234240494)
883,Morning Dew Agrovet,Agrochemicals supplier,-1.1509471,36.8048759,POINT (36.8048759 -1.1509471),Kiambu,Kiambu Town Sub County,Ndumberi Ward,POINT (36.801729218988235 -1.1612004262005005)
885,Blessed Agrovet,Animal feed store,-1.0574302,36.7756129,POINT (36.7756129 -1.0574302),Kiambu,Githunguri Sub County,Githunguri Ward,POINT (36.78247743965826 -1.0661053490989247)
886,Kiganjo Farmers Agrovet,Veterinarian,-1.0712976,37.0925388,POINT (37.0925388 -1.0712976),Kiambu,Thika Town Sub County,Kamenu Ward,POINT (37.128248580372876 -1.076456998905699)
887,Limuru Dawa Agrovet,Agrochemicals supplier,-1.1090088,36.6417618,POINT (36.6417618 -1.1090088),Kiambu,Limuru Sub County,Limuru Central Ward,POINT (36.62759741143995 -1.126816444577222)
888,Rancivet Agrovet -Kaharati,Agricultural service,-0.8408524,37.1366463,POINT (37.1366463 -0.8408524),Muranga,Kigumo Sub County,Muthithi Ward,POINT (37.089070616432096 -0.8374251009129697)
889,Nguzo Agrovet Limited Nairobi,Agrochemicals supplier,-1.2880604,36.8294039,POINT (36.8294039 -1.2880604),Nairobi,Starehe  Sub County,Nairobi Central Ward,POINT (36.824809527717356 -1.2852558043391356)
890,AGROVET JAHRY'S,Veterinary care,-1.1512201,36.804819,POINT (36.804819 -1.1512201),Kiambu,Kiambu Town Sub County,Ndumberi Ward,POINT (36.801729218988235 -1.1612004262005005)
891,SkyVet Agrovet Ngecha,Agrochemicals supplier,-1.1696426,36.6674124,POINT (36.6674124 -1.1696426),Kiambu,Limuru Sub County,Ngecha Tigoni Ward,POINT (36.68525592438484 -1.1571096040624456)
893,RAMASAM Agrovet,Veterinary care,-1.1521837,36.9712137,POINT (36.9712137 -1.1521837),Kiambu,Ruiru Sub County,Gatongora Ward,POINT (37.05306191074979 -1.198784483976087)
894,Bidii Agrovet,Animal feed store,-1.0574423,36.7756108,POINT (36.7756108 -1.0574423),Kiambu,Githunguri Sub County,Githunguri Ward,POINT (36.78247743965826 -1.0661053490989247)
895,Janice agrovet,Veterinary pharmacy,-1.2026809,36.7700561,POINT (36.7700561 -1.2026809),Kiambu,Kiambaa Sub County,Ndenderu Ward,POINT (36.74650037861791 -1.1984892987208597)
896,Mananja Agrovet,Veterinary pharmacy,-0.796954,37.263603,POINT (37.263603 -0.796954),Machakos,Masinga Sub County,Mananja Ward,POINT (37.30516892315228 -0.8672732723774808)
897,Juana Agro-vet Supplies,Agrochemicals supplier,-1.147237,36.95966,POINT (36.95966 -1.147237),Kiambu,Ruiru Sub County,Biashara Ward,POINT (36.94788868517335 -1.1552540981328228)
898,Felison Agrovet,Animal hospital,-1.173178,36.8313286,POINT (36.8313286 -1.173178),Kiambu,Kiambu Town Sub County,Kiambu Township Ward,POINT (36.843966458691526 -1.1890333639406165)
899,Brilliance House Agrovet,Agricultural product wholesaler,-1.1710437,36.8280228,POINT (36.8280228 -1.1710437),Kiambu,Kiambu Town Sub County,Kiambu Township Ward,POINT (36.843966458691526 -1.1890333639406165)
900,Sunrise Agrovet Supplies,RRFC+7JW,-1.1767612,36.8215825,POINT (36.8215825 -1.1767612),Kiambu,Kiambu Town Sub County,Ndumberi Ward,POINT (36.801729218988235 -1.1612004262005005)
901,Sepros Limited,Agrochemicals supplier,-1.1703818,36.8274098,POINT (36.8274098 -1.1703818),Kiambu,Kiambu Town Sub County,Kiambu Township Ward,POINT (36.843966458691526 -1.1890333639406165)
902,Micmos Agrovet and Animal feeds,Animal feed store,-1.201234,36.8348476,POINT (36.8348476 -1.201234),Kiambu,Kiambu Town Sub County,Kiambu Township Ward,POINT (36.843966458691526 -1.1890333639406165)
903,Goodwish Agrovet,Veterinarian,-1.1618962,36.8219568,POINT (36.8219568 -1.1618962),Kiambu,Kiambu Town Sub County,Riabai Ward,POINT (36.83742199518029 -1.1626607271594795)
904,Kenpol Agrovets,Agrochemicals supplier,-1.1688972,36.8262936,POINT (36.8262936 -1.1688972),Kiambu,Kiambu Town Sub County,Kiambu Township Ward,POINT (36.843966458691526 -1.1890333639406165)
905,Growers bran agrovet,RRGG+PHG,-1.1731833,36.8264401,POINT (36.8264401 -1.1731833),Kiambu,Kiambu Town Sub County,Kiambu Township Ward,POINT (36.843966458691526 -1.1890333639406165)
906,Maclicks Agrovet,Stores and shopping,-1.1717963,36.8290163,POINT (36.8290163 -1.1717963),Kiambu,Kiambu Town Sub County,Kiambu Township Ward,POINT (36.843966458691526 -1.1890333639406165)
907,TWI HAMWE AGROVET,Agricultural service,-1.1971465,36.8368341,POINT (36.8368341 -1.1971465),Kiambu,Kiambu Town Sub County,Kiambu Township Ward,POINT (36.843966458691526 -1.1890333639406165)
908,Githurai 45 Agrovet,Hay supplier,-1.2080962,36.9261452,POINT (36.9261452 -1.2080962),Kiambu,Ruiru Sub County,Kiuu Ward,POINT (36.93352098744769 -1.2090603087425664)
909,Davetis Nature Farm Agrovet,Animal feed store,-1.1232298,37.0102549,POINT (37.0102549 -1.1232298),Kiambu,Juja Sub County,Kalimoni Ward,POINT (37.10082115823277 -1.148573307029111)
910,Sheqel Investments,Hardware store,-1.1696209,36.8268987,POINT (36.8268987 -1.1696209),Kiambu,Kiambu Town Sub County,Kiambu Township Ward,POINT (36.843966458691526 -1.1890333639406165)
911,Airtel Money Felison Agrovet,Money transfer service,-1.175111,36.830323,POINT (36.830323 -1.175111),Kiambu,Kiambu Town Sub County,Kiambu Township Ward,POINT (36.843966458691526 -1.1890333639406165)
912,Carefarm Agrovet ruaka square,Agricultural service,-1.206174,36.7819658,POINT (36.7819658 -1.206174),Kiambu,Kiambaa Sub County,Ndenderu Ward,POINT (36.74650037861791 -1.1984892987208597)
913,Limuru Agrovet Supplies,Animal feed store,-1.110863,36.642875,POINT (36.642875 -1.110863),Kiambu,Limuru Sub County,Limuru Central Ward,POINT (36.62759741143995 -1.126816444577222)
914,Waikiki Agrovet Supplies,Agrochemicals supplier,-1.1486989,36.9608933,POINT (36.9608933 -1.1486989),Kiambu,Ruiru Sub County,Biashara Ward,POINT (36.94788868517335 -1.1552540981328228)
915,Carefarm Agrovet ruaka,Veterinary pharmacy,-1.2064485,36.7845207,POINT (36.7845207 -1.2064485),Kiambu,Kiambaa Sub County,Ndenderu Ward,POINT (36.74650037861791 -1.1984892987208597)
916,Agro-Pests Solutions Agrovet (Githurai branch),Agrochemicals supplier,-1.2070373,36.9150568,POINT (36.9150568 -1.2070373),Kiambu,Ruiru Sub County,Mwiki Ward,POINT (36.92161543319148 -1.2126948080023345)
917,Jaymaish Pet shop & Agrovet Ruaka Runda,Pet store,-1.2082384,36.7874903,POINT (36.7874903 -1.2082384),Kiambu,Kiambaa Sub County,Ndenderu Ward,POINT (36.74650037861791 -1.1984892987208597)
918,Tatu City,Property Developer,-1.152466,36.90696,POINT (36.90696 -1.152466),Kiambu,Ruiru Sub County,Gitothua,POINT (36.913356599097646 -1.1315134112950676)
919,Kahawa West Agrovet Services,Animal feed store,-1.1835391,36.9004487,POINT (36.9004487 -1.1835391),Nairobi,Roysambu  Sub County,Kahawa,POINT (36.90626171541014 -1.191511646330229)
920,Gratia Poultry Farm & Agrovet,Agrochemicals supplier,-1.2051317,36.918073,POINT (36.918073 -1.2051317),Kiambu,Ruiru Sub County,Kiuu Ward,POINT (36.93352098744769 -1.2090603087425664)
922,Green Hill Agrovet,Agrochemicals supplier,-1.1477182,36.9540996,POINT (36.9540996 -1.1477182),Kiambu,Ruiru Sub County,Biashara Ward,POINT (36.94788868517335 -1.1552540981328228)
923,Fuga Enterprises Limited,Agricultural service,-1.2638185,36.7199874,POINT (36.7199874 -1.2638185),Kiambu,Kabete Sub County,Uthiru Ward,POINT (36.714064249472635 -1.2541059048443486)
924,Jukran Agrovet,Veterinarian,-1.2202764,36.7132429,POINT (36.7132429 -1.2202764),Kiambu,Kabete Sub County,Kabete Ward,POINT (36.725152690873145 -1.2306053396852799)
925,Kasarani Agrovet online deliveries Nairobi,Animal feed store,-1.2170228,36.8953518,POINT (36.8953518 -1.2170228),Nairobi,Kasarani  Sub County,Kasarani Ward,POINT (36.89186338992849 -1.228744468926531)
926,CAPITAL AGROVET,Veterinary pharmacy,-1.206288,36.9307328,POINT (36.9307328 -1.206288),Kiambu,Ruiru Sub County,Kiuu Ward,POINT (36.93352098744769 -1.2090603087425664)
927,Masimba Agrovet Ltd,Agrochemicals supplier,-1.2772066,36.9085091,POINT (36.9085091 -1.2772066),Nairobi,Embakasi Central Sub County,Kayole South Ward,POINT (36.913987817584676 -1.2778353677648795)
929,Kilimo Agrovet,Animal hospital,-1.110734,36.643132,POINT (36.643132 -1.110734),Kiambu,Limuru Sub County,Limuru Central Ward,POINT (36.62759741143995 -1.126816444577222)
930,AGROVET JAHRY'S,Veterinary care,-1.1512201,36.804819,POINT (36.804819 -1.1512201),Kiambu,Kiambu Town Sub County,Ndumberi Ward,POINT (36.801729218988235 -1.1612004262005005)
931,Farmcare Agrovet Juja,Agrochemicals supplier,-1.1025381,37.0136449,POINT (37.0136449 -1.1025381),Kiambu,Juja Sub County,Juja Ward,POINT (36.98601633005588 -1.0768732463832376)
932,Nexus Agrovet and Veterinary Services,Agrochemicals supplier,-1.20617,36.9583438,POINT (36.9583438 -1.20617),Kiambu,Ruiru Sub County,Mwihoko Ward,POINT (36.98291210371311 -1.216519351900365)
934,Kamuka Agrovet,Animal feed store,-1.1829655,36.9002326,POINT (36.9002326 -1.1829655),Nairobi,Roysambu  Sub County,Kahawa West,POINT (36.91541490641398 -1.1771850753148885)
935,UNITY AGROVET NDENDERU,Agrochemicals supplier,-1.1942299,36.7463369,POINT (36.7463369 -1.1942299),Kiambu,Kiambaa Sub County,Ndenderu Ward,POINT (36.74650037861791 -1.1984892987208597)
936,Nguzo Agrovet Limited Nairobi,Agrochemicals supplier,-1.2880604,36.8294039,POINT (36.8294039 -1.2880604),Nairobi,Starehe  Sub County,Nairobi Central Ward,POINT (36.824809527717356 -1.2852558043391356)
937,Guelph Enterprise Agrovet,Agricultural service,-1.281934,36.8262094,POINT (36.8262094 -1.281934),Nairobi,Starehe  Sub County,Nairobi Central Ward,POINT (36.824809527717356 -1.2852558043391356)
938,Smuka Vet Centre,Veterinarian,-1.1681555,36.8276046,POINT (36.8276046 -1.1681555),Kiambu,Kiambu Town Sub County,Kiambu Township Ward,POINT (36.843966458691526 -1.1890333639406165)
939,Elgon Kenya Ltd,Agrochemicals Supplier,-1.333013,36.865387,POINT (36.865387 -1.333013),Nairobi,Langata  Sub County,South C Ward,POINT (36.87642709617997 -1.3411940499031167)
941,Skylab Cropcare Limited/ Agrovet,Hardware store,-1.28563,36.830521,POINT (36.830521 -1.28563),Nairobi,Starehe  Sub County,Nairobi Central Ward,POINT (36.824809527717356 -1.2852558043391356)
942,Ministry Of Livestock Development,Veterinarian,-1.1735454,36.8325858,POINT (36.8325858 -1.1735454),Kiambu,Kiambu Town Sub County,Kiambu Township Ward,POINT (36.843966458691526 -1.1890333639406165)
943,Progressive Agrovet,Agrochemicals supplier,-1.2080624,36.9260373,POINT (36.9260373 -1.2080624),Kiambu,Ruiru Sub County,Kiuu Ward,POINT (36.93352098744769 -1.2090603087425664)
944,Ndumberi Agrovet,Agrochemicals supplier,-1.1514627,36.8049454,POINT (36.8049454 -1.1514627),Kiambu,Kiambu Town Sub County,Ndumberi Ward,POINT (36.801729218988235 -1.1612004262005005)
945,KUZA AGROVET,Agrochemicals supplier,-1.2880543,36.8293241,POINT (36.8293241 -1.2880543),Nairobi,Starehe  Sub County,Nairobi Central Ward,POINT (36.824809527717356 -1.2852558043391356)
946,Ciira Agrovet Supplies Limited,Agricultural service,-1.2807645,36.8244836,POINT (36.8244836 -1.2807645),Nairobi,Starehe  Sub County,Nairobi Central Ward,POINT (36.824809527717356 -1.2852558043391356)
947,Bondeni Agrovet,Animal feed store,-1.2059657,36.9196884,POINT (36.9196884 -1.2059657),Kiambu,Ruiru Sub County,Mwiki Ward,POINT (36.92161543319148 -1.2126948080023345)
948,Jumbo Agrovet Limited,Agrochemicals supplier,-1.2885866,36.8284003,POINT (36.8284003 -1.2885866),Nairobi,Starehe  Sub County,Nairobi Central Ward,POINT (36.824809527717356 -1.2852558043391356)
949,Mifugo Agrovet centre,Agrochemicals supplier,-1.2882678,36.828985,POINT (36.828985 -1.2882678),Nairobi,Starehe  Sub County,Nairobi Central Ward,POINT (36.824809527717356 -1.2852558043391356)
950,Wibiliv Wakulima Mashinani Agrovet,Agricultural service,-1.2866874,36.8275651,POINT (36.8275651 -1.2866874),Nairobi,Starehe  Sub County,Nairobi Central Ward,POINT (36.824809527717356 -1.2852558043391356)
951,Sunrise Agro-Vet,Veterinary pharmacy,-1.1675447,36.9683983,POINT (36.9683983 -1.1675447),Kiambu,Ruiru Sub County,Gatongora Ward,POINT (37.05306191074979 -1.198784483976087)
952,Thome Agrovet & Animal Feeds,Veterinary care,-1.2111124,36.875128,POINT (36.875128 -1.2111124),Nairobi,Roysambu  Sub County,Roysambu Ward,POINT (36.862871637135356 -1.225884293987824)
953,Arise And Shine Agrovet,Fertilizer supplier,-1.2884592,36.8302991,POINT (36.8302991 -1.2884592),Nairobi,Starehe  Sub County,Nairobi Central Ward,POINT (36.824809527717356 -1.2852558043391356)
954,Mwiki Agrovet,Agrochemicals supplier,-1.2359729,36.9353572,POINT (36.9353572 -1.2359729),Nairobi,Kasarani  Sub County,Mwiki Ward,POINT (36.96028210384881 -1.235856836937653)
955,Morning Dew Agrovet,Agrochemicals supplier,-1.1509471,36.8048759,POINT (36.8048759 -1.1509471),Kiambu,Kiambu Town Sub County,Ndumberi Ward,POINT (36.801729218988235 -1.1612004262005005)
956,Wikare Agrovet & Allied Services,Agrochemicals supplier,-1.1601576,36.9410291,POINT (36.9410291 -1.1601576),Kiambu,Ruiru Sub County,Biashara Ward,POINT (36.94788868517335 -1.1552540981328228)
957,GOOD HEARTS AGROVET,Agricultural service,-1.2882382,36.8285738,POINT (36.8285738 -1.2882382),Nairobi,Starehe  Sub County,Nairobi Central Ward,POINT (36.824809527717356 -1.2852558043391356)
958,Geophy agrovet,Agrochemicals supplier,-1.1172749,36.9507518,POINT (36.9507518 -1.1172749),Kiambu,Juja Sub County,Murera Ward,POINT (36.93983554625123 -1.0959718106636855)
959,BILA-KUPE AGROVET,Store,1.0964047,36.698547,POINT (36.698547 1.0964047),SAMBURU,Samburu Central Sub County,Maralal Ward,POINT (36.71175890417044 1.1126268168507594)
960,Blue Valley Agrovet,Agrochemicals supplier,0.2695558,37.5495593,POINT (37.5495593 0.2695558),MERU,Buuri Sub County,Kiirua Naari Ward,POINT (37.56428668038381 0.1625087886021226)
961,Professional Agrovet Isiolo,Veterinary care,0.3473847,37.5829348,POINT (37.5829348 0.3473847),ISIOLO,Isiolo Sub County,WABERA,POINT (37.592585128315456 0.3588665895337402)
962,Masimba Agrovet Ltd,Agrochemicals supplier,-1.2772066,36.9085091,POINT (36.9085091 -1.2772066),Nairobi,Embakasi Central Sub County,Kayole South Ward,POINT (36.913987817584676 -1.2778353677648795)
963,Green Acre Agrovets,Agricultural service,0.0353301,36.3660336,POINT (36.3660336 0.0353301),LAIKIPIA,Laikipia West Sub County,Igwamiti Ward,POINT (36.344894396248385 0.100131257872702)
964,Skylab Cropcare Limited/ Agrovet,Hardware store,-1.28563,36.830521,POINT (36.830521 -1.28563),Nairobi,Starehe  Sub County,Nairobi Central Ward,POINT (36.824809527717356 -1.2852558043391356)
965,Jumbo Agrovet Limited,Agrochemicals supplier,-1.2885866,36.8284003,POINT (36.8284003 -1.2885866),Nairobi,Starehe  Sub County,Nairobi Central Ward,POINT (36.824809527717356 -1.2852558043391356)
966,Arise And Shine Agrovet,Fertilizer supplier,-1.2884592,36.8302991,POINT (36.8302991 -1.2884592),Nairobi,Starehe  Sub County,Nairobi Central Ward,POINT (36.824809527717356 -1.2852558043391356)
967,Nguzo Agrovet Limited Nairobi,Agrochemicals supplier,-1.2880604,36.8294039,POINT (36.8294039 -1.2880604),Nairobi,Starehe  Sub County,Nairobi Central Ward,POINT (36.824809527717356 -1.2852558043391356)
968,Ciira Agrovet Supplies Limited,Agricultural service,-1.2807645,36.8244836,POINT (36.8244836 -1.2807645),Nairobi,Starehe  Sub County,Nairobi Central Ward,POINT (36.824809527717356 -1.2852558043391356)
969,Serian Agrovet Ltd,Animal feed store,-1.4302599,36.6862798,POINT (36.6862798 -1.4302599),KAJIADO,Kajiado West Sub County,Keekonyokie Ward,POINT (36.534469979822724 -1.578802086673363)
970,Kesa Agrovet Services,Veterinary care,0.2172197,37.5266837,POINT (37.5266837 0.2172197),MERU,Buuri Sub County,Kiirua Naari Ward,POINT (37.56428668038381 0.1625087886021226)
971,Isiolo Oasis Agrovet,Drug store,0.3505635,37.5822424,POINT (37.5822424 0.3505635),ISIOLO,Isiolo Sub County,BULA PESA,POINT (37.56849266332314 0.3404025976198542)
972,Kilimo Sasa Agrovet,Agricultural service,0.1201088,37.5595706,POINT (37.5595706 0.1201088),MERU,Buuri Sub County,Kiirua Naari Ward,POINT (37.56428668038381 0.1625087886021226)
973,Agrovet,Veterinary care,-1.062527,36.7211343,POINT (36.7211343 -1.062527),Kiambu,Githunguri Sub County,Githiga Ward,POINT (36.7246527829941 -1.0761889675128684)
974,Mapema Agrovet,Animal feed store,0.0514721,37.6456042,POINT (37.6456042 0.0514721),MERU,Imenti North Sub County,Municipality Ward,POINT (37.63976542919719 0.0569491889530122)
975,Menengai Agrovet & Veterinary Services,Animal feed store,-0.2840854,36.073468,POINT (36.073468 -0.2840854),Nakuru,Nakuru East  Sub County,Biashara Ward,POINT (36.079098368868536 -0.2911210199412062)
976,Kahawa West Agrovet Services,Animal feed store,-1.1835391,36.9004487,POINT (36.9004487 -1.1835391),Nairobi,Roysambu  Sub County,Kahawa,POINT (36.90626171541014 -1.191511646330229)
977,Farmland Agrovet,Veterinary care,0.268953,37.5493551,POINT (37.5493551 0.268953),MERU,Buuri Sub County,Kiirua Naari Ward,POINT (37.56428668038381 0.1625087886021226)
978,Simvet Agrovet,Veterinary pharmacy,-0.8915524,37.0418362,POINT (37.0418362 -0.8915524),Muranga,Kandara Sub County,Kagundu-ini Ward,POINT (37.0713414856153 -0.9064292637087079)
979,FARMERS AGROVET,Veterinary care,-0.7407655,36.9666305,POINT (36.9666305 -0.7407655),Muranga,Kiharu Sub County,Murarandia Ward,POINT (36.92553028818445 -0.7337863976124624)
981,Online Virtual Agrovet,Agricultural service,-1.1694016,36.9703341,POINT (36.9703341 -1.1694016),Kiambu,Ruiru Sub County,Gatongora Ward,POINT (37.05306191074979 -1.198784483976087)
983,Blessed Agrovet,Animal feed store,-1.0574302,36.7756129,POINT (36.7756129 -1.0574302),Kiambu,Githunguri Sub County,Githunguri Ward,POINT (36.78247743965826 -1.0661053490989247)
984,Digital Farmers inputs,Farm shop,0.034587,36.3617626,POINT (36.3617626 0.034587),LAIKIPIA,Laikipia West Sub County,Igwamiti Ward,POINT (36.344894396248385 0.100131257872702)
985,Tulwet Farmers Agrovet Limited,Agrochemicals supplier,-0.298346,35.2697802,POINT (35.2697802 -0.298346),KERICHO,Ainamoi Sub County,Ainamoi Ward,POINT (35.27855686799008 -0.271245516268031)
986,Northland Farmers Agrovet,Agrochemicals supplier,0.0114891,37.0752194,POINT (37.0752194 0.0114891),LAIKIPIA,Laikipia East Sub County,Nanyuki Ward,POINT (37.089579051717116 0.0226569259593235)
987,Country Focus Agrovets,Veterinary care,0.0356743,36.3657216,POINT (36.3657216 0.0356743),LAIKIPIA,Laikipia West Sub County,Igwamiti Ward,POINT (36.344894396248385 0.100131257872702)
988,Hope farm agrovet nanyuki,Agricultural service,0.0018551,37.074024,POINT (37.074024 0.0018551),NYERI,Kieni East Sub County,Gakawa Ward,POINT (37.09459756120993 -0.0842324296183947)
989,HOPE AGROVET,Veterinary care,0.0092238,37.0741,POINT (37.0741 0.0092238),LAIKIPIA,Laikipia East Sub County,Nanyuki Ward,POINT (37.089579051717116 0.0226569259593235)
990,Shrine Mobile Agrovet,Agrochemicals supplier,0.2791705,36.3162576,POINT (36.3162576 0.2791705),LAIKIPIA,Laikipia West Sub County,Marmanet Ward,POINT (36.37495465537911 0.263762344618404)
992,Lukenya Agrovet Supplies Ltd,Agricultural service,-1.4354939,36.9729539,POINT (36.9729539 -1.4354939),Machakos,Athi River Sub County,Mathatani Ward,POINT (37.078558576313995 -1.3615165551391075)
993,Lukenya Agro - Vet Supplies Ltd,Animals,-1.4741356,36.9586956,POINT (36.9586956 -1.4741356),KAJIADO,Kajiado East Sub County,Oloosirkon/sholinke Ward,POINT (36.83545259390289 -1.4724753045722156)
994,Grebe Enterprises Agrovet,Agrochemicals supplier,-0.2861545,36.0741373,POINT (36.0741373 -0.2861545),Nakuru,Nakuru East  Sub County,Biashara Ward,POINT (36.079098368868536 -0.2911210199412062)
995,Spur Agrovet,Agrochemicals supplier,0.1292639,37.0299081,POINT (37.0299081 0.1292639),LAIKIPIA,Laikipia North Sub County,Segera Ward,POINT (36.88070675867516 0.2199299105250897)
996,Mwihoko Agrovet,Agricultural service,0.000141,37.0705035,POINT (37.0705035 0.000141),LAIKIPIA,Laikipia East Sub County,Thingithu Ward,POINT (37.02411590666781 0.0228979074323809)
998,Stairbase Agrovet Store,Veterinary care,0.0345227,36.3618386,POINT (36.3618386 0.0345227),LAIKIPIA,Laikipia West Sub County,Igwamiti Ward,POINT (36.344894396248385 0.100131257872702)
999,Kenagro Suppliers Ltd,Agrochemicals supplier,-1.1877363,36.9986322,POINT (36.9986322 -1.1877363),Kiambu,Ruiru Sub County,Gatongora Ward,POINT (37.05306191074979 -1.198784483976087)
1000,CKL Africa Ltd.,Animal feed store,-1.151962,36.9106504,POINT (36.9106504 -1.151962),Kiambu,Ruiru Sub County,Gitothua,POINT (36.913356599097646 -1.1315134112950676)
1001,KILIMO AGROVET,Veterinary care,-0.8910821,37.041066,POINT (37.041066 -0.8910821),Muranga,Kandara Sub County,Kagundu-ini Ward,POINT (37.0713414856153 -0.9064292637087079)
1002,Co-op Kwa Jirani Susan Maikuma Nasimiyu T/ A Star Agrovet,Bank,0.37,37.57,POINT (37.57 0.37),ISIOLO,Isiolo Sub County,BURAT,POINT (37.47735997489879 0.4352109584752866)
1003,The Orchid Agrovet,Agrochemicals supplier,0.0454398,37.657312,POINT (37.657312 0.0454398),MERU,Imenti North Sub County,Ntima east Ward,POINT (37.67184017488297 0.0351437522669506)
1004,Uwezo Agrovet,Agrochemicals supplier,-0.7157466,36.432379,POINT (36.432379 -0.7157466),Nakuru,Naivasha  Sub County,Viwandani Ward,POINT (36.40535272236173 -0.7365931741943736)
1005,Lenana Agrovet-Kitengela,Arborist service,-1.451789,36.978099,POINT (36.978099 -1.451789),Machakos,Athi River Sub County,Athi River Ward,POINT (36.94935392531766 -1.4627544136678376)
1006,Farmers Trend Limited,Agricultural service,-1.1695342,36.9702305,POINT (36.9702305 -1.1695342),Kiambu,Ruiru Sub County,Gatongora Ward,POINT (37.05306191074979 -1.198784483976087)
1007,Jagra Agrovet,Hay supplier,-1.4182773,36.7126677,POINT (36.7126677 -1.4182773),KAJIADO,Kajiado North Sub County,Olkeri Ward,POINT (36.69052250404085 -1.3987464240048053)
1008,KABOY AGROVET,Veterinary care,0.1296842,37.719974,POINT (37.719974 0.1296842),MERU,Tigania West Sub County,Nkomo Ward,POINT (37.742248042556376 0.1250841932846706)
1009,EMUKA AGROVET & VETERINARY SERVICES,Veterinary care,0.0528374,37.169597,POINT (37.169597 0.0528374),MERU,Buuri Sub County,Timau Ward,POINT (37.1915683299666 0.0228124658367306)
1010,MOUNT KENYA AGROVET,Veterinary care,0.1229627,37.5628437,POINT (37.5628437 0.1229627),MERU,Buuri Sub County,Kiirua Naari Ward,POINT (37.56428668038381 0.1625087886021226)
1011,Isaac agrovet,Animal feed store,-0.4971183,36.9056268,POINT (36.9056268 -0.4971183),NYERI,Tetu Sub County,Wamagana Ward,POINT (36.91877402205306 -0.485685311902874)
1012,AGROVET,Veterinary pharmacy,-0.6061398,35.3607597,POINT (35.3607597 -0.6061398),Bomet,Konoin Sub County,Embomos Ward,POINT (35.36196185558699 -0.6030683127624328)
1014,Abardare Agrovet,Veterinary care,0.0357206,36.361536,POINT (36.361536 0.0357206),LAIKIPIA,Laikipia West Sub County,Igwamiti Ward,POINT (36.344894396248385 0.100131257872702)
1015,Ruiri Farmers Centre,Veterinary pharmacy,0.1544426,37.6577979,POINT (37.6577979 0.1544426),MERU,Buuri Sub County,Ruiru Rwawera Ward,POINT (37.604486073332595 0.2079002205096528)
1016,Nyandarua farmers agrovet,Agricultural product wholesaler,0.15,36.366667,POINT (36.366667 0.15),LAIKIPIA,Laikipia West Sub County,Marmanet Ward,POINT (36.37495465537911 0.263762344618404)
1017,Kianjai Agrovet,Agricultural service,0.1622565,37.7469981,POINT (37.7469981 0.1622565),MERU,Tigania West Sub County,Kianjai Ward,POINT (37.69076303860212 0.2005562827793936)
1018,Boston Agrovet,Agrochemicals supplier,0.0588125,37.6431875,POINT (37.6431875 0.0588125),MERU,Imenti North Sub County,Municipality Ward,POINT (37.63976542919719 0.0569491889530122)
1019,Nosidan Agrovet,Business administration service,0.017124,37.075263,POINT (37.075263 0.017124),LAIKIPIA,Laikipia East Sub County,Nanyuki Ward,POINT (37.089579051717116 0.0226569259593235)
1020,LOUISIANA AGROVET,Veterinary pharmacy,0.0250826,36.4076431,POINT (36.4076431 0.0250826),NYANDARUA,Ndaragwa Sub County,Kiritta Ward,POINT (36.44160459555525 0.0024618531795008)
1021,Meru Farmers Agrovet Suppliers,Pet store,0.0457407,37.6567587,POINT (37.6567587 0.0457407),MERU,Imenti North Sub County,Ntima east Ward,POINT (37.67184017488297 0.0351437522669506)
1022,FARMCARE AGROVET KWA MUTEMBEI SAITOTI,Veterinary care,0.2325853,37.9413741,POINT (37.9413741 0.2325853),MERU,Igembe South Sub County,Maua Ward,POINT (37.94854556459812 0.2412460084294319)
1023,KILIMO AGROVET,Veterinary care,0.0143377,36.491275,POINT (36.491275 0.0143377),NYANDARUA,Ndaragwa Sub County,Leshau/pondo Ward,POINT (36.48575294920834 0.0563300452967666)
1024,RAMASAM Agrovet,Veterinary care,-1.1521837,36.9712137,POINT (36.9712137 -1.1521837),Kiambu,Ruiru Sub County,Gatongora Ward,POINT (37.05306191074979 -1.198784483976087)
1026,Best Agrovet Store,Veterinary care,-0.1878536,37.7019253,POINT (37.7019253 -0.1878536),MERU,Imenti South Sub County,Igoji east Ward,POINT (37.699312859833285 -0.1762336929779187)
1028,Telestai Agrovet,Agrochemicals supplier,0.011491,37.6024515,POINT (37.6024515 0.011491),MERU,Imenti Central Sub County,Abothuguchi west Ward,POINT (37.46867648051586 -0.016807699507928)
1029,STARFARM AGROVET,Veterinary care,-1.0041036,35.6632715,POINT (35.6632715 -1.0041036),Narok,Narok South Sub County,Ololulung'a Ward,POINT (35.6586471361133 -0.9536029228987586)
1030,Farmcare agrovet kiutine,Agrochemicals supplier,0.2959965,38.0591703,POINT (38.0591703 0.2959965),MERU,Igembe Central Sub County,Athiru ruujine Ward,POINT (38.184019533221225 0.1216443655613292)
1031,RIMA AGROVET,Agrochemicals supplier,0.5378672,36.4858616,POINT (36.4858616 0.5378672),LAIKIPIA,Laikipia North Sub County,Sosian Ward,POINT (36.64902506567075 0.6065380623234629)
1032,Nyakati Agro-Vet & Animal Feeds,Veterinary care,0.053169,37.6388625,POINT (37.6388625 0.053169),MERU,Imenti North Sub County,Municipality Ward,POINT (37.63976542919719 0.0569491889530122)
1033,NAKURU FARMERS AGROVET,Veterinary care,-0.2869536,36.0766624,POINT (36.0766624 -0.2869536),Nakuru,Nakuru West  Sub County,London Ward,POINT (36.06259719942824 -0.2707639643187559)
1034,fragnes agrovet,Agrochemicals supplier,0.0918595,37.5196113,POINT (37.5196113 0.0918595),MERU,Buuri Sub County,Kibirichia Ward,POINT (37.52472868684427 0.1282009595545097)
1035,NEXUS AGROVET /AGROCHEMICALS,Animal feed store,-0.6585193,35.3041649,POINT (35.3041649 -0.6585193),Bomet,Bomet Central Sub County,Chesoen Ward,POINT (35.288236523043004 -0.6935401079707926)
1036,Sirimon agrovet,Wholesaler,0.0420687,37.2209298,POINT (37.2209298 0.0420687),MERU,Buuri Sub County,Timau Ward,POINT (37.1915683299666 0.0228124658367306)
1037,Neema Agrovet,Veterinary care,0.0353009,36.3665531,POINT (36.3665531 0.0353009),LAIKIPIA,Laikipia West Sub County,Igwamiti Ward,POINT (36.344894396248385 0.100131257872702)
1038,Paksons Agroveterenary Solutions ltd,Veterinary pharmacy,-1.0173874,35.649064,POINT (35.649064 -1.0173874),Narok,Narok South Sub County,Ololulung'a Ward,POINT (35.6586471361133 -0.9536029228987586)
1039,Mazao Na Afya Agrovet,Veterinary care,0.2439762,37.829887,POINT (37.829887 0.2439762),MERU,Tigania East Sub County,Karama Ward,POINT (37.767179320360945 0.3335297828713525)
1040,KATHERI AGROVET,Veterinary care,0.0349407,37.117282,POINT (37.117282 0.0349407),MERU,Buuri Sub County,Timau Ward,POINT (37.1915683299666 0.0228124658367306)
1041,Rumuruti Agrovet,Shopping mall,0.2624603,36.5366563,POINT (36.5366563 0.2624603),LAIKIPIA,Laikipia West Sub County,Rumuruti Township Ward,POINT (36.482674589603725 0.2908583690279225)
1042,USHINDI AGROVET,Agrochemicals supplier,0.1504729,37.7876155,POINT (37.7876155 0.1504729),MERU,Tigania West Sub County,Kianjai Ward,POINT (37.69076303860212 0.2005562827793936)
1043,Agrovet General Stores,General store,0.0249707,36.4067559,POINT (36.4067559 0.0249707),NYANDARUA,Ndaragwa Sub County,Kiritta Ward,POINT (36.44160459555525 0.0024618531795008)
1044,Nyahururu Vet & Agricultural Supplies Ltd,Veterinary care,0.0381713,36.3650892,POINT (36.3650892 0.0381713),LAIKIPIA,Laikipia West Sub County,Igwamiti Ward,POINT (36.344894396248385 0.100131257872702)
1045,GLORY AGROVET,Veterinary care,0.0256179,37.0964533,POINT (37.0964533 0.0256179),MERU,Buuri Sub County,Timau Ward,POINT (37.1915683299666 0.0228124658367306)
1046,NARAMAT AGROVET,Agrochemicals supplier,0.2602983,36.537134,POINT (36.537134 0.2602983),LAIKIPIA,Laikipia West Sub County,Rumuruti Township Ward,POINT (36.482674589603725 0.2908583690279225)
1047,KIWA Wakulima Agrovet,Agricultural service,-0.1078736,37.78118,POINT (37.78118 -0.1078736),MERU,Imenti South Sub County,Mitunguu Ward,POINT (37.78102088982559 -0.1168884266469037)
1048,FARM CURE AGROVET,Veterinary care,0.2662218,37.9318104,POINT (37.9318104 0.2662218),MERU,Igembe Central Sub County,Njia Ward,POINT (37.79659925816511 0.411184495613357)
1049,Mutara Agrovet,Home goods store,0.0458175,36.6255705,POINT (36.6255705 0.0458175),LAIKIPIA,Laikipia West Sub County,Salama Ward,POINT (36.640406974598086 0.2025461111383072)
1050,Makamithi Enterprises Ltd,Agrochemicals supplier,-1.5182444,37.2656056,POINT (37.2656056 -1.5182444),Machakos,Machakos Sub County,Township Ward,POINT (37.27991970798023 -1.5113801198850365)
1051,FARMCARE AGROVET,Veterinary care,0.0506706,37.698006,POINT (37.698006 0.0506706),MERU,Imenti North Sub County,Nyaki east Ward,POINT (37.76943252043774 0.0333244686571716)
1052,Mwalimu Agrovet,Agrochemicals supplier,0.4699507,35.981607,POINT (35.981607 0.4699507),BARINGO,Marigat Sub County,Marigat Ward,POINT (35.8968700318132 0.4355328331260753)
1053,Kim's Agrovet,General store,0.0521587,37.6466771,POINT (37.6466771 0.0521587),MERU,Imenti North Sub County,Municipality Ward,POINT (37.63976542919719 0.0569491889530122)
1054,Buuri Vet Services Agrovet.,Veterinary care,0.0864437,37.2411365,POINT (37.2411365 0.0864437),MERU,Buuri Sub County,Timau Ward,POINT (37.1915683299666 0.0228124658367306)
1055,Ranalo Agrovet,Agrochemicals supplier,-0.2674689,37.3110816,POINT (37.3110816 -0.2674689),KIRINYAGA,Kirinyaga Central Sub County,Inoi Ward,POINT (37.30743894889525 -0.3402368427885004)
1056,Mavuno Agrovet,Agricultural product wholesaler,0.003235,36.2333303,POINT (36.2333303 0.003235),Nakuru,Subukia  Sub County,Subukia Ward,POINT (36.20261520886201 -0.0170915658690508)
1057,Paves Vetagro Limited,Agrochemicals supplier,1.0169425,35.0010929,POINT (35.0010929 1.0169425),TRANS NZOIA,Saboti  Sub County,Matisi Ward,POINT (34.97465905661398 0.9966624894416383)
1058,Trans County Agrovet,Veterinary care,1.0185282,35.0030593,POINT (35.0030593 1.0185282),TRANS NZOIA,Kiminini  Sub County,Hospital Ward,POINT (35.0379366335449 1.015107424398582)
1059,KARIMI AGROVET,Agricultural service,1.0221613,34.9987109,POINT (34.9987109 1.0221613),TRANS NZOIA,Saboti  Sub County,Tuwani Ward,POINT (34.990470961186595 1.0264236024324973)
1060,Rift Farmers Agrovet,Agrochemicals supplier,0.8760018,35.1202517,POINT (35.1202517 0.8760018),Uasin Gishu,Soy Sub County,Moi's Bridge Ward,POINT (35.1668646430247 0.8910557301730416)
1061,Farm Agrovet,Veterinary care,1.0162681,35.0016835,POINT (35.0016835 1.0162681),TRANS NZOIA,Saboti  Sub County,Matisi Ward,POINT (34.97465905661398 0.9966624894416383)
1062,Deutee Agrovet,Agricultural service,1.0190484,35.0022151,POINT (35.0022151 1.0190484),TRANS NZOIA,Saboti  Sub County,Tuwani Ward,POINT (34.990470961186595 1.0264236024324973)
1063,Jikaze Agrovet,Veterinary care,1.1979346,34.8189066,POINT (34.8189066 1.1979346),TRANS NZOIA,Endebess Sub County,Chepchoina Ward,POINT (34.772140396767135 1.1795398430073292)
1064,Kapkisem Agrovet/M-Pesa,Home goods store,1.0190788,35.0022822,POINT (35.0022822 1.0190788),TRANS NZOIA,Kwanza  Sub County,Bidii Ward,POINT (35.01564522284264 1.0482045519961816)
1065,Marambach Farmers Agrovet,Agrochemicals supplier,1.0054009,34.9191758,POINT (34.9191758 1.0054009),TRANS NZOIA,Saboti  Sub County,Kinyoro Ward,POINT (34.83162377536358 0.9954215690498321)
1066,Ronak Agrovet Ltd,Pet store,1.0176887,35.0017982,POINT (35.0017982 1.0176887),TRANS NZOIA,Saboti  Sub County,Matisi Ward,POINT (34.97465905661398 0.9966624894416383)
1067,Zaro Agrovet,Farm equipment repair service,1.0164591,35.0013381,POINT (35.0013381 1.0164591),TRANS NZOIA,Saboti  Sub County,Matisi Ward,POINT (34.97465905661398 0.9966624894416383)
1068,Testai Agrovet,Agricultural service,0.8769547,35.1199614,POINT (35.1199614 0.8769547),Uasin Gishu,Soy Sub County,Moi's Bridge Ward,POINT (35.1668646430247 0.8910557301730416)
1069,Mazop Enterprises Ltd,Agricultural service,1.0138693,35.0027642,POINT (35.0027642 1.0138693),TRANS NZOIA,Saboti  Sub County,Matisi Ward,POINT (34.97465905661398 0.9966624894416383)
1070,Brand Agro Limited,Agrochemicals supplier,1.038479,35.0333699,POINT (35.0333699 1.038479),TRANS NZOIA,Kwanza  Sub County,Bidii Ward,POINT (35.01564522284264 1.0482045519961816)
1071,Wasima Agrovet,Agricultural service,0.9852808,35.0125531,POINT (35.0125531 0.9852808),TRANS NZOIA,Kiminini  Sub County,Hospital Ward,POINT (35.0379366335449 1.015107424398582)
1072,Baolanda Agrovet,Agriculture,1.0207574,35.0004887,POINT (35.0004887 1.0207574),TRANS NZOIA,Saboti  Sub County,Tuwani Ward,POINT (34.990470961186595 1.0264236024324973)
1073,PAFANA ENTERPRISES AGROVET,Agricultural production,1.0208326,35.0000238,POINT (35.0000238 1.0208326),TRANS NZOIA,Saboti  Sub County,Tuwani Ward,POINT (34.990470961186595 1.0264236024324973)
1074,Mkulima Agrovet,Agriculture,1.0172402,35.0038599,POINT (35.0038599 1.0172402),TRANS NZOIA,Kiminini  Sub County,Hospital Ward,POINT (35.0379366335449 1.015107424398582)
1075,Botanic Agro - Vet,Agricultural service,1.0147383,35.0025444,POINT (35.0025444 1.0147383),TRANS NZOIA,Saboti  Sub County,Matisi Ward,POINT (34.97465905661398 0.9966624894416383)
1076,Paves Vetagro Distribution center,Warehouse,1.0193637,35.0209537,POINT (35.0209537 1.0193637),TRANS NZOIA,Kiminini  Sub County,Hospital Ward,POINT (35.0379366335449 1.015107424398582)
1077,Groshen Agrovet,Veterinary care,1.0190956,35.0017375,POINT (35.0017375 1.0190956),TRANS NZOIA,Saboti  Sub County,Tuwani Ward,POINT (34.990470961186595 1.0264236024324973)
1078,JIREH AGROVET,Agrochemicals supplier,1.0528259,35.1018809,POINT (35.1018809 1.0528259),TRANS NZOIA,Cherangany Sub County,Sitatunga Ward,POINT (35.09780622885296 1.0620991766560042)
1079,Tiba Agrovet,Agrochemicals supplier,1.2593209,35.0940187,POINT (35.0940187 1.2593209),WEST POKOT,West Pokot Sub County,Kapenguria Ward,POINT (35.120238938613156 1.3144333733622817)
1080,Lelan Agrovet,Agrochemicals supplier,1.2021776,35.2848567,POINT (35.2848567 1.2021776),WEST POKOT,Pokot South Sub County,Lelan Ward,POINT (35.30815913775586 1.204566576180442)
1081,TRIOVIC AGROVET,Veterinary care,1.0138948,35.0033399,POINT (35.0033399 1.0138948),TRANS NZOIA,Saboti  Sub County,Matisi Ward,POINT (34.97465905661398 0.9966624894416383)
1082,Neema Agrovet,Agricultural service,0.8785604,35.1200798,POINT (35.1200798 0.8785604),Uasin Gishu,Soy Sub County,Moi's Bridge Ward,POINT (35.1668646430247 0.8910557301730416)
1083,KARIMI AGROVET,Veterinary care,0.9348484,35.2736821,POINT (35.2736821 0.9348484),TRANS NZOIA,Cherangany Sub County,Chepsiro/kiptoror Ward,POINT (35.30269489311595 0.9661555835244431)
1084,Jawabu Agrovet,Veterinary care,1.0174833,35.0068684,POINT (35.0068684 1.0174833),TRANS NZOIA,Kiminini  Sub County,Hospital Ward,POINT (35.0379366335449 1.015107424398582)
1086,Chera Agrovet,Veterinary care,1.0144163,35.0027817,POINT (35.0027817 1.0144163),TRANS NZOIA,Saboti  Sub County,Matisi Ward,POINT (34.97465905661398 0.9966624894416383)
1088,Frontline Agrovet,Veterinary care,1.0183376,35.0029192,POINT (35.0029192 1.0183376),TRANS NZOIA,Kiminini  Sub County,Hospital Ward,POINT (35.0379366335449 1.015107424398582)
1089,Prime Agrovet,Veterinary care,1.0169757,35.0014222,POINT (35.0014222 1.0169757),TRANS NZOIA,Saboti  Sub County,Matisi Ward,POINT (34.97465905661398 0.9966624894416383)
1090,West End Agrovet,Agrochemicals supplier,0.8088529,34.4632448,POINT (34.4632448 0.8088529),Bungoma,Cheptais Sub County,Cheptais Ward,POINT (34.44767711571493 0.8326663775521115)
1091,Jomba Agrovet,Store,0.8272628,35.0718504,POINT (35.0718504 0.8272628),Kakamega,Likuyani Sub County,Nzoia Ward,POINT (35.07390845658178 0.8235304968373425)
1092,BARAKA AGROVET,Agrochemicals supplier,0.9832265,35.0253004,POINT (35.0253004 0.9832265),TRANS NZOIA,Kiminini  Sub County,Hospital Ward,POINT (35.0379366335449 1.015107424398582)
1093,Vet Sagero Agrovet,Veterinary care,1.0376331,34.9725089,POINT (34.9725089 1.0376331),TRANS NZOIA,Saboti  Sub County,Matisi Ward,POINT (34.97465905661398 0.9966624894416383)
1094,Skynet Agrovet,Agrochemicals supplier,0.890232,34.926071,POINT (34.926071 0.890232),TRANS NZOIA,Kiminini  Sub County,Kiminini Ward,POINT (34.939944520288535 0.8923167836331245)
1095,Mkulima Agro-vet By John Bosire,Agrochemicals supplier,0.7841887,34.789246,POINT (34.789246 0.7841887),Bungoma,Kimilili Sub County,Kamukuywa Ward,POINT (34.78840265700599 0.8013527479755483)
1096,Itete Trading Ltd,Agricultural service,1.0169906,35.0021607,POINT (35.0021607 1.0169906),TRANS NZOIA,Saboti  Sub County,Matisi Ward,POINT (34.97465905661398 0.9966624894416383)
1097,Dzikufu Investment And Agrovet,Kitale - Suam Rd,1.2003331,34.8132668,POINT (34.8132668 1.2003331),TRANS NZOIA,Endebess Sub County,Chepchoina Ward,POINT (34.772140396767135 1.1795398430073292)
1098,Anifarm Agrovet,Animals,0.874746,35.1203866,POINT (35.1203866 0.874746),Uasin Gishu,Soy Sub County,Moi's Bridge Ward,POINT (35.1668646430247 0.8910557301730416)
1099,EBENEZER AGROVET,Veterinary care,1.1333155,34.8347224,POINT (34.8347224 1.1333155),TRANS NZOIA,Endebess Sub County,Chepchoina Ward,POINT (34.772140396767135 1.1795398430073292)
1100,Mbugua Bros Agrovet,Veterinary care,1.0154188,35.0023227,POINT (35.0023227 1.0154188),TRANS NZOIA,Saboti  Sub County,Matisi Ward,POINT (34.97465905661398 0.9966624894416383)
1101,Happy Farm Agrovet,Agrochemicals supplier,1.259451,35.0983138,POINT (35.0983138 1.259451),WEST POKOT,West Pokot Sub County,Kapenguria Ward,POINT (35.120238938613156 1.3144333733622817)
1102,Paves Vetagro Limited,Agricultural service,1.2587761,35.0964586,POINT (35.0964586 1.2587761),WEST POKOT,West Pokot Sub County,Kapenguria Ward,POINT (35.120238938613156 1.3144333733622817)
1103,Mkulima Hodari Agrovet,Veterinary care,1.020961,35.0004405,POINT (35.0004405 1.020961),TRANS NZOIA,Saboti  Sub County,Tuwani Ward,POINT (34.990470961186595 1.0264236024324973)
1104,Allutah's Agrovet Kamukuywa,Agrochemicals supplier,0.7795364,34.7896832,POINT (34.7896832 0.7795364),Bungoma,Kimilili Sub County,Kamukuywa Ward,POINT (34.78840265700599 0.8013527479755483)
1105,KAWANGWARE 46 AGROVET,Veterinary care,0.9072876,35.48589,POINT (35.48589 0.9072876),ELGEYO-MARAKWET,Marakwet West Sub County,Moiben Kuserwo Ward,POINT (35.4969736561162 0.928755489263844)
1106,Broadways Agrovet,2XFX+7R2,1.0231386,34.9995017,POINT (34.9995017 1.0231386),TRANS NZOIA,Saboti  Sub County,Tuwani Ward,POINT (34.990470961186595 1.0264236024324973)
1107,Chesemwo Agrovet,Veterinary pharmacy,0.9342907,35.2738301,POINT (35.2738301 0.9342907),TRANS NZOIA,Cherangany Sub County,Chepsiro/kiptoror Ward,POINT (35.30269489311595 0.9661555835244431)
1108,Agrovet,Veterinary care,0.7622082,35.2965308,POINT (35.2965308 0.7622082),Uasin Gishu,Soy Sub County,Soy Ward,POINT (35.244756941761835 0.7133697763216578)
1109,Kelthakas Agrovet,"2282+5R9, Moi Ave",1.015407,35.0021195,POINT (35.0021195 1.015407),TRANS NZOIA,Saboti  Sub County,Matisi Ward,POINT (34.97465905661398 0.9966624894416383)
1110,HIGHWAY AGROVET,Veterinary care,0.9868405,35.1238376,POINT (35.1238376 0.9868405),TRANS NZOIA,Cherangany Sub County,Kaplamai Ward,POINT (35.10691439662863 0.9744931067666404)
1111,Ministry Of Agriculture Trans-Nzoia County,Government office,1.0154104,34.9945463,POINT (34.9945463 1.0154104),TRANS NZOIA,Saboti  Sub County,Matisi Ward,POINT (34.97465905661398 0.9966624894416383)
1112,LUNAR AGROVET,Veterinary care,0.828728,34.454996,POINT (34.454996 0.828728),Bungoma,Cheptais Sub County,Cheptais Ward,POINT (34.44767711571493 0.8326663775521115)
1113,LUCHENDI AGROVET,Veterinary care,0.7848467,34.7574553,POINT (34.7574553 0.7848467),Bungoma,Kimilili Sub County,Maeni Ward,POINT (34.74813173407034 0.8031010483956622)
1114,Lodwala Agrovet,2292+3P6,1.0176597,35.0017655,POINT (35.0017655 1.0176597),TRANS NZOIA,Saboti  Sub County,Matisi Ward,POINT (34.97465905661398 0.9966624894416383)
1115,Hecter Farm Agrovet & Farminputs,Farmers' market,1.1856495,34.826986,POINT (34.826986 1.1856495),TRANS NZOIA,Endebess Sub County,Chepchoina Ward,POINT (34.772140396767135 1.1795398430073292)
1116,Rapha Agrovet,"22C2+3Q7, Koinange Road",1.0201699,35.0019264,POINT (35.0019264 1.0201699),TRANS NZOIA,Kwanza  Sub County,Bidii Ward,POINT (35.01564522284264 1.0482045519961816)
1117,Kamur Agrovet,"2273+H3M, Moi Ave",1.0139597,35.0026622,POINT (35.0026622 1.0139597),TRANS NZOIA,Saboti  Sub County,Matisi Ward,POINT (34.97465905661398 0.9966624894416383)
1118,Nabongo Agrovet,Agrochemicals supplier,1.0150266,35.0007345,POINT (35.0007345 1.0150266),TRANS NZOIA,Saboti  Sub County,Matisi Ward,POINT (34.97465905661398 0.9966624894416383)
1119,Ndalu Agrovet,Agricultural production,0.8413255,34.9935583,POINT (34.9935583 0.8413255),Bungoma,Tongaren Sub County,Ndalu/ Tabani Ward,POINT (34.97785157303185 0.8492714661432289)
1120,KILIMO AGROVET & STORES,Veterinary care,1.0943499,35.0760327,POINT (35.0760327 1.0943499),TRANS NZOIA,Kwanza  Sub County,Kwanza Ward,POINT (35.032082446073666 1.1364255518573085)
1121,Tulin Agrovet,Agrochemicals supplier,0.9819297,35.2203986,POINT (35.2203986 0.9819297),TRANS NZOIA,Cherangany Sub County,Motosiet Ward,POINT (35.17461702052381 0.9651776288198058)
1122,Kimaran Agrovet,Agrochemicals supplier,0.8904834,34.9261002,POINT (34.9261002 0.8904834),TRANS NZOIA,Kiminini  Sub County,Kiminini Ward,POINT (34.939944520288535 0.8923167836331245)
1123,FARM POINT AGROVET,Veterinary care,0.8102218,34.7275237,POINT (34.7275237 0.8102218),Bungoma,Kimilili Sub County,Maeni Ward,POINT (34.74813173407034 0.8031010483956622)
1124,MAILI SABA AGROVET,Veterinary care,1.0938801,35.0768824,POINT (35.0768824 1.0938801),TRANS NZOIA,Kwanza  Sub County,Kwanza Ward,POINT (35.032082446073666 1.1364255518573085)
1125,Kamanda Agrovet,Agrochemicals supplier,0.823745,35.05984,POINT (35.05984 0.823745),Kakamega,Likuyani Sub County,Nzoia Ward,POINT (35.07390845658178 0.8235304968373425)
1126,THE CROWN ROYALE AGROVET KIMININI,Agrochemicals supplier,0.8897561,34.926419,POINT (34.926419 0.8897561),TRANS NZOIA,Kiminini  Sub County,Kiminini Ward,POINT (34.939944520288535 0.8923167836331245)
1127,Greenbelt Agrovet,Veterinary pharmacy,0.830773,35.1211232,POINT (35.1211232 0.830773),Kakamega,Likuyani Sub County,Nzoia Ward,POINT (35.07390845658178 0.8235304968373425)
1128,Tehila Agrovet,General store,0.8409157,34.7154235,POINT (34.7154235 0.8409157),Bungoma,Mt Elgon Sub County,Elgon Ward,POINT (34.69544776059473 0.8378432317117409)
1129,JARIBU AGROVET,Veterinary care,0.7876525,35.0371437,POINT (35.0371437 0.7876525),Bungoma,Tongaren Sub County,Soysambu/ Mitua Ward,POINT (35.02752351850786 0.7809170184782139)
1130,Rift Farmers Agrovet,Agrochemicals supplier,0.8760018,35.1202517,POINT (35.1202517 0.8760018),Uasin Gishu,Soy Sub County,Moi's Bridge Ward,POINT (35.1668646430247 0.8910557301730416)
1131,Metkei - Gaa Agrovet,Animal feed store,0.5143893,35.2765443,POINT (35.2765443 0.5143893),Uasin Gishu,Moiben Sub County,Kimumu Ward,POINT (35.28827121759571 0.5504045369212042)
1132,Saltany agrovet services,Agricultural service,0.5142775,35.2697802,POINT (35.2697802 0.5142775),Uasin Gishu,Kapseret Sub County,Kipkenyo Ward,POINT (35.241663391216015 0.516542668763661)
1133,Tarakwa Agrovet Ltd.,Agrochemicals supplier,0.5174524,35.27446,POINT (35.27446 0.5174524),Uasin Gishu,Turbo Sub County,Huruma Ward,POINT (35.24920379117102 0.5266145661594062)
1134,Chepkeiyo Agrovet,Veterinary care,0.5156643,35.2752473,POINT (35.2752473 0.5156643),Uasin Gishu,Turbo Sub County,Huruma Ward,POINT (35.24920379117102 0.5266145661594062)
1135,Baitany Agrovet Ltd.,Veterinary care,0.5384602,35.2938933,POINT (35.2938933 0.5384602),Uasin Gishu,Moiben Sub County,Kimumu Ward,POINT (35.28827121759571 0.5504045369212042)
1136,Roadblock Agrovet,Farm equipment supplier,0.5489509,35.2454089,POINT (35.2454089 0.5489509),Uasin Gishu,Turbo Sub County,Kiplombe Ward,POINT (35.22981043416877 0.6252417660149396)
1137,Jom Agrovet,Agrochemicals supplier,0.465431,35.2510993,POINT (35.2510993 0.465431),Uasin Gishu,Kapseret Sub County,Langas Ward,POINT (35.25538876134117 0.476603780575538)
1138,Mwanzo Agrovet,Farm equipment supplier,0.5786987,35.2837112,POINT (35.2837112 0.5786987),Uasin Gishu,Turbo Sub County,Kiplombe Ward,POINT (35.22981043416877 0.6252417660149396)
1139,MOSOP ANIMAL FEEDS AND AGROVET,Animal feed store,0.3960972,35.3290046,POINT (35.3290046 0.3960972),Uasin Gishu,Kesses Sub County,Cheptiret/kipchamo Ward,POINT (35.36486456159063 0.3817283782927768)
1140,Moiben Connections Agrovet,Agrochemicals supplier,0.5150129,35.2748988,POINT (35.2748988 0.5150129),Uasin Gishu,Turbo Sub County,Huruma Ward,POINT (35.24920379117102 0.5266145661594062)
1141,Shamba Bora Agrovet,Veterinary care,0.5190619,35.2701945,POINT (35.2701945 0.5190619),Uasin Gishu,Turbo Sub County,Huruma Ward,POINT (35.24920379117102 0.5266145661594062)
1142,FARM-GATE AGROVET,Agrochemicals supplier,0.5142774,35.2697802,POINT (35.2697802 0.5142774),Uasin Gishu,Kapseret Sub County,Kipkenyo Ward,POINT (35.241663391216015 0.516542668763661)
1143,Royal Farm Agrovet,Agrochemicals supplier,0.5492942,35.2454923,POINT (35.2454923 0.5492942),Uasin Gishu,Turbo Sub County,Kiplombe Ward,POINT (35.22981043416877 0.6252417660149396)
1144,Shish Agrovet & Animal Feed Store,Animal feed store,0.5285912,35.3065355,POINT (35.3065355 0.5285912),Uasin Gishu,Ainabkoi Sub County,Kapsoya Ward,POINT (35.32595572267985 0.5100045688932555)
1145,Cheben Sons Agrovet,Pet supply store,0.5682632,35.2342459,POINT (35.2342459 0.5682632),Uasin Gishu,Turbo Sub County,Kapsaos Ward,POINT (35.22877586309458 0.5613160704800785)
1146,Janto's Smart Feeds and Agrovet,Hay supplier,0.5072491,35.2952508,POINT (35.2952508 0.5072491),Uasin Gishu,Ainabkoi Sub County,Kapsoya Ward,POINT (35.32595572267985 0.5100045688932555)
1147,Solai Agrovet (Koilel),Veterinary pharmacy,0.5536567,35.3129178,POINT (35.3129178 0.5536567),Uasin Gishu,Moiben Sub County,Kimumu Ward,POINT (35.28827121759571 0.5504045369212042)
1148,Ours Agrovet,Veterinary care,0.5911373,35.3083044,POINT (35.3083044 0.5911373),Uasin Gishu,Soy Sub County,Kuinet/kapsuswa Ward,POINT (35.29759994659046 0.6256274275067916)
1149,Testai Agrovet,Agricultural service,0.8769547,35.1199614,POINT (35.1199614 0.8769547),Uasin Gishu,Soy Sub County,Moi's Bridge Ward,POINT (35.1668646430247 0.8910557301730416)
1151,Neema Agrovet,Agricultural service,0.8785604,35.1200798,POINT (35.1200798 0.8785604),Uasin Gishu,Soy Sub County,Moi's Bridge Ward,POINT (35.1668646430247 0.8910557301730416)
1154,Lid - Ways Agrovet,Agricultural service,0.6339432,35.0498578,POINT (35.0498578 0.6339432),Uasin Gishu,Turbo Sub County,Tapsagoi Ward,POINT (35.071581691462654 0.5928352925610794)
1155,LOTONYOK AGROVET,Veterinary care,0.4626567,35.3876321,POINT (35.3876321 0.4626567),Uasin Gishu,Ainabkoi Sub County,Kaptagat Ward,POINT (35.42373515504146 0.4197548722574089)
1156,RIPTANY AGROVET,Veterinary care,0.5369674,35.557575,POINT (35.557575 0.5369674),ELGEYO-MARAKWET,Keiyo South Sub County,Soy North Ward,POINT (35.595483526401566 0.4672873878466647)
1157,Komosha Agrovet,Veterinary care,0.4212684,35.3153371,POINT (35.3153371 0.4212684),Uasin Gishu,Kapseret Sub County,Ngeria Ward,POINT (35.26009267580021 0.3930412025122584)
1158,Emkoin Agrovet & Vet,Veterinary care,0.5664726,35.2325147,POINT (35.2325147 0.5664726),Uasin Gishu,Turbo Sub County,Kapsaos Ward,POINT (35.22877586309458 0.5613160704800785)
1159,Kisot Store Agrovet,Agricultural service,0.5536974,35.3117374,POINT (35.3117374 0.5536974),Uasin Gishu,Moiben Sub County,Kimumu Ward,POINT (35.28827121759571 0.5504045369212042)
1160,VETLINE AGROVET,Agrochemicals supplier,0.4674838,35.2586694,POINT (35.2586694 0.4674838),Uasin Gishu,Kesses Sub County,Racecourse Ward,POINT (35.279054541260535 0.474700856765778)
1161,Enka Agrovet,Veterinary care,0.4742195,35.3011573,POINT (35.3011573 0.4742195),Uasin Gishu,Kesses Sub County,Cheptiret/kipchamo Ward,POINT (35.36486456159063 0.3817283782927768)
1162,GATICH AGROVET,Veterinary care,0.5371535,35.5570157,POINT (35.5570157 0.5371535),ELGEYO-MARAKWET,Keiyo South Sub County,Soy North Ward,POINT (35.595483526401566 0.4672873878466647)
1163,Berur Agrovet,Agrochemicals supplier,0.5142775,35.2697802,POINT (35.2697802 0.5142775),Uasin Gishu,Kapseret Sub County,Kipkenyo Ward,POINT (35.241663391216015 0.516542668763661)
1164,Agrovet & A.L Services,Veterinary care,0.562899,34.8055606,POINT (34.8055606 0.562899),Kakamega,Lugari Sub County,Chevaywa Ward,POINT (34.76001607020233 0.5275378765788721)
1165,Kimilili Agrovets,Agrochemicals supplier,0.6698554,35.1608243,POINT (35.1608243 0.6698554),Uasin Gishu,Soy Sub County,Soy Ward,POINT (35.244756941761835 0.7133697763216578)
1166,BIDII AGROVET,Veterinary care,0.5631625,34.8055051,POINT (34.8055051 0.5631625),Kakamega,Lugari Sub County,Chevaywa Ward,POINT (34.76001607020233 0.5275378765788721)
1167,Ndama Agrovet,Veterinary care,0.5672251,35.2342755,POINT (35.2342755 0.5672251),Uasin Gishu,Turbo Sub County,Kapsaos Ward,POINT (35.22877586309458 0.5613160704800785)
1168,Abai Agrovet,Hay supplier,0.4825709,35.3382238,POINT (35.3382238 0.4825709),Uasin Gishu,Ainabkoi Sub County,Kapsoya Ward,POINT (35.32595572267985 0.5100045688932555)
1169,Ndume Agrovet,Veterinary care,0.5677513,35.2350305,POINT (35.2350305 0.5677513),Uasin Gishu,Turbo Sub County,Kapsaos Ward,POINT (35.22877586309458 0.5613160704800785)
1170,CHEPKENY AGROVET,Veterinary care,0.4807531,35.3499149,POINT (35.3499149 0.4807531),Uasin Gishu,Ainabkoi Sub County,Kapsoya Ward,POINT (35.32595572267985 0.5100045688932555)
1171,Omusale Agrovet,Veterinary care,0.5607942,34.8059444,POINT (34.8059444 0.5607942),Kakamega,Lugari Sub County,Chevaywa Ward,POINT (34.76001607020233 0.5275378765788721)
1172,GRACE-FARM AGROVET KIMILILI,Agricultural service,0.7881266,34.7155868,POINT (34.7155868 0.7881266),Bungoma,Kimilili Sub County,Kimilili Ward,POINT (34.72937125905546 0.751132961219027)
1173,Jokima Agrovet,Animal feed store,0.5180197,35.2721495,POINT (35.2721495 0.5180197),Uasin Gishu,Turbo Sub County,Huruma Ward,POINT (35.24920379117102 0.5266145661594062)
1174,Nikim Agrovet,Veterinary care,0.5157653,35.2760109,POINT (35.2760109 0.5157653),Uasin Gishu,Moiben Sub County,Kimumu Ward,POINT (35.28827121759571 0.5504045369212042)
1175,Ultravetis East Africa Limited - Eldoret Office,Agricultural service,0.5151636,35.2756039,POINT (35.2756039 0.5151636),Uasin Gishu,Turbo Sub County,Huruma Ward,POINT (35.24920379117102 0.5266145661594062)
1176,Kimona Agrovet,Veterinary care,0.5150295,35.2748426,POINT (35.2748426 0.5150295),Uasin Gishu,Turbo Sub County,Huruma Ward,POINT (35.24920379117102 0.5266145661594062)
1177,ZION AGROVET,Veterinary care,0.5544815,35.3191479,POINT (35.3191479 0.5544815),Uasin Gishu,Moiben Sub County,Kimumu Ward,POINT (35.28827121759571 0.5504045369212042)
1178,Q & J Agrovet,Veterinary care,0.7118066,34.753579,POINT (34.753579 0.7118066),Bungoma,Webuye West Sub County,Misikhu Ward,POINT (34.721317612338524 0.6937208909822713)
1179,Eldoret Top Line Agrovet,Veterinary care,0.5151784,35.2755547,POINT (35.2755547 0.5151784),Uasin Gishu,Turbo Sub County,Huruma Ward,POINT (35.24920379117102 0.5266145661594062)
1180,CHESUMEI ANIMAL FEEDS & AGROVET,Agrochemicals supplier,0.5539412,35.317011,POINT (35.317011 0.5539412),Uasin Gishu,Moiben Sub County,Kimumu Ward,POINT (35.28827121759571 0.5504045369212042)
1181,EXCEL AGROVET,Veterinary care,0.4627734,35.3886734,POINT (35.3886734 0.4627734),Uasin Gishu,Ainabkoi Sub County,Kaptagat Ward,POINT (35.42373515504146 0.4197548722574089)
1182,Farmlink Agrovet,Veterinary care,0.5165147,35.2758448,POINT (35.2758448 0.5165147),Uasin Gishu,Turbo Sub County,Huruma Ward,POINT (35.24920379117102 0.5266145661594062)
1183,Eden Agrovet,Agrochemicals supplier,0.7328256,34.8306721,POINT (34.8306721 0.7328256),Bungoma,Tongaren Sub County,Milima Ward,POINT (34.84557431318137 0.7744223572810434)
1184,Allutah's Agrovet Kamukuywa,Agrochemicals supplier,0.7795364,34.7896832,POINT (34.7896832 0.7795364),Bungoma,Kimilili Sub County,Kamukuywa Ward,POINT (34.78840265700599 0.8013527479755483)
1185,Parl Agrovet,Agrochemicals supplier,0.6526244,34.8757063,POINT (34.8757063 0.6526244),Kakamega,Lugari Sub County,Lugari Ward,POINT (34.9260537835735 0.6758658841481394)
1186,Pilot Vestar Agrovet,Agrochemicals supplier,0.536323,35.2451324,POINT (35.2451324 0.536323),Uasin Gishu,Turbo Sub County,Huruma Ward,POINT (35.24920379117102 0.5266145661594062)
1187,Osorongai Agrovet,Agrochemicals supplier,0.6511003,34.8761564,POINT (34.8761564 0.6511003),Kakamega,Lugari Sub County,Lugari Ward,POINT (34.9260537835735 0.6758658841481394)
1188,MAZAO AGROVET,Veterinary care,0.5434858,34.807346,POINT (34.807346 0.5434858),Kakamega,Malava Sub County,Butali Chegulo Ward,POINT (34.81823570360246 0.4954088181408711)
1189,JARIBU AGROVET,Veterinary care,0.7876525,35.0371437,POINT (35.0371437 0.7876525),Bungoma,Tongaren Sub County,Soysambu/ Mitua Ward,POINT (35.02752351850786 0.7809170184782139)
1190,Skynet Agrovet,Agrochemicals supplier,0.890232,34.926071,POINT (34.926071 0.890232),TRANS NZOIA,Kiminini  Sub County,Kiminini Ward,POINT (34.939944520288535 0.8923167836331245)
1191,Kabras Agrovet,Agricultural service,0.4453788,34.8531878,POINT (34.8531878 0.4453788),Kakamega,Malava Sub County,Shirungu-mugai Ward,POINT (34.78961052457488 0.4572817721445046)
1192,Highway Agrovet,Veterinary care,0.552034,35.3109526,POINT (35.3109526 0.552034),Uasin Gishu,Moiben Sub County,Kimumu Ward,POINT (35.28827121759571 0.5504045369212042)
1193,Nyota Agrovet,Veterinary care,0.7164158,34.9422622,POINT (34.9422622 0.7164158),Kakamega,Lugari Sub County,Lugari Ward,POINT (34.9260537835735 0.6758658841481394)
1194,Sadena Agrovet Agrovet,Agrochemicals supplier,0.4483439,34.853851,POINT (34.853851 0.4483439),Kakamega,Malava Sub County,Shirungu-mugai Ward,POINT (34.78961052457488 0.4572817721445046)
1195,SESNA AGROVET,Veterinary care,0.5637851,35.4809108,POINT (35.4809108 0.5637851),ELGEYO-MARAKWET,Keiyo North Sub County,Kamariny Ward,POINT (35.478460321899284 0.6235340367357718)
1196,SWAYS AGROVET,Cosmetics store,0.6124238,35.0489887,POINT (35.0489887 0.6124238),Uasin Gishu,Turbo Sub County,Tapsagoi Ward,POINT (35.071581691462654 0.5928352925610794)
1197,Njiwa agrovet,Agrochemicals supplier,0.4486857,34.8573712,POINT (34.8573712 0.4486857),Kakamega,Malava Sub County,Chemuche Ward,POINT (34.883992022866565 0.436743446307246)
1198,Huduma Agrovet,Veterinary care,0.6044201,35.3096996,POINT (35.3096996 0.6044201),Uasin Gishu,Soy Sub County,Kuinet/kapsuswa Ward,POINT (35.29759994659046 0.6256274275067916)
1199,SILVERLANDS AGROVET,Veterinary care,0.4191247,35.0167859,POINT (35.0167859 0.4191247),NANDI,Mosop Sub County,Kabiyet Ward,POINT (35.067008125490844 0.4304693543852404)
1200,Mkulima Agro-vet By John Bosire,Agrochemicals supplier,0.7841887,34.789246,POINT (34.789246 0.7841887),Bungoma,Kimilili Sub County,Kamukuywa Ward,POINT (34.78840265700599 0.8013527479755483)
1201,Beliot Agrovet,Pet supply store,0.6337433,35.0483192,POINT (35.0483192 0.6337433),Uasin Gishu,Turbo Sub County,Tapsagoi Ward,POINT (35.071581691462654 0.5928352925610794)
1202,Sirikwa Dairies Agrovet,Agrochemicals supplier,0.6668495,35.109084,POINT (35.109084 0.6668495),Kakamega,Likuyani Sub County,Likuyani Ward,POINT (35.10556280712403 0.6795631424542931)
1203,ASISO AGROVET,Veterinary pharmacy,0.5815376,35.2632709,POINT (35.2632709 0.5815376),Uasin Gishu,Turbo Sub County,Kiplombe Ward,POINT (35.22981043416877 0.6252417660149396)
1204,Planet Agrovet,Agrochemicals supplier,0.6511003,34.8761564,POINT (34.8761564 0.6511003),Kakamega,Lugari Sub County,Lugari Ward,POINT (34.9260537835735 0.6758658841481394)
1205,Benavet Agrovet,Animal feed store,0.6819941,35.1550888,POINT (35.1550888 0.6819941),Kakamega,Likuyani Sub County,Likuyani Ward,POINT (35.10556280712403 0.6795631424542931)
1206,Nalulingo Agrovet Limited,Veterinary care,0.604931,34.773058,POINT (34.773058 0.604931),Bungoma,Webuye West Sub County,Matulo Ward,POINT (34.73657176535494 0.6179092998023894)
1207,Agrovet,Veterinary care,0.7622082,35.2965308,POINT (35.2965308 0.7622082),Uasin Gishu,Soy Sub County,Soy Ward,POINT (35.244756941761835 0.7133697763216578)
1208,Sango Agrovet,Agrochemicals supplier,0.6511003,34.8761564,POINT (34.8761564 0.6511003),Kakamega,Lugari Sub County,Lugari Ward,POINT (34.9260537835735 0.6758658841481394)
1209,Amanya-Agrovet,Agricultural service,0.376461,34.926984,POINT (34.926984 0.376461),Kakamega,Shinyalu Sub County,Isukha North Ward,POINT (34.88377081876774 0.3580218803999926)
1210,Boresha Agrovet,Agrochemicals supplier,0.7469275,35.1440668,POINT (35.1440668 0.7469275),Kakamega,Likuyani Sub County,Kongoni Ward,POINT (35.12645553825187 0.7742793437258328)
1211,Klin Agrovet And Animal Feeds,Shopping mall,0.6445774,35.1682872,POINT (35.1682872 0.6445774),Uasin Gishu,Turbo Sub County,Kamagut Ward,POINT (35.157189970880516 0.5925763634310679)
1212,Greenbelt Agrovet,Veterinary pharmacy,0.830773,35.1211232,POINT (35.1211232 0.830773),Kakamega,Likuyani Sub County,Nzoia Ward,POINT (35.07390845658178 0.8235304968373425)
1213,COLNELL AGROVET & MPESA,Agrochemicals supplier,0.7519602,35.1006367,POINT (35.1006367 0.7519602),Kakamega,Likuyani Sub County,Sango Ward,POINT (35.076874686245915 0.7338612808569843)
1214,MUMETET VISION AGROVET,Veterinary care,0.728963,35.3005934,POINT (35.3005934 0.728963),Uasin Gishu,Soy Sub County,Soy Ward,POINT (35.244756941761835 0.7133697763216578)
1215,JIIBO FARM AND SUPPLIES,Agricultural service,0.4462051,34.853379,POINT (34.853379 0.4462051),Kakamega,Malava Sub County,Shirungu-mugai Ward,POINT (34.78961052457488 0.4572817721445046)
1216,Vetline Agrovet,Veterinary care,0.6668495,35.109084,POINT (35.109084 0.6668495),Kakamega,Likuyani Sub County,Likuyani Ward,POINT (35.10556280712403 0.6795631424542931)
1217,Tinet Agrovet Services,Veterinary care,0.6237956,35.3114462,POINT (35.3114462 0.6237956),Uasin Gishu,Soy Sub County,Kuinet/kapsuswa Ward,POINT (35.29759994659046 0.6256274275067916)
1218,Hope Veterinary And Agrovet,Veterinary pharmacy,0.6076437,34.9631698,POINT (34.9631698 0.6076437),Kakamega,Lugari Sub County,Chekalini Ward,POINT (34.90467972048108 0.6233930914085583)
1219,NAWIRI AGROVET,Veterinary care,0.612462,34.767179,POINT (34.767179 0.612462),Bungoma,Webuye West Sub County,Matulo Ward,POINT (34.73657176535494 0.6179092998023894)
1220,Kamanda Agrovet,Agrochemicals supplier,0.823745,35.05984,POINT (35.05984 0.823745),Kakamega,Likuyani Sub County,Nzoia Ward,POINT (35.07390845658178 0.8235304968373425)
1221,Baharini Agrovet,Agrochemicals supplier,0.5888814,35.2136448,POINT (35.2136448 0.5888814),Uasin Gishu,Turbo Sub County,Kiplombe Ward,POINT (35.22981043416877 0.6252417660149396)
1222,Adams Agrovet,Emergency veterinarian service,0.8626381,34.743563,POINT (34.743563 0.8626381),Bungoma,Mt Elgon Sub County,Kaptama Ward,POINT (34.608556518879944 0.9626804391301873)
1223,Rimoy Agrovet,Farm shop,0.5166755,35.2771871,POINT (35.2771871 0.5166755),Uasin Gishu,Moiben Sub County,Kimumu Ward,POINT (35.28827121759571 0.5504045369212042)
1224,Swift Move Pharmacy And Agrovet,Pharmacy,0.8784401,35.1202107,POINT (35.1202107 0.8784401),Uasin Gishu,Soy Sub County,Moi's Bridge Ward,POINT (35.1668646430247 0.8910557301730416)
1225,MINDILILWO AGROVET,Veterinary care,0.6702025,35.5071998,POINT (35.5071998 0.6702025),ELGEYO-MARAKWET,Keiyo North Sub County,Kapchemutwa Ward,POINT (35.51513110313311 0.7636934965971696)
1226,AGROVET,Veterinary care,0.663063,35.5054678,POINT (35.5054678 0.663063),ELGEYO-MARAKWET,Keiyo North Sub County,Kapchemutwa Ward,POINT (35.51513110313311 0.7636934965971696)
1227,Ziwa Pro Agrovet,Veterinary care,0.540861,35.2990499,POINT (35.2990499 0.540861),Uasin Gishu,Moiben Sub County,Kimumu Ward,POINT (35.28827121759571 0.5504045369212042)
1228,Farmers Centre Agrovet,Agrochemicals supplier,0.5857508,35.214804,POINT (35.214804 0.5857508),Uasin Gishu,Turbo Sub County,Kamagut Ward,POINT (35.157189970880516 0.5925763634310679)
1229,Kilimo Agrovet,Veterinary care,0.6030944,35.1414192,POINT (35.1414192 0.6030944),Uasin Gishu,Turbo Sub County,Kamagut Ward,POINT (35.157189970880516 0.5925763634310679)
1230,KOILEL AGROVET,Veterinary care,0.5536608,35.3129051,POINT (35.3129051 0.5536608),Uasin Gishu,Moiben Sub County,Kimumu Ward,POINT (35.28827121759571 0.5504045369212042)
1231,Kimaran Agrovet,Agrochemicals supplier,0.8904834,34.9261002,POINT (34.9261002 0.8904834),TRANS NZOIA,Kiminini  Sub County,Kiminini Ward,POINT (34.939944520288535 0.8923167836331245)
1232,Bidii Farmers Agrovet Malava Kabras,Agricultural service,0.4466148,34.8534053,POINT (34.8534053 0.4466148),Kakamega,Malava Sub County,Shirungu-mugai Ward,POINT (34.78961052457488 0.4572817721445046)
1233,TUMAINI AGROVET,Veterinary care,0.5939941,34.7500672,POINT (34.7500672 0.5939941),Bungoma,Webuye  East Sub County,Maraka Ward,POINT (34.75771649838216 0.5773003543972743)
1234,KABOTIK AGROVET,Veterinary care,0.4484698,35.2411632,POINT (35.2411632 0.4484698),Uasin Gishu,Kapseret Sub County,Simat/ Kapseret Ward,POINT (35.201315201933504 0.4723851751958756)
1235,THE CROWN ROYALE AGROVET KIMININI,Agrochemicals supplier,0.8897561,34.926419,POINT (34.926419 0.8897561),TRANS NZOIA,Kiminini  Sub County,Kiminini Ward,POINT (34.939944520288535 0.8923167836331245)
1236,Tumaini Kipkorgot Farm,Agrochemicals supplier,0.4819092,35.3446432,POINT (35.3446432 0.4819092),Uasin Gishu,Ainabkoi Sub County,Kapsoya Ward,POINT (35.32595572267985 0.5100045688932555)
1237,Simat Agrovet,Agrochemicals supplier,0.5343521,35.2438424,POINT (35.2438424 0.5343521),Uasin Gishu,Turbo Sub County,Huruma Ward,POINT (35.24920379117102 0.5266145661594062)
1238,SOLIDA AGROVET,Veterinary care,0.8718541,35.120455,POINT (35.120455 0.8718541),Uasin Gishu,Soy Sub County,Moi's Bridge Ward,POINT (35.1668646430247 0.8910557301730416)
1239,County Government of Uasin Gishu,County government office,0.5189075,35.2755921,POINT (35.2755921 0.5189075),Uasin Gishu,Moiben Sub County,Kimumu Ward,POINT (35.28827121759571 0.5504045369212042)
1240,GITAU AGROVET,Veterinary care,0.5663559,35.2322574,POINT (35.2322574 0.5663559),Uasin Gishu,Turbo Sub County,Kapsaos Ward,POINT (35.22877586309458 0.5613160704800785)
1241,Kwanza Agrovet,Veterinary care,0.7149403,34.7542287,POINT (34.7542287 0.7149403),Bungoma,Webuye West Sub County,Misikhu Ward,POINT (34.721317612338524 0.6937208909822713)
1242,MERENYI AGROVET,Veterinary care,0.4968999,35.0319242,POINT (35.0319242 0.4968999),NANDI,Mosop Sub County,Kipkaren Ward,POINT (35.02310587008075 0.5072045944917253)
1243,Kapkoi Farmers Agrovet,Veterinary care,0.5247393,35.5033867,POINT (35.5033867 0.5247393),ELGEYO-MARAKWET,Keiyo North Sub County,Kamariny Ward,POINT (35.478460321899284 0.6235340367357718)
1244,TESTAI AGROVET,Veterinary care,0.6828207,35.1556254,POINT (35.1556254 0.6828207),Kakamega,Likuyani Sub County,Likuyani Ward,POINT (35.10556280712403 0.6795631424542931)
1245,SAWA AGROVET,Veterinary care,0.7214304,34.7588165,POINT (34.7588165 0.7214304),Bungoma,Webuye  East Sub County,Ndivisi Ward,POINT (34.79638107441792 0.7084139177066006)
1246,ASAI AGROVET & ANIMAL FEEDS,Veterinary care,0.443122,35.2346577,POINT (35.2346577 0.443122),Uasin Gishu,Kapseret Sub County,Simat/ Kapseret Ward,POINT (35.201315201933504 0.4723851751958756)
1247,Plusfarm Kenya,Agricultural service,0.5536922,35.3160797,POINT (35.3160797 0.5536922),Uasin Gishu,Moiben Sub County,Kimumu Ward,POINT (35.28827121759571 0.5504045369212042)
1248,Best Farmers Agrovet,Veterinary care,0.7575352,34.8903728,POINT (34.8903728 0.7575352),Bungoma,Tongaren Sub County,Naitiri/kabuyefwe Ward,POINT (34.90364073072605 0.7646763751575427)
1249,S.K Agrovet,Veterinary care,0.4690634,35.2594467,POINT (35.2594467 0.4690634),Uasin Gishu,Kesses Sub County,Racecourse Ward,POINT (35.279054541260535 0.474700856765778)
1250,RIPTANY AGROVET,Veterinary care,0.5369674,35.557575,POINT (35.557575 0.5369674),ELGEYO-MARAKWET,Keiyo South Sub County,Soy North Ward,POINT (35.595483526401566 0.4672873878466647)
1251,Molol Kipsot Agrovet,Agrochemicals supplier,0.2114539,35.6706507,POINT (35.6706507 0.2114539),ELGEYO-MARAKWET,Keiyo South Sub County,Soy South Ward,POINT (35.657975688306955 0.2861968434376574)
1252,Baitany Agro - Vet Ltd,Agricultural service,0.6708323,35.5093812,POINT (35.5093812 0.6708323),ELGEYO-MARAKWET,Keiyo North Sub County,Kapchemutwa Ward,POINT (35.51513110313311 0.7636934965971696)
1253,Saltany agrovet services,Agricultural service,1.1591458,35.5005045,POINT (35.5005045 1.1591458),ELGEYO-MARAKWET,Marakwet East sub-county,Kapyego Ward,POINT (35.50593489301236 1.121012500358665)
1254,GATICH AGROVET,Veterinary care,0.5371535,35.5570157,POINT (35.5570157 0.5371535),ELGEYO-MARAKWET,Keiyo South Sub County,Soy North Ward,POINT (35.595483526401566 0.4672873878466647)
1255,Abai Agrovet,Hay supplier,0.4825709,35.3382238,POINT (35.3382238 0.4825709),Uasin Gishu,Ainabkoi Sub County,Kapsoya Ward,POINT (35.32595572267985 0.5100045688932555)
1256,Happy Farm Agrovet,Agrochemicals supplier,1.259451,35.0983138,POINT (35.0983138 1.259451),WEST POKOT,West Pokot Sub County,Kapenguria Ward,POINT (35.120238938613156 1.3144333733622817)
1257,Sergoit Ukulima Stores (Agrovet),Farm equipment supplier,0.670497,35.5087928,POINT (35.5087928 0.670497),ELGEYO-MARAKWET,Keiyo North Sub County,Kapchemutwa Ward,POINT (35.51513110313311 0.7636934965971696)
1258,Chesemwo Agrovet,Veterinary pharmacy,0.9342907,35.2738301,POINT (35.2738301 0.9342907),TRANS NZOIA,Cherangany Sub County,Chepsiro/kiptoror Ward,POINT (35.30269489311595 0.9661555835244431)
1259,SESNA AGROVET,Veterinary care,0.5637851,35.4809108,POINT (35.4809108 0.5637851),ELGEYO-MARAKWET,Keiyo North Sub County,Kamariny Ward,POINT (35.478460321899284 0.6235340367357718)
1260,Moiben Connections Agrovet,Agrochemicals supplier,0.5150129,35.2748988,POINT (35.2748988 0.5150129),Uasin Gishu,Turbo Sub County,Huruma Ward,POINT (35.24920379117102 0.5266145661594062)
1261,Rift Farmers Agrovet,Agrochemicals supplier,0.8760018,35.1202517,POINT (35.1202517 0.8760018),Uasin Gishu,Soy Sub County,Moi's Bridge Ward,POINT (35.1668646430247 0.8910557301730416)
1262,KAWANGWARE 46 AGROVET,Veterinary care,0.9072876,35.48589,POINT (35.48589 0.9072876),ELGEYO-MARAKWET,Marakwet West Sub County,Moiben Kuserwo Ward,POINT (35.4969736561162 0.928755489263844)
1263,Tiba Agrovet,Agrochemicals supplier,1.2593209,35.0940187,POINT (35.0940187 1.2593209),WEST POKOT,West Pokot Sub County,Kapenguria Ward,POINT (35.120238938613156 1.3144333733622817)
1264,CHESUMEI ANIMAL FEEDS & AGROVET,Agrochemicals supplier,0.5539412,35.317011,POINT (35.317011 0.5539412),Uasin Gishu,Moiben Sub County,Kimumu Ward,POINT (35.28827121759571 0.5504045369212042)
1265,Chepkeiyo Agrovet,Veterinary care,0.5156643,35.2752473,POINT (35.2752473 0.5156643),Uasin Gishu,Turbo Sub County,Huruma Ward,POINT (35.24920379117102 0.5266145661594062)
1266,KARIMI AGROVET,Agricultural service,1.0221613,34.9987109,POINT (34.9987109 1.0221613),TRANS NZOIA,Saboti  Sub County,Tuwani Ward,POINT (34.990470961186595 1.0264236024324973)
1267,Deutee Agrovet,Agricultural service,1.0190484,35.0022151,POINT (35.0022151 1.0190484),TRANS NZOIA,Saboti  Sub County,Tuwani Ward,POINT (34.990470961186595 1.0264236024324973)
1268,Testai Agrovet,Agricultural service,0.8769547,35.1199614,POINT (35.1199614 0.8769547),Uasin Gishu,Soy Sub County,Moi's Bridge Ward,POINT (35.1668646430247 0.8910557301730416)
1269,Sakatia Agrovet & Farm Inputs,Veterinary care,1.2288374,35.6560077,POINT (35.6560077 1.2288374),ELGEYO-MARAKWET,Marakwet East sub-county,Endo Ward,POINT (35.660744605827674 1.2047891978471708)
1270,Kimilili Agrovets,Agrochemicals supplier,0.6698554,35.1608243,POINT (35.1608243 0.6698554),Uasin Gishu,Soy Sub County,Soy Ward,POINT (35.244756941761835 0.7133697763216578)
1272,Dixa agrovet ltd,Agricultural service,0.2834775,34.7511629,POINT (34.7511629 0.2834775),Kakamega,Lurambi Sub County,Sheywe Ward,POINT (34.751552253531116 0.2983992184916752)
1273,Seme Agrovet & Veterinary Services,Agricultural service,0.6333398,35.0209059,POINT (35.0209059 0.6333398),Kakamega,Lugari Sub County,Lumakanda Ward,POINT (34.99060393799327 0.644315420646404)
1275,Wayside Agrovet,Veterinary care,0.5911111,34.5649106,POINT (34.5649106 0.5911111),Bungoma,Kanduyi Sub County,Khalaba Ward,POINT (34.560897245853724 0.5721486039698392)
1276,BIDII AGROVET,Veterinary care,0.5631625,34.8055051,POINT (34.8055051 0.5631625),Kakamega,Lugari Sub County,Chevaywa Ward,POINT (34.76001607020233 0.5275378765788721)
1277,Farm Agrovet,Veterinary care,1.0162681,35.0016835,POINT (35.0016835 1.0162681),TRANS NZOIA,Saboti  Sub County,Matisi Ward,POINT (34.97465905661398 0.9966624894416383)
1278,Soweto Agrovet,Agrochemicals supplier,0.2867785,35.2939057,POINT (35.2939057 0.2867785),Uasin Gishu,Kesses Sub County,Tulwet/chiyat Ward,POINT (35.34006609967266 0.2595346390229838)
1279,Emkoin Agrovet & Vet,Agricultural service,0.5664726,35.2325147,POINT (35.2325147 0.5664726),Uasin Gishu,Turbo Sub County,Kapsaos Ward,POINT (35.22877586309458 0.5613160704800785)
1280,Lorian Agrovet,Veterinary pharmacy,0.241352,35.4147223,POINT (35.4147223 0.241352),Uasin Gishu,Kesses Sub County,Tarakwa Ward,POINT (35.4371504687706 0.1304933175486651)
1281,KILIMO AGROVET & STORES,Veterinary care,1.0943499,35.0760327,POINT (35.0760327 1.0943499),TRANS NZOIA,Kwanza  Sub County,Kwanza Ward,POINT (35.032082446073666 1.1364255518573085)
1282,Shamba Bora Agrovet,Agricultural service,0.3173201,35.1680955,POINT (35.1680955 0.3173201),NANDI,Chesumei Sub County,Lelmoko/ngechek Ward,POINT (35.18096517621614 0.3411686922288132)
1283,Saltany agrovet services,Agricultural service,0.5142775,35.2697802,POINT (35.2697802 0.5142775),Uasin Gishu,Kapseret Sub County,Kipkenyo Ward,POINT (35.241663391216015 0.516542668763661)
1284,Lugano West Agrovet,Agricultural service,0.2822733,34.7482301,POINT (34.7482301 0.2822733),Kakamega,Lurambi Sub County,Sheywe Ward,POINT (34.751552253531116 0.2983992184916752)
1285,Animalia Agrovet,Agricultural service,0.2864618,34.7542239,POINT (34.7542239 0.2864618),Kakamega,Lurambi Sub County,Sheywe Ward,POINT (34.751552253531116 0.2983992184916752)
1286,Vito Agrovet,Agricultural service,0.2177841,35.1146972,POINT (35.1146972 0.2177841),NANDI,Chesumei Sub County,Chemundu/kapng'etunyi Ward,POINT (35.08219001455915 0.2310030439429463)
1288,Baitany Agrovet Ltd.,Veterinary care,0.5384602,35.2938933,POINT (35.2938933 0.5384602),Uasin Gishu,Moiben Sub County,Kimumu Ward,POINT (35.28827121759571 0.5504045369212042)
1289,Trans County Agrovet,Veterinary care,1.0185282,35.0030593,POINT (35.0030593 1.0185282),TRANS NZOIA,Kiminini  Sub County,Hospital Ward,POINT (35.0379366335449 1.015107424398582)
1290,Eden Agrovet,Agrochemicals supplier,0.7328256,34.8306721,POINT (34.8306721 0.7328256),Bungoma,Tongaren Sub County,Milima Ward,POINT (34.84557431318137 0.7744223572810434)
1291,Siberian Agrovet,Agrochemicals supplier,0.2951461,34.7633907,POINT (34.7633907 0.2951461),Kakamega,Lurambi Sub County,Sheywe Ward,POINT (34.751552253531116 0.2983992184916752)
1292,Jodefa Agrovets and farm supplies Bukembe,Agrochemicals supplier,0.612296,34.6557327,POINT (34.6557327 0.612296),Bungoma,Kanduyi Sub County,Bukembe East Ward,POINT (34.66104519358547 0.5796119794932332)
1293,Freeman Agrovet,Agrochemicals supplier,0.7370312,34.5817336,POINT (34.5817336 0.7370312),Bungoma,Kabuchai Sub County,Kabuchai/chwele Ward,POINT (34.57622867860783 0.7053756191782563)
1294,A. I Services & Agrovet,Agricultural service,0.3179309,35.1693193,POINT (35.1693193 0.3179309),NANDI,Chesumei Sub County,Lelmoko/ngechek Ward,POINT (35.18096517621614 0.3411686922288132)
1295,Kisot Store Agrovet,Agricultural service,0.5536974,35.3117374,POINT (35.3117374 0.5536974),Uasin Gishu,Moiben Sub County,Kimumu Ward,POINT (35.28827121759571 0.5504045369212042)
1296,Neema Agrovet,Agricultural service,0.8785604,35.1200798,POINT (35.1200798 0.8785604),Uasin Gishu,Soy Sub County,Moi's Bridge Ward,POINT (35.1668646430247 0.8910557301730416)
1297,Tarakwo Agrovet,Veterinarian,0.2189581,35.4296933,POINT (35.4296933 0.2189581),Uasin Gishu,Ainabkoi Sub County,Ainabkoi/olare Ward,POINT (35.49969826431269 0.2041446577264734)
1298,JIIBO FARM AND SUPPLIES,Agricultural service,0.4462051,34.853379,POINT (34.853379 0.4462051),Kakamega,Malava Sub County,Shirungu-mugai Ward,POINT (34.78961052457488 0.4572817721445046)
1299,Lid - Ways Agrovet,Agricultural service,0.6339432,35.0498578,POINT (35.0498578 0.6339432),Uasin Gishu,Turbo Sub County,Tapsagoi Ward,POINT (35.071581691462654 0.5928352925610794)
1300,Nyota Agrovet,Veterinary care,0.7164158,34.9422622,POINT (34.9422622 0.7164158),Kakamega,Lugari Sub County,Lugari Ward,POINT (34.9260537835735 0.6758658841481394)
1301,Botanic Agro - Vet,Agricultural service,1.0147383,35.0025444,POINT (35.0025444 1.0147383),TRANS NZOIA,Saboti  Sub County,Matisi Ward,POINT (34.97465905661398 0.9966624894416383)
1302,Sadena Agrovet Agrovet,Agrochemicals supplier,0.4483439,34.853851,POINT (34.853851 0.4483439),Kakamega,Malava Sub County,Shirungu-mugai Ward,POINT (34.78961052457488 0.4572817721445046)
1303,Mkulima Agrovet,Pet supply store,0.5545295,35.3130254,POINT (35.3130254 0.5545295),Uasin Gishu,Moiben Sub County,Kimumu Ward,POINT (35.28827121759571 0.5504045369212042)
1304,Kamanda Agrovet,Agrochemicals supplier,0.823745,35.05984,POINT (35.05984 0.823745),Kakamega,Likuyani Sub County,Nzoia Ward,POINT (35.07390845658178 0.8235304968373425)
1305,Amakobe Agrovet,Agrochemicals supplier,0.2827307,34.7518631,POINT (34.7518631 0.2827307),Kakamega,Lurambi Sub County,Sheywe Ward,POINT (34.751552253531116 0.2983992184916752)
1306,omusale agrovet,Animal feed store,0.5639539,34.5608964,POINT (34.5608964 0.5639539),Bungoma,Kanduyi Sub County,Township Ward,POINT (34.55410375010666 0.5760660503190976)
1307,Kamoiywo Agrovet,Agricultural service,0.3175269,35.1688513,POINT (35.1688513 0.3175269),NANDI,Chesumei Sub County,Lelmoko/ngechek Ward,POINT (35.18096517621614 0.3411686922288132)
1308,Osorongai Agrovet,Agrochemicals supplier,0.6511003,34.8761564,POINT (34.8761564 0.6511003),Kakamega,Lugari Sub County,Lugari Ward,POINT (34.9260537835735 0.6758658841481394)
1309,Skynet Agrovet,Agrochemicals supplier,0.890232,34.926071,POINT (34.926071 0.890232),TRANS NZOIA,Kiminini  Sub County,Kiminini Ward,POINT (34.939944520288535 0.8923167836331245)
1310,Kabras Agrovet,Agricultural service,0.4453788,34.8531878,POINT (34.8531878 0.4453788),Kakamega,Malava Sub County,Shirungu-mugai Ward,POINT (34.78961052457488 0.4572817721445046)
1311,Planet Agrovet,Agrochemicals supplier,0.6511003,34.8761564,POINT (34.8761564 0.6511003),Kakamega,Lugari Sub County,Lugari Ward,POINT (34.9260537835735 0.6758658841481394)
1312,Groshen Agrovet,Veterinary care,1.0190956,35.0017375,POINT (35.0017375 1.0190956),TRANS NZOIA,Saboti  Sub County,Tuwani Ward,POINT (34.990470961186595 1.0264236024324973)
1313,Highway Agrovet,Veterinary care,0.552034,35.3109526,POINT (35.3109526 0.552034),Uasin Gishu,Moiben Sub County,Kimumu Ward,POINT (35.28827121759571 0.5504045369212042)
1314,Mkulima Agro-vet By John Bosire,Agrochemicals supplier,0.7841887,34.789246,POINT (34.789246 0.7841887),Bungoma,Kimilili Sub County,Kamukuywa Ward,POINT (34.78840265700599 0.8013527479755483)
1315,Farmers Choice Agrovet,Veterinary care,0.2214302,34.8122654,POINT (34.8122654 0.2214302),Kakamega,Shinyalu Sub County,Isukha Central Ward,POINT (34.82309820465844 0.2240882930503962)
1316,Royal Farm Agrovet,Agrochemicals supplier,0.5492942,35.2454923,POINT (35.2454923 0.5492942),Uasin Gishu,Turbo Sub County,Kiplombe Ward,POINT (35.22981043416877 0.6252417660149396)
1317,Imani Agrovet,Agrochemicals supplier,0.2866961,34.7561908,POINT (34.7561908 0.2866961),Kakamega,Lurambi Sub County,Mahiakalo Ward,POINT (34.77698843048302 0.2944673793185061)
1318,Tarakwa Agrovet Ltd.,Agrochemicals supplier,0.5174524,35.27446,POINT (35.27446 0.5174524),Uasin Gishu,Turbo Sub County,Huruma Ward,POINT (35.24920379117102 0.5266145661594062)
1319,Lelan Agrovet,Agrochemicals supplier,1.2021776,35.2848567,POINT (35.2848567 1.2021776),WEST POKOT,Pokot South Sub County,Lelan Ward,POINT (35.30815913775586 1.204566576180442)
1320,Mazop Enterprises Ltd,Agricultural service,1.0138693,35.0027642,POINT (35.0027642 1.0138693),TRANS NZOIA,Saboti  Sub County,Matisi Ward,POINT (34.97465905661398 0.9966624894416383)
1321,Paves Vetagro Limited,Agrochemicals supplier,1.0169425,35.0010929,POINT (35.0010929 1.0169425),TRANS NZOIA,Saboti  Sub County,Matisi Ward,POINT (34.97465905661398 0.9966624894416383)
1322,LINGO FARM AGROVET,Veterinary care,0.2820431,34.7463168,POINT (34.7463168 0.2820431),Kakamega,Lurambi Sub County,Sheywe Ward,POINT (34.751552253531116 0.2983992184916752)
1323,Amanya-Agrovet,Agricultural service,0.376461,34.926984,POINT (34.926984 0.376461),Kakamega,Shinyalu Sub County,Isukha North Ward,POINT (34.88377081876774 0.3580218803999926)
1325,JIREH AGROVET,Agrochemicals supplier,1.0528259,35.1018809,POINT (35.1018809 1.0528259),TRANS NZOIA,Cherangany Sub County,Sitatunga Ward,POINT (35.09780622885296 1.0620991766560042)
1326,MUMETET VISION AGROVET,Veterinary care,0.728963,35.3005934,POINT (35.3005934 0.728963),Uasin Gishu,Soy Sub County,Soy Ward,POINT (35.244756941761835 0.7133697763216578)
1327,NARU Agrovet,Agrochemicals supplier,0.2826668,35.2756861,POINT (35.2756861 0.2826668),Uasin Gishu,Kesses Sub County,Tulwet/chiyat Ward,POINT (35.34006609967266 0.2595346390229838)
1328,LinFidway Agrovet,Agrochemicals supplier,0.836864,34.5578618,POINT (34.5578618 0.836864),Bungoma,Cheptais Sub County,Chepyuk Ward,POINT (34.5655609142478 0.8630964889161821)
1329,Bidii Farmers Agrovet Malava Kabras,Agricultural service,0.4466148,34.8534053,POINT (34.8534053 0.4466148),Kakamega,Malava Sub County,Shirungu-mugai Ward,POINT (34.78961052457488 0.4572817721445046)
1330,Njiwa agrovet,Agrochemicals supplier,0.4486857,34.8573712,POINT (34.8573712 0.4486857),Kakamega,Malava Sub County,Chemuche Ward,POINT (34.883992022866565 0.436743446307246)
1331,Wasima Agrovet,Agricultural service,0.9852808,35.0125531,POINT (35.0125531 0.9852808),TRANS NZOIA,Kiminini  Sub County,Hospital Ward,POINT (35.0379366335449 1.015107424398582)
1332,Allutah's Agrovet Kamukuywa,Agrochemicals supplier,0.7795364,34.7896832,POINT (34.7896832 0.7795364),Bungoma,Kimilili Sub County,Kamukuywa Ward,POINT (34.78840265700599 0.8013527479755483)
1333,Nalulingo Agrovet Limited,Veterinary care,0.604931,34.773058,POINT (34.773058 0.604931),Bungoma,Webuye West Sub County,Matulo Ward,POINT (34.73657176535494 0.6179092998023894)
1334,Pilot Vestar Agrovet,Agrochemicals supplier,0.536323,35.2451324,POINT (35.2451324 0.536323),Uasin Gishu,Turbo Sub County,Huruma Ward,POINT (35.24920379117102 0.5266145661594062)
1335,Shamba Bora Agrovet,Veterinary care,0.5190619,35.2701945,POINT (35.2701945 0.5190619),Uasin Gishu,Turbo Sub County,Huruma Ward,POINT (35.24920379117102 0.5266145661594062)
1336,Vinsa Agrovet Bukembe,Agricultural service,0.6118956,34.6542773,POINT (34.6542773 0.6118956),Bungoma,Kanduyi Sub County,Bukembe East Ward,POINT (34.66104519358547 0.5796119794932332)
1337,Agrovet Fancels Investments Retail Shop,Veterinary care,0.2365875,35.1713091,POINT (35.1713091 0.2365875),NANDI,Emgwen Sub County,Kilibwoni Ward,POINT (35.20033978721834 0.2155702971292909)
1338,KABOTIK AGROVET,Veterinary care,0.4484698,35.2411632,POINT (35.2411632 0.4484698),Uasin Gishu,Kapseret Sub County,Simat/ Kapseret Ward,POINT (35.201315201933504 0.4723851751958756)
1339,THE CROWN ROYALE AGROVET KIMININI,Agrochemicals supplier,0.8897561,34.926419,POINT (34.926419 0.8897561),TRANS NZOIA,Kiminini  Sub County,Kiminini Ward,POINT (34.939944520288535 0.8923167836331245)
1340,Highlands Agrovet,Agrochemicals supplier,0.2928197,34.6635297,POINT (34.6635297 0.2928197),Kakamega,Lurambi Sub County,Butsotso Central Ward,POINT (34.67390697545656 0.2758927872038444)
1341,Marambach Farmers Agrovet,Agrochemicals supplier,1.0054009,34.9191758,POINT (34.9191758 1.0054009),TRANS NZOIA,Saboti  Sub County,Kinyoro Ward,POINT (34.83162377536358 0.9954215690498321)
1342,VETLINE AGROVET,Agrochemicals supplier,0.4674838,35.2586694,POINT (35.2586694 0.4674838),Uasin Gishu,Kesses Sub County,Racecourse Ward,POINT (35.279054541260535 0.474700856765778)
1343,Chera Agrovet,Veterinary care,1.0144163,35.0027817,POINT (35.0027817 1.0144163),TRANS NZOIA,Saboti  Sub County,Matisi Ward,POINT (34.97465905661398 0.9966624894416383)
1344,Mkulima Hodari Agrovet,Veterinary care,1.020961,35.0004405,POINT (35.0004405 1.020961),TRANS NZOIA,Saboti  Sub County,Tuwani Ward,POINT (34.990470961186595 1.0264236024324973)
1345,Pleasant Hill Agrovet,Agrochemicals supplier,0.5908497,34.5699869,POINT (34.5699869 0.5908497),Bungoma,Kabuchai Sub County,West Nalondo Ward,POINT (34.577316631245665 0.6295114462617848)
1346,Tumaini Agrovet,Veterinary care,0.2847716,34.7530496,POINT (34.7530496 0.2847716),Kakamega,Lurambi Sub County,Sheywe Ward,POINT (34.751552253531116 0.2983992184916752)
1347,Ultra Farmcare Agrovet,Veterinary care,0.560025,34.5597868,POINT (34.5597868 0.560025),Bungoma,Kanduyi Sub County,Township Ward,POINT (34.55410375010666 0.5760660503190976)
1348,Sango Agrovet,Agrochemicals supplier,0.6511003,34.8761564,POINT (34.8761564 0.6511003),Kakamega,Lugari Sub County,Lugari Ward,POINT (34.9260537835735 0.6758658841481394)
1349,Berur Agrovet,Agrochemicals supplier,0.5142775,35.2697802,POINT (35.2697802 0.5142775),Uasin Gishu,Kapseret Sub County,Kipkenyo Ward,POINT (35.241663391216015 0.516542668763661)
1350,Baharini Agrovet,Agrochemicals supplier,0.5888814,35.2136448,POINT (35.2136448 0.5888814),Uasin Gishu,Turbo Sub County,Kiplombe Ward,POINT (35.22981043416877 0.6252417660149396)
1351,Sirikwa Dairies Agrovet,Agrochemicals supplier,0.6668495,35.109084,POINT (35.109084 0.6668495),Kakamega,Likuyani Sub County,Likuyani Ward,POINT (35.10556280712403 0.6795631424542931)
1352,Tulin Agrovet,Agrochemicals supplier,0.9819297,35.2203986,POINT (35.2203986 0.9819297),TRANS NZOIA,Cherangany Sub County,Motosiet Ward,POINT (35.17461702052381 0.9651776288198058)
1353,Pregen Maraba Agrovet,Agrochemicals supplier,0.2910669,34.7477647,POINT (34.7477647 0.2910669),Kakamega,Lurambi Sub County,Sheywe Ward,POINT (34.751552253531116 0.2983992184916752)
1354,Anga Agrovet,Agrochemicals supplier,0.2812283,34.725883,POINT (34.725883 0.2812283),Kakamega,Lurambi Sub County,Butsotso Central Ward,POINT (34.67390697545656 0.2758927872038444)
1355,Brand Agro Limited,Agrochemicals supplier,1.038479,35.0333699,POINT (35.0333699 1.038479),TRANS NZOIA,Kwanza  Sub County,Bidii Ward,POINT (35.01564522284264 1.0482045519961816)
1356,SACHEM AGROVET,Agrochemicals supplier,0.6016938,35.769088,POINT (35.769088 0.6016938),BARINGO,Baringo North Sub County,Kabartonjo Ward,POINT (35.761743813555995 0.6310449570207114)
1357,Tumaini Kipkorgot Farm,Agrochemicals supplier,0.4819092,35.3446432,POINT (35.3446432 0.4819092),Uasin Gishu,Ainabkoi Sub County,Kapsoya Ward,POINT (35.32595572267985 0.5100045688932555)
1358,Moiben Agrovet,Veterinary care,0.6094706,35.3943543,POINT (35.3943543 0.6094706),Uasin Gishu,Moiben Sub County,Tembelio Ward,POINT (35.420122596350026 0.5599624837878279)
1359,Kimaran Agrovet,Agrochemicals supplier,0.8904834,34.9261002,POINT (34.9261002 0.8904834),TRANS NZOIA,Kiminini  Sub County,Kiminini Ward,POINT (34.939944520288535 0.8923167836331245)
1360,Simat Agrovet,Agrochemicals supplier,0.5343521,35.2438424,POINT (35.2438424 0.5343521),Uasin Gishu,Turbo Sub County,Huruma Ward,POINT (35.24920379117102 0.5266145661594062)
1361,Eldoret Top Line Agrovet,Veterinary care,0.5151784,35.2755547,POINT (35.2755547 0.5151784),Uasin Gishu,Turbo Sub County,Huruma Ward,POINT (35.24920379117102 0.5266145661594062)
1362,Luna Agrovet,Agrochemicals supplier,0.5925244,34.5521378,POINT (34.5521378 0.5925244),Bungoma,Kanduyi Sub County,Township Ward,POINT (34.55410375010666 0.5760660503190976)
1363,Enka Agrovet,Veterinary care,0.4742195,35.3011573,POINT (35.3011573 0.4742195),Uasin Gishu,Kesses Sub County,Cheptiret/kipchamo Ward,POINT (35.36486456159063 0.3817283782927768)
1364,Blessed Hand Agrovet,Agricultural service,0.3002528,34.5817357,POINT (34.5817357 0.3002528),Kakamega,Mumias East Sub County,Lusheya Lubinu Ward,POINT (34.535646844351724 0.2995103184214271)
1365,Ndwiga Agrovet,Agrochemicals supplier,0.2613993,34.840329,POINT (34.840329 0.2613993),Kakamega,Shinyalu Sub County,Murhanda Ward,POINT (34.81040676407529 0.2665339846082892)
1366,Mkulima Agrovet,Veterinary care,0.2873117,34.7533286,POINT (34.7533286 0.2873117),Kakamega,Lurambi Sub County,Sheywe Ward,POINT (34.751552253531116 0.2983992184916752)
1367,BARAKA AGROVET,Agrochemicals supplier,0.9832265,35.0253004,POINT (35.0253004 0.9832265),TRANS NZOIA,Kiminini  Sub County,Hospital Ward,POINT (35.0379366335449 1.015107424398582)
1368,AGROVET,Veterinary care,0.663063,35.5054678,POINT (35.5054678 0.663063),ELGEYO-MARAKWET,Keiyo North Sub County,Kapchemutwa Ward,POINT (35.51513110313311 0.7636934965971696)
1369,Agrovet,Agrochemicals supplier,0.569745,34.5583335,POINT (34.5583335 0.569745),Bungoma,Kanduyi Sub County,Township Ward,POINT (34.55410375010666 0.5760660503190976)
1370,Riptany Agrovet,Animals,0.2010187,35.0969336,POINT (35.0969336 0.2010187),NANDI,Emgwen Sub County,Kapsabet Ward,POINT (35.079329872776306 0.16406181476995)
1371,Kosyin Agrovet,Agricultural service,0.2014961,35.0961276,POINT (35.0961276 0.2014961),NANDI,Chesumei Sub County,Chemundu/kapng'etunyi Ward,POINT (35.08219001455915 0.2310030439429463)
1372,NANDI AGROVET,Veterinary care,0.168683,35.1318596,POINT (35.1318596 0.168683),NANDI,Emgwen Sub County,Kilibwoni Ward,POINT (35.20033978721834 0.2155702971292909)
1373,Pooja Agrovet,Agricultural service,0.2012604,35.0958671,POINT (35.0958671 0.2012604),NANDI,Chesumei Sub County,Chemundu/kapng'etunyi Ward,POINT (35.08219001455915 0.2310030439429463)
1374,Shamba Bora Agrovet,Agricultural service,0.3173201,35.1680955,POINT (35.1680955 0.3173201),NANDI,Chesumei Sub County,Lelmoko/ngechek Ward,POINT (35.18096517621614 0.3411686922288132)
1375,Mooland AGROVET,Farm shop,0.2282304,35.1440339,POINT (35.1440339 0.2282304),NANDI,Chesumei Sub County,Kosirai Ward,POINT (35.13961594119978 0.273904576983714)
1376,Baraka Agrovet,Hay supplier,0.3865783,35.1895081,POINT (35.1895081 0.3865783),NANDI,Chesumei Sub County,Lelmoko/ngechek Ward,POINT (35.18096517621614 0.3411686922288132)
1377,Moiben Connections Agrovet,Agrochemicals supplier,0.5150129,35.2748988,POINT (35.2748988 0.5150129),Uasin Gishu,Turbo Sub County,Huruma Ward,POINT (35.24920379117102 0.5266145661594062)
1378,Kabongwa Agrovet,Agricultural service,0.2020557,35.1168289,POINT (35.1168289 0.2020557),NANDI,Emgwen Sub County,Kapsabet Ward,POINT (35.079329872776306 0.16406181476995)
1379,Nagil Agrovet,Agrochemicals supplier,0.2034434,35.2895128,POINT (35.2895128 0.2034434),NANDI,Nandi East Sub County,Ol'lessos Ward,POINT (35.30688603726555 0.180692439601619)
1380,Nyadimo Agrovet,Agricultural service,-0.1037146,34.7576563,POINT (34.7576563 -0.1037146),Kisumu,Kisumu Central Sub County,Market Milimani Ward,POINT (34.755095386599535 -0.1097120955099151)
1381,NARU Agrovet,Agrochemicals supplier,0.2826668,35.2756861,POINT (35.2756861 0.2826668),Uasin Gishu,Kesses Sub County,Tulwet/chiyat Ward,POINT (35.34006609967266 0.2595346390229838)
1382,JIIBO FARM AND SUPPLIES,Agricultural service,0.4462051,34.853379,POINT (34.853379 0.4462051),Kakamega,Malava Sub County,Shirungu-mugai Ward,POINT (34.78961052457488 0.4572817721445046)
1383,HIGHWAY AGROVET,Veterinary care,-0.0553999,35.048376,POINT (35.048376 -0.0553999),NANDI,Tinderet Sub County,Chemelil/chemase Ward,POINT (35.09642938254533 -0.0140602103640026)
1384,Nguzo Agrovet Limited Nairobi,Agrochemicals supplier,-1.2880604,36.8294039,POINT (36.8294039 -1.2880604),Nairobi,Starehe  Sub County,Nairobi Central Ward,POINT (36.824809527717356 -1.2852558043391356)
1385,Metkei - Gaa Agrovet,Animal feed store,0.5143893,35.2765443,POINT (35.2765443 0.5143893),Uasin Gishu,Moiben Sub County,Kimumu Ward,POINT (35.28827121759571 0.5504045369212042)
1386,Soweto Agrovet,Agrochemicals supplier,0.2867785,35.2939057,POINT (35.2939057 0.2867785),Uasin Gishu,Kesses Sub County,Tulwet/chiyat Ward,POINT (35.34006609967266 0.2595346390229838)
1387,Masimba Agrovet Ltd,Agrochemicals supplier,-1.2772066,36.9085091,POINT (36.9085091 -1.2772066),Nairobi,Embakasi Central Sub County,Kayole South Ward,POINT (36.913987817584676 -1.2778353677648795)
1388,Amanya-Agrovet,Agricultural service,0.376461,34.926984,POINT (34.926984 0.376461),Kakamega,Shinyalu Sub County,Isukha North Ward,POINT (34.88377081876774 0.3580218803999926)
1389,Kabras Agrovet,Agricultural service,0.4453788,34.8531878,POINT (34.8531878 0.4453788),Kakamega,Malava Sub County,Shirungu-mugai Ward,POINT (34.78961052457488 0.4572817721445046)
1390,New Wambugo AgroVET & M-PESA,Veterinarian,-1.1882938,36.7715707,POINT (36.7715707 -1.1882938),Kiambu,Kiambaa Sub County,Muchatha Ward,POINT (36.781150084263814 -1.1869685682395112)
1391,Agrovet Animal Feeds,Veterinary care,-1.229665,36.6975391,POINT (36.6975391 -1.229665),Kiambu,Kabete Sub County,Gitaru,POINT (36.68969303833802 -1.2329204234240494)
1392,HUDUMA AGROVET,Veterinary care,-1.1587116,36.8396352,POINT (36.8396352 -1.1587116),Kiambu,Kiambu Town Sub County,Riabai Ward,POINT (36.83742199518029 -1.1626607271594795)
1393,Agrovet,Veterinary care,-1.062527,36.7211343,POINT (36.7211343 -1.062527),Kiambu,Githunguri Sub County,Githiga Ward,POINT (36.7246527829941 -1.0761889675128684)
1394,Farmers Point Agrovet Kwa Njeri.,Veterinarian,-0.9367801,36.9045521,POINT (36.9045521 -0.9367801),Kiambu,Gatundu North Sub County,Gituamba Ward,POINT (36.85003722885198 -0.9007897469632289)
1396,Saltany agrovet services,Agricultural service,0.5142775,35.2697802,POINT (35.2697802 0.5142775),Uasin Gishu,Kapseret Sub County,Kipkenyo Ward,POINT (35.241663391216015 0.516542668763661)
1399,Kenagro Suppliers Ltd,Agrochemicals supplier,-1.1877363,36.9986322,POINT (36.9986322 -1.1877363),Kiambu,Ruiru Sub County,Gatongora Ward,POINT (37.05306191074979 -1.198784483976087)
1401,Serian Agrovet Ltd,Animal feed store,-1.4302599,36.6862798,POINT (36.6862798 -1.4302599),KAJIADO,Kajiado West Sub County,Keekonyokie Ward,POINT (36.534469979822724 -1.578802086673363)
1402,Agrovet & Vet. Services,Veterinary care,-0.9072042,36.9408122,POINT (36.9408122 -0.9072042),Muranga,Gatanga Sub County,Kihumbu-ini Ward,POINT (36.97510329935594 -0.9222470597245955)
1403,Lenana Agrovet-Kitengela,Arborist service,-1.451789,36.978099,POINT (36.978099 -1.451789),Machakos,Athi River Sub County,Athi River Ward,POINT (36.94935392531766 -1.4627544136678376)
1404,Janice agrovet,Veterinary pharmacy,-1.2026809,36.7700561,POINT (36.7700561 -1.2026809),Kiambu,Kiambaa Sub County,Ndenderu Ward,POINT (36.74650037861791 -1.1984892987208597)
1406,Kenya veterinary vaccines production institute (kevevapi),Contractor,-1.3220297,36.8574313,POINT (36.8574313 -1.3220297),Nairobi,Starehe  Sub County,Nairobi South Ward,POINT (36.85066239007016 -1.3196059930467552)
1407,Farmers Agrovet & Animal Feeds,Veterinary care,-1.2343084,36.6775926,POINT (36.6775926 -1.2343084),Kiambu,Kabete Sub County,Gitaru,POINT (36.68969303833802 -1.2329204234240494)
1409,Greenlife Crop Protection Africa Ltd,Agricultural service,-1.4192088,36.949398,POINT (36.949398 -1.4192088),Machakos,Athi River Sub County,Mathatani Ward,POINT (37.078558576313995 -1.3615165551391075)
1410,FARMERS AGROVET,Veterinary care,-0.7407655,36.9666305,POINT (36.9666305 -0.7407655),Muranga,Kiharu Sub County,Murarandia Ward,POINT (36.92553028818445 -0.7337863976124624)
1412,Kirwara Agro-vet,Animal feed store,-0.9294188,36.9426515,POINT (36.9426515 -0.9294188),Muranga,Gatanga Sub County,Gatanga Ward,POINT (36.92498473922396 -0.9137275310480958)
1413,Lukenya Agro - Vet Supplies Ltd,Animals,-1.4741356,36.9586956,POINT (36.9586956 -1.4741356),KAJIADO,Kajiado East Sub County,Oloosirkon/sholinke Ward,POINT (36.83545259390289 -1.4724753045722156)
1414,MASONGALENI AGROVET,Veterinary care,-1.4001133,36.9438438,POINT (36.9438438 -1.4001133),Machakos,Athi River Sub County,Syokimau-mulolongo Ward,POINT (36.9432619322176 -1.3659075816429718)
1415,Agrovet,Veterinary care,-0.9053389,37.0593233,POINT (37.0593233 -0.9053389),Muranga,Kandara Sub County,Kagundu-ini Ward,POINT (37.0713414856153 -0.9064292637087079)
1416,Naigaba Agrovet Shop.,Pet store,0.2962618,35.1523665,POINT (35.1523665 0.2962618),NANDI,Chesumei Sub County,Kosirai Ward,POINT (35.13961594119978 0.273904576983714)
1417,Abai Agrovet,Hay supplier,0.4825709,35.3382238,POINT (35.3382238 0.4825709),Uasin Gishu,Ainabkoi Sub County,Kapsoya Ward,POINT (35.32595572267985 0.5100045688932555)
1418,Orijo Agrovet,Agricultural service,0.2824495,34.7501963,POINT (34.7501963 0.2824495),Kakamega,Lurambi Sub County,Sheywe Ward,POINT (34.751552253531116 0.2983992184916752)
1419,Wayside Agrovet,Veterinary care,0.5911111,34.5649106,POINT (34.5649106 0.5911111),Bungoma,Kanduyi Sub County,Khalaba Ward,POINT (34.560897245853724 0.5721486039698392)
1421,RIPTANY AGROVET,Veterinary care,0.5369674,35.557575,POINT (35.557575 0.5369674),ELGEYO-MARAKWET,Keiyo South Sub County,Soy North Ward,POINT (35.595483526401566 0.4672873878466647)
1422,Menengai Agrovet & Veterinary Services,Animal feed store,-0.2840854,36.073468,POINT (36.073468 -0.2840854),Nakuru,Nakuru East  Sub County,Biashara Ward,POINT (36.079098368868536 -0.2911210199412062)
1423,Sinai Agrovet,Animal feed store,-1.2838416,37.0927277,POINT (37.0927277 -1.2838416),Machakos,Matungulu Sub County,Matungulu West Ward,POINT (37.21002618580145 -1.267366305300631)
1424,NYALODHI FARMERS AGROVET,Veterinary care,-0.4433452,34.9130157,POINT (34.9130157 -0.4433452),Homa Bay,Kabondo Kasipul Sub County,Kabondo East Ward,POINT (34.942341403499434 -0.4270689144404771)
1425,Sadena Agrovet Agrovet,Agrochemicals supplier,0.4483439,34.853851,POINT (34.853851 0.4483439),Kakamega,Malava Sub County,Shirungu-mugai Ward,POINT (34.78961052457488 0.4572817721445046)
1428,Pregen Maraba Agrovet,Agrochemicals supplier,0.2910669,34.7477647,POINT (34.7477647 0.2910669),Kakamega,Lurambi Sub County,Sheywe Ward,POINT (34.751552253531116 0.2983992184916752)
1429,Janto's Smart Feeds and Agrovet,Hay supplier,0.5072491,35.2952508,POINT (35.2952508 0.5072491),Uasin Gishu,Ainabkoi Sub County,Kapsoya Ward,POINT (35.32595572267985 0.5100045688932555)
1430,Luna Agrovet,Agrochemicals supplier,0.5925244,34.5521378,POINT (34.5521378 0.5925244),Bungoma,Kanduyi Sub County,Township Ward,POINT (34.55410375010666 0.5760660503190976)
1431,Pleasant Hill Agrovet,Agrochemicals supplier,0.5908497,34.5699869,POINT (34.5699869 0.5908497),Bungoma,Kabuchai Sub County,West Nalondo Ward,POINT (34.577316631245665 0.6295114462617848)
1432,Cheptabach Agrovet,Animal hospital,0.3566158,35.3553754,POINT (35.3553754 0.3566158),Uasin Gishu,Kesses Sub County,Cheptiret/kipchamo Ward,POINT (35.36486456159063 0.3817283782927768)
1434,Kavi Farm Agrovet,Agrochemicals supplier,-0.0993276,34.7514106,POINT (34.7514106 -0.0993276),Kisumu,Kisumu Central Sub County,Railways Ward,POINT (34.75363593994024 -0.0781187936308623)
1435,Uwezo Agrovet,Agrochemicals supplier,-0.7157466,36.432379,POINT (36.432379 -0.7157466),Nakuru,Naivasha  Sub County,Viwandani Ward,POINT (36.40535272236173 -0.7365931741943736)
1436,Parl Agrovet,Agrochemicals supplier,0.6526244,34.8757063,POINT (34.8757063 0.6526244),Kakamega,Lugari Sub County,Lugari Ward,POINT (34.9260537835735 0.6758658841481394)
1437,Sango Agrovet,Agrochemicals supplier,0.6511003,34.8761564,POINT (34.8761564 0.6511003),Kakamega,Lugari Sub County,Lugari Ward,POINT (34.9260537835735 0.6758658841481394)
1439,MOSOP ANIMAL FEEDS AND AGROVET,Animal feed store,0.3960972,35.3290046,POINT (35.3290046 0.3960972),Uasin Gishu,Kesses Sub County,Cheptiret/kipchamo Ward,POINT (35.36486456159063 0.3817283782927768)
1440,AGROVET,Veterinary care,-1.3085658,36.8620115,POINT (36.8620115 -1.3085658),Nairobi,Makadara  Sub County,Viwandani Ward,POINT (36.870949363235994 -1.3054704613630497)
1441,Bidii Farmers Agrovet Malava Kabras,Agricultural service,0.4466148,34.8534053,POINT (34.8534053 0.4466148),Kakamega,Malava Sub County,Shirungu-mugai Ward,POINT (34.78961052457488 0.4572817721445046)
1442,Kimilili Agrovets,Agrochemicals supplier,0.6698554,35.1608243,POINT (35.1608243 0.6698554),Uasin Gishu,Soy Sub County,Soy Ward,POINT (35.244756941761835 0.7133697763216578)
1443,NANDOLIA FARMERS AGROVET,Veterinary care,0.5722387,34.6537392,POINT (34.6537392 0.5722387),Bungoma,Kanduyi Sub County,Bukembe East Ward,POINT (34.66104519358547 0.5796119794932332)
1444,Farmerzone Agrovet,Store,-0.8299168,34.6857991,POINT (34.6857991 -0.8299168),Kisii,Bomachoge Chache Sub County,Bosoti Sengera Ward,POINT (34.707411266767394 -0.8567636715118637)
1446,Peva Agrovet -Nyamasaria,Agrochemicals supplier,-0.1142587,34.7860569,POINT (34.7860569 -0.1142587),Kisumu,Kisumu East Sub County,Manyatta B Ward,POINT (34.783091410426586 -0.099679928083373)
1448,Topfarm Agrovet,Veterinary care,-0.4560083,35.9791921,POINT (35.9791921 -0.4560083),Nakuru,Njoro  Sub County,Kihingo Ward,POINT (36.022379509183885 -0.4708287376076012)
1449,Greenland Agro-Vet,Veterinary care,0.1054402,35.1839534,POINT (35.1839534 0.1054402),NANDI,Nandi East Sub County,Nandi hills Ward,POINT (35.16539031545503 0.1081030379942692)
1450,Londiani Farmers Agrovet,Hardware store,-0.1245188,35.5994984,POINT (35.5994984 -0.1245188),Nakuru,Kuresoi North  Sub County,Kamara Ward,POINT (35.67042081805643 -0.1449476465122192)
1451,Dixa agrovet ltd,Agricultural service,0.2834775,34.7511629,POINT (34.7511629 0.2834775),Kakamega,Lurambi Sub County,Sheywe Ward,POINT (34.751552253531116 0.2983992184916752)
1452,Planet Agrovet,Agrochemicals supplier,0.6511003,34.8761564,POINT (34.8761564 0.6511003),Kakamega,Lugari Sub County,Lugari Ward,POINT (34.9260537835735 0.6758658841481394)
1453,Benlimo Agrovet Ratado - Ogada Junior,Agricultural service,0.1525883,34.1321785,POINT (34.1321785 0.1525883),Siaya,Ugenya Sub County,West Ugenya Ward,POINT (34.1470781197815 0.2086425706014999)
1455,Ndwiga Agrovet,Agrochemicals supplier,0.2613993,34.840329,POINT (34.840329 0.2613993),Kakamega,Shinyalu Sub County,Murhanda Ward,POINT (34.81040676407529 0.2665339846082892)
1456,AGROVET,Veterinary pharmacy,-0.6061398,35.3607597,POINT (35.3607597 -0.6061398),Bomet,Konoin Sub County,Embomos Ward,POINT (35.36196185558699 -0.6030683127624328)
1457,AFANDAS AGROVET,Veterinary care,0.0896706,34.7694179,POINT (34.7694179 0.0896706),Vihiga,Sabatia Sub County,North Maragoli Ward,POINT (34.76329757118771 0.0926431252967084)
1458,Baharini Agrovet,Agrochemicals supplier,0.5888814,35.2136448,POINT (35.2136448 0.5888814),Uasin Gishu,Turbo Sub County,Kiplombe Ward,POINT (35.22981043416877 0.6252417660149396)
1459,Mt.Kenya Agrovet,Veterinary care,-0.0046477,36.2284727,POINT (36.2284727 -0.0046477),Nakuru,Subukia  Sub County,Subukia Ward,POINT (36.20261520886201 -0.0170915658690508)
1460,Faulu Agrovet,Agrochemicals supplier,0.049075,34.7274582,POINT (34.7274582 0.049075),Vihiga,Vihiga Sub County,Central Maragoli Ward,POINT (34.71819655585433 0.0457020573469023)
1461,Jom Agrovet,Agrochemicals supplier,0.465431,35.2510993,POINT (35.2510993 0.465431),Uasin Gishu,Kapseret Sub County,Langas Ward,POINT (35.25538876134117 0.476603780575538)
1462,Farmshop Agrovet,Veterinary care,-0.6246742,34.5037154,POINT (34.5037154 -0.6246742),Homa Bay,Homa Bay Town Sub County,Homa Bay Central Ward,POINT (34.48676300510487 -0.595672326864463)
1463,Njiwa agrovet,Agrochemicals supplier,0.4486857,34.8573712,POINT (34.8573712 0.4486857),Kakamega,Malava Sub County,Chemuche Ward,POINT (34.883992022866565 0.436743446307246)
1464,Molol Kipsot Agrovet,Agrochemicals supplier,0.2114539,35.6706507,POINT (35.6706507 0.2114539),ELGEYO-MARAKWET,Keiyo South Sub County,Soy South Ward,POINT (35.657975688306955 0.2861968434376574)
1465,KILIMO AGROVET,Veterinary care,-0.8910821,37.041066,POINT (37.041066 -0.8910821),Muranga,Kandara Sub County,Kagundu-ini Ward,POINT (37.0713414856153 -0.9064292637087079)
1466,Fanaka Agrovet,Agrochemicals supplier,0.6561159,34.5897261,POINT (34.5897261 0.6561159),Bungoma,Kabuchai Sub County,Kabuchai/chwele Ward,POINT (34.57622867860783 0.7053756191782563)
1467,Ebenezer (Rosuri) Agrovet Yala,Agrochemicals supplier,0.0884689,34.5397984,POINT (34.5397984 0.0884689),Siaya,Gem Sub County,Yala Township Ward,POINT (34.530648300032794 0.1004134299011321)
1469,Siberian Agrovet,Agrochemicals supplier,0.2951461,34.7633907,POINT (34.7633907 0.2951461),Kakamega,Lurambi Sub County,Sheywe Ward,POINT (34.751552253531116 0.2983992184916752)
1470,Shrine Mobile Agrovet,Agrochemicals supplier,0.2791705,36.3162576,POINT (36.3162576 0.2791705),LAIKIPIA,Laikipia West Sub County,Marmanet Ward,POINT (36.37495465537911 0.263762344618404)
1471,Agrovet,Veterinary pharmacy,0.1411293,35.9009784,POINT (35.9009784 0.1411293),BARINGO,Mogotio Sub County,Emining Ward,POINT (35.946763395243316 0.2405535581964479)
1472,Molol Kipsot Agrovet,Agrochemicals supplier,0.2114539,35.6706507,POINT (35.6706507 0.2114539),ELGEYO-MARAKWET,Keiyo South Sub County,Soy South Ward,POINT (35.657975688306955 0.2861968434376574)
1473,Mt.Kenya Agrovet,Veterinary care,-0.0046477,36.2284727,POINT (36.2284727 -0.0046477),Nakuru,Subukia  Sub County,Subukia Ward,POINT (36.20261520886201 -0.0170915658690508)
1474,Temik Agrovet,Agrochemicals supplier,-0.1663065,35.588731,POINT (35.588731 -0.1663065),KERICHO,Kipkelion East Sub County,Kedowa/kimugul Ward,POINT (35.57777371768165 -0.223492133328235)
1475,Menengai Agrovet & Veterinary Services,Animal feed store,-0.2840854,36.073468,POINT (36.073468 -0.2840854),Nakuru,Nakuru East  Sub County,Biashara Ward,POINT (36.079098368868536 -0.2911210199412062)
1476,Joymesh agrovet,Agrochemicals supplier,0.1417641,35.8905616,POINT (35.8905616 0.1417641),BARINGO,Mogotio Sub County,Emining Ward,POINT (35.946763395243316 0.2405535581964479)
1477,Sokee Agrovet & Veterinary Services,Veterinary care,0.0484355,35.7248792,POINT (35.7248792 0.0484355),BARINGO,Koibatek Sub County,Ravine Ward,POINT (35.72760217648503 0.0182994034569778)
1478,SACHEM AGROVET,Agrochemicals supplier,0.6016938,35.769088,POINT (35.769088 0.6016938),BARINGO,Baringo North Sub County,Kabartonjo Ward,POINT (35.761743813555995 0.6310449570207114)
1479,MOREKA AGROVET,Veterinary pharmacy,0.9860361,35.9721379,POINT (35.9721379 0.9860361),BARINGO,Tiaty Sub County,Ribkwo Ward,POINT (35.95584047292547 1.0401788825578282)
1480,Kokwet Agrovet,Agrochemicals supplier,-0.1690235,35.7038926,POINT (35.7038926 -0.1690235),Nakuru,Kuresoi North  Sub County,Kamara Ward,POINT (35.67042081805643 -0.1449476465122192)
1481,Mwalimu Agrovet,Agrochemicals supplier,0.4699507,35.981607,POINT (35.981607 0.4699507),BARINGO,Marigat Sub County,Marigat Ward,POINT (35.8968700318132 0.4355328331260753)
1482,SAVANNAH AGROVET,Veterinary care,-0.023017,35.9672473,POINT (35.9672473 -0.023017),Nakuru,Rongai  Sub County,Soin Ward,POINT (35.98633769041876 -0.0520586656684662)
1483,Cheplanget Agrovet,Agrochemicals supplier,-0.1660305,35.5916456,POINT (35.5916456 -0.1660305),KERICHO,Kipkelion East Sub County,Kedowa/kimugul Ward,POINT (35.57777371768165 -0.223492133328235)
1484,RIVA AGROVET,Agrochemicals supplier,-0.2882026,36.075727,POINT (36.075727 -0.2882026),Nakuru,Nakuru East  Sub County,Biashara Ward,POINT (36.079098368868536 -0.2911210199412062)
1485,Milan Agrovet,Agrochemicals supplier,-0.1663397,35.5903907,POINT (35.5903907 -0.1663397),KERICHO,Kipkelion East Sub County,Kedowa/kimugul Ward,POINT (35.57777371768165 -0.223492133328235)
1486,Calvas Agrovet,Veterinary care,-0.0276391,35.8720644,POINT (35.8720644 -0.0276391),BARINGO,Mogotio Sub County,Mogotio Ward,POINT (35.86196214468917 0.0806790482196409)
1487,RIMA AGROVET,Agrochemicals supplier,0.5378672,36.4858616,POINT (36.4858616 0.5378672),LAIKIPIA,Laikipia North Sub County,Sosian Ward,POINT (36.64902506567075 0.6065380623234629)
1488,KAWANGWARE 46 AGROVET,Veterinary care,0.9072876,35.48589,POINT (35.48589 0.9072876),ELGEYO-MARAKWET,Marakwet West Sub County,Moiben Kuserwo Ward,POINT (35.4969736561162 0.928755489263844)
1489,MOHSON INPUTS AGROVET,Agrochemicals supplier,-0.2877426,36.0757136,POINT (36.0757136 -0.2877426),Nakuru,Nakuru East  Sub County,Biashara Ward,POINT (36.079098368868536 -0.2911210199412062)
1490,Orijo Agrovet,Agricultural service,0.2824495,34.7501963,POINT (34.7501963 0.2824495),Kakamega,Lurambi Sub County,Sheywe Ward,POINT (34.751552253531116 0.2983992184916752)
1491,Mazao Agrovet,Agrochemicals supplier,-0.0768886,36.552321,POINT (36.552321 -0.0768886),NYANDARUA,Ndaragwa Sub County,Central Ward,POINT (36.542929797490025 -0.0709427571752948)
1492,Highway Agrovet Emining,Veterinary pharmacy,0.1417185,35.889938,POINT (35.889938 0.1417185),BARINGO,Mogotio Sub County,Emining Ward,POINT (35.946763395243316 0.2405535581964479)
1493,Stageview Agrovet,Agrochemicals supplier,-0.5609053,37.04651,POINT (37.04651 -0.5609053),NYERI,Mukurweini Sub County,Mukurwe-ini central Ward,POINT (37.10781328419289 -0.5682772148055564)
1494,Animal Health Agrovet,Agrochemicals supplier,-0.3744021,35.9451804,POINT (35.9451804 -0.3744021),Nakuru,Njoro  Sub County,Njoro Ward,POINT (35.94458275060986 -0.3439991788871808)
1495,Naromoru Jubilee Farmers Agro & Vet supplies Ltd,Agrochemicals supplier,-0.1715416,37.0214101,POINT (37.0214101 -0.1715416),NYERI,Kieni East Sub County,Naromoru/kiamathaga Ward,POINT (37.10111469553748 -0.1636787723710145)
1496,Nyeri Farmers Agrovet,Agrochemicals supplier,-0.4225406,36.9520479,POINT (36.9520479 -0.4225406),NYERI,Nyeri Central Sub County,Rware Ward,POINT (36.94890415351513 -0.4225772371684778)
1497,RIPTANY AGROVET,Veterinary care,0.5369674,35.557575,POINT (35.557575 0.5369674),ELGEYO-MARAKWET,Keiyo South Sub County,Soy North Ward,POINT (35.595483526401566 0.4672873878466647)
1499,Crystal Agrovet,Agrochemicals supplier,-0.2159553,36.1649423,POINT (36.1649423 -0.2159553),Nakuru,Nakuru North  Sub County,Kabatini Ward,POINT (36.15826124960941 -0.2091809126208286)
1500,Baraka Agro vet,Agrochemicals supplier,-0.0806144,36.6464862,POINT (36.6464862 -0.0806144),LAIKIPIA,Laikipia East Sub County,Ngobit Ward,POINT (36.70191369469884 -0.0426852449438897)
1501,BARAKA Agrovet Njoro,Animal feed store,-0.316976,35.9301461,POINT (35.9301461 -0.316976),Nakuru,Njoro  Sub County,Njoro Ward,POINT (35.94458275060986 -0.3439991788871808)
1502,FARM-GATE AGROVET,Agrochemicals supplier,0.5142774,35.2697802,POINT (35.2697802 0.5142774),Uasin Gishu,Kapseret Sub County,Kipkenyo Ward,POINT (35.241663391216015 0.516542668763661)
1503,NJENDI FARMCARE AGROVET,Agrochemicals supplier,-0.080023,36.6464588,POINT (36.6464588 -0.080023),LAIKIPIA,Laikipia East Sub County,Ngobit Ward,POINT (36.70191369469884 -0.0426852449438897)
1504,Shamba Bora Agrovet,Agricultural service,0.3173201,35.1680955,POINT (35.1680955 0.3173201),NANDI,Chesumei Sub County,Lelmoko/ngechek Ward,POINT (35.18096517621614 0.3411686922288132)
1505,Mwihoko Agrovet,Agricultural service,0.000141,37.0705035,POINT (37.0705035 0.000141),LAIKIPIA,Laikipia East Sub County,Thingithu Ward,POINT (37.02411590666781 0.0228979074323809)
1506,Abai Agrovet,Hay supplier,0.4825709,35.3382238,POINT (35.3382238 0.4825709),Uasin Gishu,Ainabkoi Sub County,Kapsoya Ward,POINT (35.32595572267985 0.5100045688932555)
1507,Farmers Link Agrovet,Agrochemicals supplier,-0.5048639,37.2796948,POINT (37.2796948 -0.5048639),KIRINYAGA,Kirinyaga Central Sub County,Kerugoya Ward,POINT (37.28449519958003 -0.4980842403617933)
1508,Northland Farmers Agrovet,Agrochemicals supplier,0.0114891,37.0752194,POINT (37.0752194 0.0114891),LAIKIPIA,Laikipia East Sub County,Nanyuki Ward,POINT (37.089579051717116 0.0226569259593235)
1509,Kilimo Agrovet,Veterinary care,-0.283581,36.0721812,POINT (36.0721812 -0.283581),Nakuru,Nakuru East  Sub County,Biashara Ward,POINT (36.079098368868536 -0.2911210199412062)
1510,Ladith Ukulima Bora Agrovet,Veterinary pharmacy,-0.1745105,35.8623241,POINT (35.8623241 -0.1745105),Nakuru,Rongai  Sub County,Visoi Ward,POINT (35.87533802540722 -0.1562239693668206)
1511,Sunset Agrovet,Agrochemicals supplier,-0.3416891,36.3722548,POINT (36.3722548 -0.3416891),NYANDARUA,Olkalou Sub County,Kaimbaga Ward,POINT (36.398816715771524 -0.3411445598616596)
1513,Marubi Agrovet,Agrochemicals supplier,-0.422492,36.9514353,POINT (36.9514353 -0.422492),NYERI,Nyeri Central Sub County,Rware Ward,POINT (36.94890415351513 -0.4225772371684778)
1514,P.J Agrovet,Agricultural service,-0.2284102,36.1188677,POINT (36.1188677 -0.2284102),Nakuru,Nakuru North  Sub County,Kabatini Ward,POINT (36.15826124960941 -0.2091809126208286)
1516,Avanna Agrovet,Agrochemicals supplier,-0.6042214,36.5735477,POINT (36.5735477 -0.6042214),NYANDARUA,Kinangop Sub County,Engineer Ward,POINT (36.558680664518484 -0.6353847259245926)
1517,Sango Agrovet,Agrochemicals supplier,0.6511003,34.8761564,POINT (34.8761564 0.6511003),Kakamega,Lugari Sub County,Lugari Ward,POINT (34.9260537835735 0.6758658841481394)
1518,Country Focus Agrovets,Veterinary care,0.0356743,36.3657216,POINT (36.3657216 0.0356743),LAIKIPIA,Laikipia West Sub County,Igwamiti Ward,POINT (36.344894396248385 0.100131257872702)
1519,MEDINA AGROVET,Veterinary care,-0.4567529,35.9796875,POINT (35.9796875 -0.4567529),Nakuru,Njoro  Sub County,Kihingo Ward,POINT (36.022379509183885 -0.4708287376076012)
1520,Agrovet,Veterinary care,-0.2549883,36.2336289,POINT (36.2336289 -0.2549883),Nakuru,Nakuru North  Sub County,Dundori Ward,POINT (36.20090131341018 -0.245366690452566)
1521,Isaac agrovet,Animal feed store,-0.4971183,36.9056268,POINT (36.9056268 -0.4971183),NYERI,Tetu Sub County,Wamagana Ward,POINT (36.91877402205306 -0.485685311902874)
1522,Rift Farmers Agrovet,Agrochemicals supplier,0.8760018,35.1202517,POINT (35.1202517 0.8760018),Uasin Gishu,Soy Sub County,Moi's Bridge Ward,POINT (35.1668646430247 0.8910557301730416)
1523,GREEN FARM AGROVET,Veterinary care,-0.2978328,35.7961771,POINT (35.7961771 -0.2978328),Nakuru,Molo  Sub County,Elburgon Ward,POINT (35.791366915493505 -0.301137008887071)
1524,Lanet Wega Agrovet,Agrochemicals supplier,-0.2813274,36.1620769,POINT (36.1620769 -0.2813274),Nakuru,Nakuru North  Sub County,Lanet/umoja Ward,POINT (36.177657971248145 -0.2945098135339987)
1525,BARAKA AGROVET,Agrochemicals supplier,-0.5990599,36.8411747,POINT (36.8411747 -0.5990599),Muranga,Mathioya Sub County,Kiru Ward,POINT (36.80736728976927 -0.6330205681135442)
1526,FARMERS AGROVET,Veterinary care,-0.7407655,36.9666305,POINT (36.9666305 -0.7407655),Muranga,Kiharu Sub County,Murarandia Ward,POINT (36.92553028818445 -0.7337863976124624)
1527,Parl Agrovet,Agrochemicals supplier,0.6526244,34.8757063,POINT (34.8757063 0.6526244),Kakamega,Lugari Sub County,Lugari Ward,POINT (34.9260537835735 0.6758658841481394)
1528,Baraka agrovet,Store,-0.2398864,36.1150894,POINT (36.1150894 -0.2398864),Nakuru,Nakuru North  Sub County,Kabatini Ward,POINT (36.15826124960941 -0.2091809126208286)
1529,MADAN AGROVET SUPPLIER KAGIO,Agrochemicals supplier,-0.6222323,37.2581482,POINT (37.2581482 -0.6222323),KIRINYAGA,Kirinyaga North/Mwea West Sub County,Mutithi Ward,POINT (37.28014738576313 -0.6985932802234848)
1530,Tulwet Farmers Agrovet Limited,Agrochemicals supplier,-0.298346,35.2697802,POINT (35.2697802 -0.298346),KERICHO,Ainamoi Sub County,Ainamoi Ward,POINT (35.27855686799008 -0.271245516268031)
1531,GRACE-FARM AGROVET KIMILILI,Agricultural service,0.7881266,34.7155868,POINT (34.7155868 0.7881266),Bungoma,Kimilili Sub County,Kimilili Ward,POINT (34.72937125905546 0.751132961219027)
1533,Siberian Agrovet,Agrochemicals supplier,0.2951461,34.7633907,POINT (34.7633907 0.2951461),Kakamega,Lurambi Sub County,Sheywe Ward,POINT (34.751552253531116 0.2983992184916752)
1534,Highlands Agrovet,Agrochemicals supplier,0.2928197,34.6635297,POINT (34.6635297 0.2928197),Kakamega,Lurambi Sub County,Butsotso Central Ward,POINT (34.67390697545656 0.2758927872038444)
1535,Kabongwa Agrovet,Agricultural service,0.2020557,35.1168289,POINT (35.1168289 0.2020557),NANDI,Emgwen Sub County,Kapsabet Ward,POINT (35.079329872776306 0.16406181476995)
1536,New Downtown Agrovet- KRY BRANCH,General store,-0.5060832,37.2792951,POINT (37.2792951 -0.5060832),KIRINYAGA,Kirinyaga Central Sub County,Kerugoya Ward,POINT (37.28449519958003 -0.4980842403617933)
1537,Big vision agrovet,Animal feed store,-0.8710286,36.9103232,POINT (36.9103232 -0.8710286),Muranga,Gatanga Sub County,Kariara Ward,POINT (36.807785711737964 -0.8171632688787343)
1538,Kabras Agrovet,Agricultural service,0.4453788,34.8531878,POINT (34.8531878 0.4453788),Kakamega,Malava Sub County,Shirungu-mugai Ward,POINT (34.78961052457488 0.4572817721445046)
1539,Umoja Agrovet,Agrochemicals supplier,-0.2734375,36.3749375,POINT (36.3749375 -0.2734375),NYANDARUA,Olkalou Sub County,Karau Ward,POINT (36.33836429082202 -0.3201650790904106)
1540,Maralix Agrovet,Agrochemicals supplier,-0.3030991,36.0796997,POINT (36.0796997 -0.3030991),Nakuru,Nakuru East  Sub County,Flamingo Ward,POINT (36.07386210000332 -0.3066782293599167)
1541,Saltany agrovet services,Agricultural service,1.1591458,35.5005045,POINT (35.5005045 1.1591458),ELGEYO-MARAKWET,Marakwet East sub-county,Kapyego Ward,POINT (35.50593489301236 1.121012500358665)
1542,Baharini Agrovet,Agrochemicals supplier,0.5888814,35.2136448,POINT (35.2136448 0.5888814),Uasin Gishu,Turbo Sub County,Kiplombe Ward,POINT (35.22981043416877 0.6252417660149396)
1543,Tropical Farmers Agrovet Ltd,Agrochemicals supplier,-0.3705728,35.2832281,POINT (35.2832281 -0.3705728),KERICHO,Ainamoi Sub County,Kipchebor Ward,POINT (35.263309627664064 -0.3812216572231447)
1544,Greenfarm Agrovet Tuthu,Agricultural service,-0.6673701,36.8304668,POINT (36.8304668 -0.6673701),Muranga,Kangema Sub County,Rwathia Ward,POINT (36.87913501241619 -0.6609130060925739)
1545,Sadena Agrovet Agrovet,Agrochemicals supplier,0.4483439,34.853851,POINT (34.853851 0.4483439),Kakamega,Malava Sub County,Shirungu-mugai Ward,POINT (34.78961052457488 0.4572817721445046)
1546,Osorongai Agrovet,Agrochemicals supplier,0.6511003,34.8761564,POINT (34.8761564 0.6511003),Kakamega,Lugari Sub County,Lugari Ward,POINT (34.9260537835735 0.6758658841481394)
1547,RAMASE AGROVET,Agricultural service,-0.0018516,36.2277855,POINT (36.2277855 -0.0018516),Nakuru,Subukia  Sub County,Subukia Ward,POINT (36.20261520886201 -0.0170915658690508)
1548,Planet Agrovet,Agrochemicals supplier,0.6511003,34.8761564,POINT (34.8761564 0.6511003),Kakamega,Lugari Sub County,Lugari Ward,POINT (34.9260537835735 0.6758658841481394)
1550,Top Far & Agrovet,Agrochemicals supplier,-0.1906254,36.3826713,POINT (36.3826713 -0.1906254),NYANDARUA,Olkalou Sub County,Rurii Ward,POINT (36.37383790894949 -0.2153701227780209)
1551,Eshiyonzo Farm Input Agrovet,Agricultural service,0.2317671,34.5243162,POINT (34.5243162 0.2317671),Kakamega,Butere Sub County,Marama Central Ward,POINT (34.49695041017862 0.2496948980039616)
1553,Kimilili Agrovets,Agrochemicals supplier,0.6698554,35.1608243,POINT (35.1608243 0.6698554),Uasin Gishu,Soy Sub County,Soy Ward,POINT (35.244756941761835 0.7133697763216578)
1554,Lugano West Agrovet,Agricultural service,0.2822733,34.7482301,POINT (34.7482301 0.2822733),Kakamega,Lurambi Sub County,Sheywe Ward,POINT (34.751552253531116 0.2983992184916752)
1555,AGROVET,Veterinary pharmacy,-0.6061398,35.3607597,POINT (35.3607597 -0.6061398),Bomet,Konoin Sub County,Embomos Ward,POINT (35.36196185558699 -0.6030683127624328)
1556,KELAMON AGROVET,Agrochemicals supplier,-0.5659369,36.4997615,POINT (36.4997615 -0.5659369),NYANDARUA,Kinangop Sub County,Murungaru Ward,POINT (36.529331828997975 -0.5225332142026006)
1557,Silbu Agrovet,Agrochemicals supplier,-0.152524,35.9581245,POINT (35.9581245 -0.152524),Nakuru,Rongai  Sub County,Soin Ward,POINT (35.98633769041876 -0.0520586656684662)
1558,"Nicmah Agrovet, Naromoru",Agrochemicals supplier,-0.1718338,37.0216764,POINT (37.0216764 -0.1718338),NYERI,Kieni East Sub County,Naromoru/kiamathaga Ward,POINT (37.10111469553748 -0.1636787723710145)
1559,Mavuno Agrovet,Agrochemicals supplier,-0.5735178,35.6146934,POINT (35.6146934 -0.5735178),Nakuru,Kuresoi South  Sub County,Kiptagich Ward,POINT (35.60906839636192 -0.5829365738051759)
1560,Agrovet,Agrochemicals supplier,-0.3608043,35.4606043,POINT (35.4606043 -0.3608043),Nakuru,Kuresoi North  Sub County,Kiptororo Ward,POINT (35.50628820824799 -0.3489263326845924)
1561,Nagil Agrovet,Agrochemicals supplier,0.2034434,35.2895128,POINT (35.2895128 0.2034434),NANDI,Nandi East Sub County,Ol'lessos Ward,POINT (35.30688603726555 0.180692439601619)
1562,Spur Agrovet,Agrochemicals supplier,0.1292639,37.0299081,POINT (37.0299081 0.1292639),LAIKIPIA,Laikipia North Sub County,Segera Ward,POINT (36.88070675867516 0.2199299105250897)
1563,Prime Agro-vet,Agrochemicals supplier,-0.2656309,36.1051448,POINT (36.1051448 -0.2656309),Nakuru,Nakuru North  Sub County,Kiamaina Ward,POINT (36.08833504026461 -0.2313726187464565)
1564,Hope farm agrovet nanyuki,Agricultural service,0.0018551,37.074024,POINT (37.074024 0.0018551),NYERI,Kieni East Sub County,Gakawa Ward,POINT (37.09459756120993 -0.0842324296183947)
1565,fragnes agrovet,Agrochemicals supplier,0.0918595,37.5196113,POINT (37.5196113 0.0918595),MERU,Buuri Sub County,Kibirichia Ward,POINT (37.52472868684427 0.1282009595545097)
1566,KAPSERIO AGROVET,Veterinary care,-0.3199114,35.2195227,POINT (35.2195227 -0.3199114),KERICHO,Ainamoi Sub County,Kapsoit Ward,POINT (35.21816225946409 -0.2975741809271019)
1568,Paves Vetagro Limited,Agrochemicals supplier,1.0169425,35.0010929,POINT (35.0010929 1.0169425),TRANS NZOIA,Saboti  Sub County,Matisi Ward,POINT (34.97465905661398 0.9966624894416383)
1569,Moiben Connections Agrovet,Agrochemicals supplier,0.5150129,35.2748988,POINT (35.2748988 0.5150129),Uasin Gishu,Turbo Sub County,Huruma Ward,POINT (35.24920379117102 0.5266145661594062)
1570,Trans County Agrovet,Veterinary care,1.0185282,35.0030593,POINT (35.0030593 1.0185282),TRANS NZOIA,Kiminini  Sub County,Hospital Ward,POINT (35.0379366335449 1.015107424398582)
1571,Sagada Agrovet Nyeri,Agrochemicals supplier,-0.4213735,36.9511863,POINT (36.9511863 -0.4213735),NYERI,Nyeri Central Sub County,Rware Ward,POINT (36.94890415351513 -0.4225772371684778)
1572,Blessed Hand Agrovet,Agricultural service,0.3002528,34.5817357,POINT (34.5817357 0.3002528),Kakamega,Mumias East Sub County,Lusheya Lubinu Ward,POINT (34.535646844351724 0.2995103184214271)
1573,Jom Agrovet,Agrochemicals supplier,0.465431,35.2510993,POINT (35.2510993 0.465431),Uasin Gishu,Kapseret Sub County,Langas Ward,POINT (35.25538876134117 0.476603780575538)
1574,Tiba Agrovet,Agrochemicals supplier,1.2593209,35.0940187,POINT (35.0940187 1.2593209),WEST POKOT,West Pokot Sub County,Kapenguria Ward,POINT (35.120238938613156 1.3144333733622817)
1577,Brand Agro Limited,Agrochemicals supplier,1.038479,35.0333699,POINT (35.0333699 1.038479),TRANS NZOIA,Kwanza  Sub County,Bidii Ward,POINT (35.01564522284264 1.0482045519961816)
1578,Bethany Agrovet,Agricultural service,0.8272067,35.1216894,POINT (35.1216894 0.8272067),Kakamega,Likuyani Sub County,Nzoia Ward,POINT (35.07390845658178 0.8235304968373425)
1579,MENENGAI AGROVET ENTERPRISES,General store,-0.2874816,36.0740866,POINT (36.0740866 -0.2874816),Nakuru,Nakuru East  Sub County,Biashara Ward,POINT (36.079098368868536 -0.2911210199412062)
1580,Sholloz Agrovet,Agrochemicals supplier,-0.1524529,35.9581414,POINT (35.9581414 -0.1524529),Nakuru,Rongai  Sub County,Soin Ward,POINT (35.98633769041876 -0.0520586656684662)
1582,NARAMAT AGROVET,Agrochemicals supplier,0.2602983,36.537134,POINT (36.537134 0.2602983),LAIKIPIA,Laikipia West Sub County,Rumuruti Township Ward,POINT (36.482674589603725 0.2908583690279225)
1583,Neema Agrovet,Animal feed store,-0.1314989,36.3795505,POINT (36.3795505 -0.1314989),NYANDARUA,Oljoroorok Sub County,Weru Ward,POINT (36.38637609009144 -0.1283267538607165)
1584,Kuresoi Agrovet,Agrochemicals supplier,-0.2996425,35.5293544,POINT (35.5293544 -0.2996425),Nakuru,Kuresoi North  Sub County,Kiptororo Ward,POINT (35.50628820824799 -0.3489263326845924)
1585,Lanet Farm Care Enterprises,Agrochemicals supplier,-0.2742789,36.1752273,POINT (36.1752273 -0.2742789),Nakuru,Nakuru North  Sub County,Lanet/umoja Ward,POINT (36.177657971248145 -0.2945098135339987)
1586,Skynet Agrovet,Agrochemicals supplier,0.890232,34.926071,POINT (34.926071 0.890232),TRANS NZOIA,Kiminini  Sub County,Kiminini Ward,POINT (34.939944520288535 0.8923167836331245)
1587,RAFIKI AGROVET,Agrochemicals supplier,-0.2547631,35.4803375,POINT (35.4803375 -0.2547631),KERICHO,Kipkelion East Sub County,Chepseon Ward,POINT (35.40329807129548 -0.2971748059918834)
1588,Green Acre Agrovets,Agricultural service,0.0353301,36.3660336,POINT (36.3660336 0.0353301),LAIKIPIA,Laikipia West Sub County,Igwamiti Ward,POINT (36.344894396248385 0.100131257872702)
1589,Mwihoko Agrovet,Agricultural service,0.000141,37.0705035,POINT (37.0705035 0.000141),LAIKIPIA,Laikipia East Sub County,Thingithu Ward,POINT (37.02411590666781 0.0228979074323809)
1590,Northland Farmers Agrovet,Agrochemicals supplier,0.0114891,37.0752194,POINT (37.0752194 0.0114891),LAIKIPIA,Laikipia East Sub County,Nanyuki Ward,POINT (37.089579051717116 0.0226569259593235)
1591,Naromoru Jubilee Farmers Agro & Vet supplies Ltd,Agrochemicals supplier,-0.1715416,37.0214101,POINT (37.0214101 -0.1715416),NYERI,Kieni East Sub County,Naromoru/kiamathaga Ward,POINT (37.10111469553748 -0.1636787723710145)
1592,Mazao Agrovet,Agrochemicals supplier,-0.0768886,36.552321,POINT (36.552321 -0.0768886),NYANDARUA,Ndaragwa Sub County,Central Ward,POINT (36.542929797490025 -0.0709427571752948)
1593,NJENDI FARMCARE AGROVET,Agrochemicals supplier,-0.080023,36.6464588,POINT (36.6464588 -0.080023),LAIKIPIA,Laikipia East Sub County,Ngobit Ward,POINT (36.70191369469884 -0.0426852449438897)
1594,Hope farm agrovet nanyuki,Agricultural service,0.0018551,37.074024,POINT (37.074024 0.0018551),NYERI,Kieni East Sub County,Gakawa Ward,POINT (37.09459756120993 -0.0842324296183947)
1595,HOPE AGROVET,Veterinary care,0.0092238,37.0741,POINT (37.0741 0.0092238),LAIKIPIA,Laikipia East Sub County,Nanyuki Ward,POINT (37.089579051717116 0.0226569259593235)
1596,Spur Agrovet,Agrochemicals supplier,0.1292639,37.0299081,POINT (37.0299081 0.1292639),LAIKIPIA,Laikipia North Sub County,Segera Ward,POINT (36.88070675867516 0.2199299105250897)
1597,LOUISIANA AGROVET,Veterinary pharmacy,0.0250826,36.4076431,POINT (36.4076431 0.0250826),NYANDARUA,Ndaragwa Sub County,Kiritta Ward,POINT (36.44160459555525 0.0024618531795008)
1598,Baraka Agro vet,Agrochemicals supplier,-0.0806144,36.6464862,POINT (36.6464862 -0.0806144),LAIKIPIA,Laikipia East Sub County,Ngobit Ward,POINT (36.70191369469884 -0.0426852449438897)
1599,Country Focus Agrovets,Veterinary care,0.0356743,36.3657216,POINT (36.3657216 0.0356743),LAIKIPIA,Laikipia West Sub County,Igwamiti Ward,POINT (36.344894396248385 0.100131257872702)
1600,Malewa Agrovet,Veterinary care,-0.1427457,36.7114546,POINT (36.7114546 -0.1427457),NYERI,Kieni West Sub County,Mugunda Ward,POINT (36.754061127681894 -0.1832733885763751)
1601,"Nicmah Agrovet, Naromoru",Agrochemicals supplier,-0.1718338,37.0216764,POINT (37.0216764 -0.1718338),NYERI,Kieni East Sub County,Naromoru/kiamathaga Ward,POINT (37.10111469553748 -0.1636787723710145)
1602,Shrine Mobile Agrovet,Agrochemicals supplier,0.2791705,36.3162576,POINT (36.3162576 0.2791705),LAIKIPIA,Laikipia West Sub County,Marmanet Ward,POINT (36.37495465537911 0.263762344618404)
1603,Stairbase Agrovet Store,Veterinary care,0.0345227,36.3618386,POINT (36.3618386 0.0345227),LAIKIPIA,Laikipia West Sub County,Igwamiti Ward,POINT (36.344894396248385 0.100131257872702)
1604,GLORY AGROVET,Veterinary care,0.0256179,37.0964533,POINT (37.0964533 0.0256179),MERU,Buuri Sub County,Timau Ward,POINT (37.1915683299666 0.0228124658367306)
1605,Makena Agrovet,Agrochemicals supplier,-0.425259,36.9544738,POINT (36.9544738 -0.425259),NYERI,Nyeri Central Sub County,Rware Ward,POINT (36.94890415351513 -0.4225772371684778)
1606,Mt.Kenya Agrovet,Veterinary care,-0.0046477,36.2284727,POINT (36.2284727 -0.0046477),Nakuru,Subukia  Sub County,Subukia Ward,POINT (36.20261520886201 -0.0170915658690508)
1607,CAPITAL AGROVET,Veterinary pharmacy,-1.206288,36.9307328,POINT (36.9307328 -1.206288),Kiambu,Ruiru Sub County,Kiuu Ward,POINT (36.93352098744769 -1.2090603087425664)
1609,Jagra Agrovet,Hay supplier,-1.4182773,36.7126677,POINT (36.7126677 -1.4182773),KAJIADO,Kajiado North Sub County,Olkeri Ward,POINT (36.69052250404085 -1.3987464240048053)
1610,Online Virtual Agrovet,Agricultural service,-1.1694016,36.9703341,POINT (36.9703341 -1.1694016),Kiambu,Ruiru Sub County,Gatongora Ward,POINT (37.05306191074979 -1.198784483976087)
1612,Agrovet,Veterinary care,-1.062527,36.7211343,POINT (36.7211343 -1.062527),Kiambu,Githunguri Sub County,Githiga Ward,POINT (36.7246527829941 -1.0761889675128684)
1614,Simvet Agrovet,Veterinary pharmacy,-0.8915524,37.0418362,POINT (37.0418362 -0.8915524),Muranga,Kandara Sub County,Kagundu-ini Ward,POINT (37.0713414856153 -0.9064292637087079)
1615,FARMER'S JOY AGROVET,Veterinary care,-0.8994064,37.0550943,POINT (37.0550943 -0.8994064),Muranga,Kandara Sub County,Kagundu-ini Ward,POINT (37.0713414856153 -0.9064292637087079)
1616,Big vision agrovet,Animal feed store,-0.8710286,36.9103232,POINT (36.9103232 -0.8710286),Muranga,Gatanga Sub County,Kariara Ward,POINT (36.807785711737964 -0.8171632688787343)
1617,NJAUIMWE AGROVET KARURUMO,Agrochemicals supplier,-0.4695458,37.6548264,POINT (37.6548264 -0.4695458),EMBU,Runyenjes  Sub County,Kyeni south Ward,POINT (37.64816601451169 -0.4467456546020977)
1618,Menengai Agrovet & Veterinary Services,Animal feed store,-0.2840854,36.073468,POINT (36.073468 -0.2840854),Nakuru,Nakuru East  Sub County,Biashara Ward,POINT (36.079098368868536 -0.2911210199412062)
1619,G Eight Agrovet,Veterinary care,-0.2734971,36.3751302,POINT (36.3751302 -0.2734971),NYANDARUA,Olkalou Sub County,Karau Ward,POINT (36.33836429082202 -0.3201650790904106)
1621,Limuru Agrovet Supplies,Animal feed store,-1.110863,36.642875,POINT (36.642875 -1.110863),Kiambu,Limuru Sub County,Limuru Central Ward,POINT (36.62759741143995 -1.126816444577222)
1622,Lenana Agrovet-Kitengela,Arborist service,-1.451789,36.978099,POINT (36.978099 -1.451789),Machakos,Athi River Sub County,Athi River Ward,POINT (36.94935392531766 -1.4627544136678376)
1623,Nyeri Farmers Agrovet,Agrochemicals supplier,-0.4225406,36.9520479,POINT (36.9520479 -0.4225406),NYERI,Nyeri Central Sub County,Rware Ward,POINT (36.94890415351513 -0.4225772371684778)
1625,Easter Tech Farm Inputs & Agrovet,Agrochemicals supplier,-0.3461369,35.9669932,POINT (35.9669932 -0.3461369),Nakuru,Njoro  Sub County,Njoro Ward,POINT (35.94458275060986 -0.3439991788871808)
1626,Kirwara Agro-vet,Animal feed store,-0.9294188,36.9426515,POINT (36.9426515 -0.9294188),Muranga,Gatanga Sub County,Gatanga Ward,POINT (36.92498473922396 -0.9137275310480958)
1627,Planet Agrovet,Veterinary care,-0.073161,36.3646232,POINT (36.3646232 -0.073161),NYANDARUA,Oljoroorok Sub County,Weru Ward,POINT (36.38637609009144 -0.1283267538607165)
1628,Sunset Agrovet,Agrochemicals supplier,-0.3416891,36.3722548,POINT (36.3722548 -0.3416891),NYANDARUA,Olkalou Sub County,Kaimbaga Ward,POINT (36.398816715771524 -0.3411445598616596)
1629,RIVA AGROVET,Agrochemicals supplier,-0.2882026,36.075727,POINT (36.075727 -0.2882026),Nakuru,Nakuru East  Sub County,Biashara Ward,POINT (36.079098368868536 -0.2911210199412062)
1631,Serian Agrovet Ltd,Animal feed store,-1.4302599,36.6862798,POINT (36.6862798 -1.4302599),KAJIADO,Kajiado West Sub County,Keekonyokie Ward,POINT (36.534469979822724 -1.578802086673363)
1632,Sagada Agrovet Nyeri,Agrochemicals supplier,-0.4213735,36.9511863,POINT (36.9511863 -0.4213735),NYERI,Nyeri Central Sub County,Rware Ward,POINT (36.94890415351513 -0.4225772371684778)
1633,Blue Valley Agrovet,Agrochemicals supplier,0.2695558,37.5495593,POINT (37.5495593 0.2695558),MERU,Buuri Sub County,Kiirua Naari Ward,POINT (37.56428668038381 0.1625087886021226)
1634,LIVE FARM AGROVET AND SUPPLIES,Emergency veterinarian service,-1.5764299,36.9284014,POINT (36.9284014 -1.5764299),KAJIADO,Kajiado East Sub County,Kaputiei north Ward,POINT (36.875340832037544 -1.68681094845253)
1635,PRIMER - Med AGROVET,Agricultural service,-0.3621703,36.2805321,POINT (36.2805321 -0.3621703),NYANDARUA,Olkalou Sub County,Kanjuiri range Ward,POINT (36.269209977032546 -0.3006223229153499)
1636,Kahawa West Agrovet Services,Animal feed store,-1.1835391,36.9004487,POINT (36.9004487 -1.1835391),Nairobi,Roysambu  Sub County,Kahawa,POINT (36.90626171541014 -1.191511646330229)
1637,Wakulima Agro - Vet,Agricultural service,-1.2636629,36.7191095,POINT (36.7191095 -1.2636629),Nairobi,Dagoretti South Sub County,Uthiru/ruthimitu Ward,POINT (36.70731491333092 -1.2720294282701312)
1638,HUDUMA AGROVET,Veterinary care,-1.1587116,36.8396352,POINT (36.8396352 -1.1587116),Kiambu,Kiambu Town Sub County,Riabai Ward,POINT (36.83742199518029 -1.1626607271594795)
1640,Agrovet,Veterinary care,-0.9053389,37.0593233,POINT (37.0593233 -0.9053389),Muranga,Kandara Sub County,Kagundu-ini Ward,POINT (37.0713414856153 -0.9064292637087079)
1641,Gatei Agrovet Kamwangi,Agricultural service,-0.9580035,36.8988105,POINT (36.8988105 -0.9580035),Kiambu,Gatundu North Sub County,Chania Ward,POINT (36.9270365691137 -0.9602597082767522)
1643,Nyahururu Vet & Agricultural Supplies Ltd,Veterinary care,0.0381713,36.3650892,POINT (36.3650892 0.0381713),LAIKIPIA,Laikipia West Sub County,Igwamiti Ward,POINT (36.344894396248385 0.100131257872702)
1644,FARMERS AGROVET,Veterinary care,-0.7407655,36.9666305,POINT (36.9666305 -0.7407655),Muranga,Kiharu Sub County,Murarandia Ward,POINT (36.92553028818445 -0.7337863976124624)
1645,PEAK AGROVET,Veterinary care,-0.4716001,37.238819,POINT (37.238819 -0.4716001),KIRINYAGA,Kirinyaga Central Sub County,Mutira Ward,POINT (37.23379895920754 -0.4666004790311388)
1648,Professional Agrovet Isiolo,Veterinary care,0.3473847,37.5829348,POINT (37.5829348 0.3473847),ISIOLO,Isiolo Sub County,WABERA,POINT (37.592585128315456 0.3588665895337402)
1649,Tulwet Farmers Agrovet Limited,Agrochemicals supplier,-0.298346,35.2697802,POINT (35.2697802 -0.298346),KERICHO,Ainamoi Sub County,Ainamoi Ward,POINT (35.27855686799008 -0.271245516268031)
1650,K K AGROVET,Animal feed store,-0.674552,37.0779478,POINT (37.0779478 -0.674552),Muranga,Mathioya Sub County,Gitugi Ward,POINT (37.001887243864196 -0.6556973692241373)
1651,P.J Agrovet,Agricultural service,-0.2284102,36.1188677,POINT (36.1188677 -0.2284102),Nakuru,Nakuru North  Sub County,Kabatini Ward,POINT (36.15826124960941 -0.2091809126208286)
1652,Ukuaji Agrovet Distributors Ltd,Animal feed store,-0.7251925,37.1615539,POINT (37.1615539 -0.7251925),Muranga,Kiharu Sub County,Township Ward,POINT (37.149273895302905 -0.7254373738276697)
1653,Farmers Agrovet & Animal Feeds,Veterinary care,-1.2343084,36.6775926,POINT (36.6775926 -1.2343084),Kiambu,Kabete Sub County,Gitaru,POINT (36.68969303833802 -1.2329204234240494)
1654,Marubi Agrovet,Agrochemicals supplier,-0.422492,36.9514353,POINT (36.9514353 -0.422492),NYERI,Nyeri Central Sub County,Rware Ward,POINT (36.94890415351513 -0.4225772371684778)
1656,OL KALOU AGROVET SHOP,Veterinary care,-0.1092115,36.3373326,POINT (36.3373326 -0.1092115),NYANDARUA,Oljoroorok Sub County,Weru Ward,POINT (36.38637609009144 -0.1283267538607165)
1657,Nairobi Mega Agrovet Services Ltd,Veterinarian,-1.3271643,36.8519537,POINT (36.8519537 -1.3271643),Nairobi,Starehe  Sub County,Nairobi South Ward,POINT (36.85066239007016 -1.3196059930467552)
1658,Telestai Agrovet,Agrochemicals supplier,0.011491,37.6024515,POINT (37.6024515 0.011491),MERU,Imenti Central Sub County,Abothuguchi west Ward,POINT (37.46867648051586 -0.016807699507928)
1659,GACHOCHO FARMERS AGROVET,Veterinary care,-0.7855416,36.9881432,POINT (36.9881432 -0.7855416),Muranga,Kigumo Sub County,Kinyona Ward,POINT (36.89133431568769 -0.7598137887708599)
1660,Oasis Agrovet and Vet services,Agricultural service,-0.229261,36.2628858,POINT (36.2628858 -0.229261),NYANDARUA,Olkalou Sub County,Mirangine Ward,POINT (36.23951012827006 -0.1927386670635289)
1661,Highway Farmers Agrovet,Veterinary care,-0.3295269,36.4970252,POINT (36.4970252 -0.3295269),NYANDARUA,Kipipiri Sub County,Wanjohi Ward,POINT (36.49451996180466 -0.3120049979547221)
1662,Winners Agrovet,Veterinary care,-0.4256201,36.9548615,POINT (36.9548615 -0.4256201),NYERI,Nyeri Central Sub County,Rware Ward,POINT (36.94890415351513 -0.4225772371684778)
1663,MOHSON INPUTS AGROVET,Agrochemicals supplier,-0.2877426,36.0757136,POINT (36.0757136 -0.2877426),Nakuru,Nakuru East  Sub County,Biashara Ward,POINT (36.079098368868536 -0.2911210199412062)
1664,The Orchid Agrovet,Agrochemicals supplier,0.0454398,37.657312,POINT (37.657312 0.0454398),MERU,Imenti North Sub County,Ntima east Ward,POINT (37.67184017488297 0.0351437522669506)
1666,MWANGAZA AGROVET,Veterinary care,-0.2721901,36.3756143,POINT (36.3756143 -0.2721901),NYANDARUA,Olkalou Sub County,Karau Ward,POINT (36.33836429082202 -0.3201650790904106)
1667,EQUATOR AGROVET,Veterinary care,-0.2723533,36.3746358,POINT (36.3746358 -0.2723533),NYANDARUA,Olkalou Sub County,Karau Ward,POINT (36.33836429082202 -0.3201650790904106)
1668,Agrovet & Vet. Services,Veterinary care,-0.9072042,36.9408122,POINT (36.9408122 -0.9072042),Muranga,Gatanga Sub County,Kihumbu-ini Ward,POINT (36.97510329935594 -0.9222470597245955)
1669,Jambar Agrovet Ltd,Agricultural product wholesaler,-1.2873912,36.8282582,POINT (36.8282582 -1.2873912),Nairobi,Starehe  Sub County,Nairobi Central Ward,POINT (36.824809527717356 -1.2852558043391356)
1670,Abardare Agrovet,Veterinary care,0.0357206,36.361536,POINT (36.361536 0.0357206),LAIKIPIA,Laikipia West Sub County,Igwamiti Ward,POINT (36.344894396248385 0.100131257872702)
1671,Animal Health Agrovet,Agrochemicals supplier,-0.3744021,35.9451804,POINT (35.9451804 -0.3744021),Nakuru,Njoro  Sub County,Njoro Ward,POINT (35.94458275060986 -0.3439991788871808)
1672,Kilimo Agrovet,Veterinary care,-0.2193623,36.160922,POINT (36.160922 -0.2193623),Nakuru,Nakuru North  Sub County,Kabatini Ward,POINT (36.15826124960941 -0.2091809126208286)
1673,RAMASAM Agrovet,Veterinary care,-1.1521837,36.9712137,POINT (36.9712137 -1.1521837),Kiambu,Ruiru Sub County,Gatongora Ward,POINT (37.05306191074979 -1.198784483976087)
1674,OASIS AGROVET,Veterinary care,-0.2699232,36.3752981,POINT (36.3752981 -0.2699232),NYANDARUA,Olkalou Sub County,Karau Ward,POINT (36.33836429082202 -0.3201650790904106)
1675,KILIMO AGROVET,Veterinary care,-0.8910821,37.041066,POINT (37.041066 -0.8910821),Muranga,Kandara Sub County,Kagundu-ini Ward,POINT (37.0713414856153 -0.9064292637087079)
1676,MOUNT KENYA AGROVET,Veterinary care,0.1229627,37.5628437,POINT (37.5628437 0.1229627),MERU,Buuri Sub County,Kiirua Naari Ward,POINT (37.56428668038381 0.1625087886021226)
1677,Neema Agrovet,Animal feed store,-0.1314989,36.3795505,POINT (36.3795505 -0.1314989),NYANDARUA,Oljoroorok Sub County,Weru Ward,POINT (36.38637609009144 -0.1283267538607165)
1678,Farmers friend agrovet,Agrochemicals supplier,-0.4291273,37.4119368,POINT (37.4119368 -0.4291273),KIRINYAGA,Kirinyaga East Sub County,Ngariama Ward,POINT (37.39855185344731 -0.4455715810233524)
1679,Kenagro Suppliers Ltd,Agrochemicals supplier,-1.1877363,36.9986322,POINT (36.9986322 -1.1877363),Kiambu,Ruiru Sub County,Gatongora Ward,POINT (37.05306191074979 -1.198784483976087)
1680,Lanet Wega Agrovet,Agrochemicals supplier,-0.2813274,36.1620769,POINT (36.1620769 -0.2813274),Nakuru,Nakuru North  Sub County,Lanet/umoja Ward,POINT (36.177657971248145 -0.2945098135339987)
1681,Kenya veterinary vaccines production institute (kevevapi),Contractor,-1.3220297,36.8574313,POINT (36.8574313 -1.3220297),Nairobi,Starehe  Sub County,Nairobi South Ward,POINT (36.85066239007016 -1.3196059930467552)
1682,MUGI AGROVET,Veterinary care,-0.4254198,36.9558235,POINT (36.9558235 -0.4254198),NYERI,Nyeri Central Sub County,Rware Ward,POINT (36.94890415351513 -0.4225772371684778)
1683,J.N. Agrovet Centre,Veterinary care,-0.4723532,36.5086232,POINT (36.5086232 -0.4723532),NYANDARUA,Kipipiri Sub County,Githioro Ward,POINT (36.46582913326885 -0.4958527215599916)
1684,Kesa Agrovet Services,Veterinary care,0.2172197,37.5266837,POINT (37.5266837 0.2172197),MERU,Buuri Sub County,Kiirua Naari Ward,POINT (37.56428668038381 0.1625087886021226)
1685,Plansmartt Agrovet,Veterinary care,-0.4230358,36.9527718,POINT (36.9527718 -0.4230358),NYERI,Nyeri Central Sub County,Rware Ward,POINT (36.94890415351513 -0.4225772371684778)
1686,Menengai Agrovet & Veterinary Services,Animal feed store,-0.2840854,36.073468,POINT (36.073468 -0.2840854),Nakuru,Nakuru East  Sub County,Biashara Ward,POINT (36.079098368868536 -0.2911210199412062)
1687,Grebe Enterprises Agrovet,Agrochemicals supplier,-0.2861545,36.0741373,POINT (36.0741373 -0.2861545),Nakuru,Nakuru East  Sub County,Biashara Ward,POINT (36.079098368868536 -0.2911210199412062)
1688,MOHSON INPUTS AGROVET,Agrochemicals supplier,-0.2877426,36.0757136,POINT (36.0757136 -0.2877426),Nakuru,Nakuru East  Sub County,Biashara Ward,POINT (36.079098368868536 -0.2911210199412062)
1689,RIVA AGROVET,Agrochemicals supplier,-0.2882026,36.075727,POINT (36.075727 -0.2882026),Nakuru,Nakuru East  Sub County,Biashara Ward,POINT (36.079098368868536 -0.2911210199412062)
1690,NAKURU FARMERS AGROVET,Veterinary care,-0.2869536,36.0766624,POINT (36.0766624 -0.2869536),Nakuru,Nakuru West  Sub County,London Ward,POINT (36.06259719942824 -0.2707639643187559)
1691,Vintage Agrovet Veterinary And A.I,Veterinary care,-0.2696848,36.0343251,POINT (36.0343251 -0.2696848),Nakuru,Rongai  Sub County,Menengai West Ward,POINT (35.99841194394047 -0.207236225969769)
1692,Kangaro Agrovet,Agricultural service,-0.2833942,36.0735832,POINT (36.0735832 -0.2833942),Nakuru,Nakuru East  Sub County,Biashara Ward,POINT (36.079098368868536 -0.2911210199412062)
1693,Alpha Agrovet,Veterinary care,-0.2855098,36.0759861,POINT (36.0759861 -0.2855098),Nakuru,Nakuru West  Sub County,London Ward,POINT (36.06259719942824 -0.2707639643187559)
1694,Neema Farmers Solutions Agrovet,Animal feed store,-0.2595915,36.186032,POINT (36.186032 -0.2595915),Nakuru,Nakuru North  Sub County,Dundori Ward,POINT (36.20090131341018 -0.245366690452566)
1695,ISAMAR B AGROVET,Animal feed store,-0.2519484,35.9715573,POINT (35.9715573 -0.2519484),Nakuru,Rongai  Sub County,Mosop Ward,POINT (35.91301705547466 -0.2631181255364452)
1696,TOTAL AGROVET,Veterinary care,-0.2774784,36.1716979,POINT (36.1716979 -0.2774784),Nakuru,Nakuru North  Sub County,Lanet/umoja Ward,POINT (36.177657971248145 -0.2945098135339987)
1697,Rohi Agrovet,Veterinary care,-0.2824918,36.0748824,POINT (36.0748824 -0.2824918),Nakuru,Nakuru West  Sub County,London Ward,POINT (36.06259719942824 -0.2707639643187559)
1698,MENENGAI AGROVET ENTERPRISES,General store,-0.2874816,36.0740866,POINT (36.0740866 -0.2874816),Nakuru,Nakuru East  Sub County,Biashara Ward,POINT (36.079098368868536 -0.2911210199412062)
1699,Maintown Agrovet Centre,Veterinarian,-0.3248214,36.1481084,POINT (36.1481084 -0.3248214),Nakuru,Gilgil Sub County,Mbaruk/eburu Ward,POINT (36.23308065331213 -0.5185024616000106)
1700,Farmicals Agrovet,Animal feed store,-0.2829878,36.0740994,POINT (36.0740994 -0.2829878),Nakuru,Nakuru East  Sub County,Biashara Ward,POINT (36.079098368868536 -0.2911210199412062)
1701,JOYFARM AGROVET,Veterinary care,-0.2621773,36.1356698,POINT (36.1356698 -0.2621773),Nakuru,Nakuru North  Sub County,Kiamaina Ward,POINT (36.08833504026461 -0.2313726187464565)
1702,Lanet Wega Agrovet,Agrochemicals supplier,-0.2813274,36.1620769,POINT (36.1620769 -0.2813274),Nakuru,Nakuru North  Sub County,Lanet/umoja Ward,POINT (36.177657971248145 -0.2945098135339987)
1703,JK Agrovet,Agricultural product wholesaler,-0.3030447,36.0800818,POINT (36.0800818 -0.3030447),Nakuru,Nakuru East  Sub County,Flamingo Ward,POINT (36.07386210000332 -0.3066782293599167)
1704,Kilimo Agrovet,Veterinary care,-0.2193623,36.160922,POINT (36.160922 -0.2193623),Nakuru,Nakuru North  Sub County,Kabatini Ward,POINT (36.15826124960941 -0.2091809126208286)
1705,Lanet Farm Care Enterprises,Agrochemicals supplier,-0.2742789,36.1752273,POINT (36.1752273 -0.2742789),Nakuru,Nakuru North  Sub County,Lanet/umoja Ward,POINT (36.177657971248145 -0.2945098135339987)
1709,Agrovet Kahawa Hills,Veterinary care,-0.2860607,36.0745358,POINT (36.0745358 -0.2860607),Nakuru,Nakuru East  Sub County,Biashara Ward,POINT (36.079098368868536 -0.2911210199412062)
1710,Maralix Agrovet,Agrochemicals supplier,-0.3030991,36.0796997,POINT (36.0796997 -0.3030991),Nakuru,Nakuru East  Sub County,Flamingo Ward,POINT (36.07386210000332 -0.3066782293599167)
1711,P.J Agrovet,Agricultural service,-0.2284102,36.1188677,POINT (36.1188677 -0.2284102),Nakuru,Nakuru North  Sub County,Kabatini Ward,POINT (36.15826124960941 -0.2091809126208286)
1712,Crystal Agrovet,Agrochemicals supplier,-0.2159553,36.1649423,POINT (36.1649423 -0.2159553),Nakuru,Nakuru North  Sub County,Kabatini Ward,POINT (36.15826124960941 -0.2091809126208286)
1713,Royal Animal Feeds Limited,Feed manufacturer,-0.2830587,36.0634545,POINT (36.0634545 -0.2830587),Nakuru,Nakuru West  Sub County,London Ward,POINT (36.06259719942824 -0.2707639643187559)
1714,Happy Farmlink Agrovet,J239+Q7R,-0.3955207,36.0181362,POINT (36.0181362 -0.3955207),Nakuru,Njoro  Sub County,Lare Ward,POINT (36.00729306648916 -0.4184038872508983)
1715,Fables Enterprises Agrovet,Agricultural production,-0.3030409,36.0800793,POINT (36.0800793 -0.3030409),Nakuru,Nakuru East  Sub County,Flamingo Ward,POINT (36.07386210000332 -0.3066782293599167)
1716,Sunrise Agrovet,Veterinary care,-0.2164253,36.1643637,POINT (36.1643637 -0.2164253),Nakuru,Nakuru North  Sub County,Kabatini Ward,POINT (36.15826124960941 -0.2091809126208286)
1717,Green Tree Agrovet,Veterinary care,-0.287205,36.0742605,POINT (36.0742605 -0.287205),Nakuru,Nakuru East  Sub County,Biashara Ward,POINT (36.079098368868536 -0.2911210199412062)
1718,KABATINI FARMERS AGROVET,Veterinary care,-0.2160332,36.1644868,POINT (36.1644868 -0.2160332),Nakuru,Nakuru North  Sub County,Kabatini Ward,POINT (36.15826124960941 -0.2091809126208286)
1719,"Eldovet Services Agrovet, Animal Feeds Fertilizer",Veterinary care,-0.2870941,36.0746447,POINT (36.0746447 -0.2870941),Nakuru,Nakuru East  Sub County,Biashara Ward,POINT (36.079098368868536 -0.2911210199412062)
1720,Crefall Agrovet,Veterinary care,-0.2618407,36.1350498,POINT (36.1350498 -0.2618407),Nakuru,Nakuru North  Sub County,Kiamaina Ward,POINT (36.08833504026461 -0.2313726187464565)
1721,Agrovet Agrochemical & Animal Feeds,Veterinary care,-0.2868965,36.0541431,POINT (36.0541431 -0.2868965),Nakuru,Nakuru West  Sub County,London Ward,POINT (36.06259719942824 -0.2707639643187559)
1722,Njumwa Agrovet,Veterinary care,-0.2440683,36.1135703,POINT (36.1135703 -0.2440683),Nakuru,Nakuru North  Sub County,Kiamaina Ward,POINT (36.08833504026461 -0.2313726187464565)
1723,Destiny V-Point Agrovet,Veterinary care,-0.2616592,36.1369289,POINT (36.1369289 -0.2616592),Nakuru,Nakuru North  Sub County,Kabatini Ward,POINT (36.15826124960941 -0.2091809126208286)
1724,ALPHA BROOK AGROVET,Veterinary care,-0.2280269,36.1206891,POINT (36.1206891 -0.2280269),Nakuru,Nakuru North  Sub County,Kabatini Ward,POINT (36.15826124960941 -0.2091809126208286)
1725,Beams Agrovet,Veterinary care,-0.3164964,36.060365,POINT (36.060365 -0.3164964),Nakuru,Nakuru West  Sub County,Rhoda Ward,POINT (36.06478230940897 -0.3125426122388401)
1726,Jamii Agrovet Farm Inputs & A.I Services,Veterinary care,-0.2431702,36.0069185,POINT (36.0069185 -0.2431702),Nakuru,Rongai  Sub County,Menengai West Ward,POINT (35.99841194394047 -0.207236225969769)
1727,Afyamart Chemist And Agrovet,Pharmacy,-0.2851471,36.0708778,POINT (36.0708778 -0.2851471),Nakuru,Nakuru East  Sub County,Biashara Ward,POINT (36.079098368868536 -0.2911210199412062)
1728,J.M Agrovet Services,Veterinary care,-0.2861602,36.151836,POINT (36.151836 -0.2861602),Nakuru,Nakuru North  Sub County,Lanet/umoja Ward,POINT (36.177657971248145 -0.2945098135339987)
1729,HAPPY DAWA AGROVET,Veterinary care,-0.2285131,36.1192045,POINT (36.1192045 -0.2285131),Nakuru,Nakuru North  Sub County,Kabatini Ward,POINT (36.15826124960941 -0.2091809126208286)
1730,Agriworld Enterprises Ltd,Agrochemicals supplier,-0.2869192,36.0745875,POINT (36.0745875 -0.2869192),Nakuru,Nakuru East  Sub County,Biashara Ward,POINT (36.079098368868536 -0.2911210199412062)
1731,PYAT PHARMACY & AGROVET,Pharmacy,-0.285563,36.074155,POINT (36.074155 -0.285563),Nakuru,Nakuru East  Sub County,Biashara Ward,POINT (36.079098368868536 -0.2911210199412062)
1732,Rehoboth Agrovet Animal Feeds,Veterinary care,-0.2651755,36.1205401,POINT (36.1205401 -0.2651755),Nakuru,Nakuru North  Sub County,Kiamaina Ward,POINT (36.08833504026461 -0.2313726187464565)
1733,Solai Agrovet,Veterinarian,-1.0903098,35.8714524,POINT (35.8714524 -1.0903098),Narok,Narok North Sub County,Narok Town Ward,POINT (35.83203729977261 -1.1177484352392828)
1734,Jemorin Agrovet,Veterinarian,-1.0890754,35.8767886,POINT (35.8767886 -1.0890754),Narok,Narok North Sub County,Narok Town Ward,POINT (35.83203729977261 -1.1177484352392828)
1735,Ewaso Ngiro Agrovet Suppliers,Veterinary care,-1.0896088,35.8714526,POINT (35.8714526 -1.0896088),Narok,Narok North Sub County,Narok Town Ward,POINT (35.83203729977261 -1.1177484352392828)
1736,Abemuca Investments Agrovet,Agrochemicals supplier,-1.0913108,35.8685284,POINT (35.8685284 -1.0913108),Narok,Narok North Sub County,Narok Town Ward,POINT (35.83203729977261 -1.1177484352392828)
1737,J let Agrovet Suppliers,State government office,-1.0901888,35.8716597,POINT (35.8716597 -1.0901888),Narok,Narok North Sub County,Narok Town Ward,POINT (35.83203729977261 -1.1177484352392828)
1738,Kilele Agrovet,Agrochemicals supplier,-1.0893794,35.8706984,POINT (35.8706984 -1.0893794),Narok,Narok North Sub County,Narok Town Ward,POINT (35.83203729977261 -1.1177484352392828)
1739,Olchekut Agrovet,Agrochemicals supplier,-1.0900149,35.8713805,POINT (35.8713805 -1.0900149),Narok,Narok North Sub County,Narok Town Ward,POINT (35.83203729977261 -1.1177484352392828)
1740,Irmongi Agrovet Ltd.,Veterinary care,-1.0901727,35.8704279,POINT (35.8704279 -1.0901727),Narok,Narok North Sub County,Narok Town Ward,POINT (35.83203729977261 -1.1177484352392828)
1741,ASARU AGROVET,Veterinary care,-1.0896032,35.8705473,POINT (35.8705473 -1.0896032),Narok,Narok North Sub County,Narok Town Ward,POINT (35.83203729977261 -1.1177484352392828)
1742,Nosim Enterprise Agrovet,Agricultural product wholesaler,-1.0900459,35.8715589,POINT (35.8715589 -1.0900459),Narok,Narok North Sub County,Narok Town Ward,POINT (35.83203729977261 -1.1177484352392828)
1743,Bhole Agrovet Limited.,Veterinary care,-1.0898446,35.8705892,POINT (35.8705892 -1.0898446),Narok,Narok North Sub County,Narok Town Ward,POINT (35.83203729977261 -1.1177484352392828)
1744,SARAMPA AGROVET,Veterinary care,-1.0904769,35.8705593,POINT (35.8705593 -1.0904769),Narok,Narok North Sub County,Narok Town Ward,POINT (35.83203729977261 -1.1177484352392828)
1745,Horizon Agrovet,Veterinary care,-1.0907865,35.8715522,POINT (35.8715522 -1.0907865),Narok,Narok North Sub County,Narok Town Ward,POINT (35.83203729977261 -1.1177484352392828)
1746,Kianda Agrovet,Agrochemicals supplier,-1.3960157,36.7627955,POINT (36.7627955 -1.3960157),KAJIADO,Kajiado North Sub County,Ongata rongai Ward,POINT (36.76993643294476 -1.4004688147421158)
1747,Lukenya Agrovet Supplies Ltd,Agricultural service,-1.4354939,36.9729539,POINT (36.9729539 -1.4354939),Machakos,Athi River Sub County,Mathatani Ward,POINT (37.078558576313995 -1.3615165551391075)
1748,Promise Farm Supplies - Agrovet,Veterinarian,-1.3949957,36.7633631,POINT (36.7633631 -1.3949957),KAJIADO,Kajiado North Sub County,Nkaimurunya Ward,POINT (36.737209036155406 -1.385889039606934)
1749,Crossfarm Agrovet,Veterinary care,-1.4045536,36.7177866,POINT (36.7177866 -1.4045536),KAJIADO,Kajiado North Sub County,Olkeri Ward,POINT (36.69052250404085 -1.3987464240048053)
1750,Chrispak Agrovet,Farm equipment supplier,-1.4545015,36.698378,POINT (36.698378 -1.4545015),KAJIADO,Kajiado West Sub County,Keekonyokie Ward,POINT (36.534469979822724 -1.578802086673363)
1751,Bulls agrovet supplies and veterinary clinic,Agricultural production,-1.5126508,36.9513942,POINT (36.9513942 -1.5126508),KAJIADO,Kajiado East Sub County,Kitengela Ward,POINT (36.88192335969516 -1.5503722063244798)
1752,Lukenya Agro - Vet Supplies Ltd,Animals,-1.4741356,36.9586956,POINT (36.9586956 -1.4741356),KAJIADO,Kajiado East Sub County,Oloosirkon/sholinke Ward,POINT (36.83545259390289 -1.4724753045722156)
1753,Masimba Agrovet Ltd,Agrochemicals supplier,-1.2772066,36.9085091,POINT (36.9085091 -1.2772066),Nairobi,Embakasi Central Sub County,Kayole South Ward,POINT (36.913987817584676 -1.2778353677648795)
1754,Orokise Agrovet,Veterinary care,-1.396362,36.741762,POINT (36.741762 -1.396362),KAJIADO,Kajiado North Sub County,Ongata rongai Ward,POINT (36.76993643294476 -1.4004688147421158)
1755,Lenana Agrovet-Kitengela,Arborist service,-1.451789,36.978099,POINT (36.978099 -1.451789),Machakos,Athi River Sub County,Athi River Ward,POINT (36.94935392531766 -1.4627544136678376)
1756,DAIMA AGROVET,Veterinary care,-1.8431814,36.7857972,POINT (36.7857972 -1.8431814),KAJIADO,Kajiado Central Sub County,Ildamat Ward,POINT (36.73153225169328 -1.8575369838126294)
1757,Anivet Agrovet,Veterinarian,-1.3972906,36.7552466,POINT (36.7552466 -1.3972906),KAJIADO,Kajiado North Sub County,Ongata rongai Ward,POINT (36.76993643294476 -1.4004688147421158)
1758,Wakulima Agrovets,Agrochemicals supplier,-1.4366522,36.6846575,POINT (36.6846575 -1.4366522),KAJIADO,Kajiado West Sub County,Keekonyokie Ward,POINT (36.534469979822724 -1.578802086673363)
1759,Skylab Cropcare Limited/ Agrovet,Hardware store,-1.28563,36.830521,POINT (36.830521 -1.28563),Nairobi,Starehe  Sub County,Nairobi Central Ward,POINT (36.824809527717356 -1.2852558043391356)
1760,Best Choice Agrovet,Agrochemicals supplier,-1.4323672,36.6858195,POINT (36.6858195 -1.4323672),KAJIADO,Kajiado West Sub County,Keekonyokie Ward,POINT (36.534469979822724 -1.578802086673363)
1761,Ella Agrovets & Stores,Agricultural service,-1.3911653,36.7733947,POINT (36.7733947 -1.3911653),KAJIADO,Kajiado North Sub County,Ongata rongai Ward,POINT (36.76993643294476 -1.4004688147421158)
1762,H&E Agrovet,Agricultural cooperative,-1.5202057,36.9475165,POINT (36.9475165 -1.5202057),KAJIADO,Kajiado East Sub County,Kitengela Ward,POINT (36.88192335969516 -1.5503722063244798)
1763,Jumbo Agrovet Limited,Agrochemicals supplier,-1.2885866,36.8284003,POINT (36.8284003 -1.2885866),Nairobi,Starehe  Sub County,Nairobi Central Ward,POINT (36.824809527717356 -1.2852558043391356)
1764,LIVE FARM AGROVET AND SUPPLIES,Emergency veterinarian service,-1.5764299,36.9284014,POINT (36.9284014 -1.5764299),KAJIADO,Kajiado East Sub County,Kaputiei north Ward,POINT (36.875340832037544 -1.68681094845253)
1765,CAPITAL AGROVET,Veterinary pharmacy,-1.206288,36.9307328,POINT (36.9307328 -1.206288),Kiambu,Ruiru Sub County,Kiuu Ward,POINT (36.93352098744769 -1.2090603087425664)
1766,Elgon Kenya Ltd,Agrochemicals Supplier,-1.333013,36.865387,POINT (36.865387 -1.333013),Nairobi,Langata  Sub County,South C Ward,POINT (36.87642709617997 -1.3411940499031167)
1768,Kasarani Agrovet online deliveries Nairobi,Animal feed store,-1.2170228,36.8953518,POINT (36.8953518 -1.2170228),Nairobi,Kasarani  Sub County,Kasarani Ward,POINT (36.89186338992849 -1.228744468926531)
1769,GOOD HEARTS AGROVET,Agricultural service,-1.2882382,36.8285738,POINT (36.8285738 -1.2882382),Nairobi,Starehe  Sub County,Nairobi Central Ward,POINT (36.824809527717356 -1.2852558043391356)
1770,Limuru Agrovet Suppliers,Arborist service,-1.2836681,36.8248773,POINT (36.8248773 -1.2836681),Nairobi,Starehe  Sub County,Nairobi Central Ward,POINT (36.824809527717356 -1.2852558043391356)
1773,Kahawa West Agrovet Services,Animal feed store,-1.1835391,36.9004487,POINT (36.9004487 -1.1835391),Nairobi,Roysambu  Sub County,Kahawa,POINT (36.90626171541014 -1.191511646330229)
1774,JANAM AGROVET & VETERINARY SERVICES.,Veterinary pharmacy,-1.2210229,36.7141068,POINT (36.7141068 -1.2210229),Kiambu,Kabete Sub County,Kabete Ward,POINT (36.725152690873145 -1.2306053396852799)
1776,3 Hearts Agrovet,Veterinary pharmacy,-1.1961414,36.7812124,POINT (36.7812124 -1.1961414),Kiambu,Kiambaa Sub County,Muchatha Ward,POINT (36.781150084263814 -1.1869685682395112)
1777,Mwiki Agrovet,Agrochemicals supplier,-1.2359729,36.9353572,POINT (36.9353572 -1.2359729),Nairobi,Kasarani  Sub County,Mwiki Ward,POINT (36.96028210384881 -1.235856836937653)
1778,Agrovet & Animal Feeds,Veterinary care,-1.2601536,36.8786791,POINT (36.8786791 -1.2601536),Nairobi,Mathare  Sub County,Kiamaiko Ward,POINT (36.87639516120601 -1.2568860136633817)
1780,AGRIGUARD Agrovet,Agrochemicals supplier,-1.2830722,36.823876,POINT (36.823876 -1.2830722),Nairobi,Starehe  Sub County,Nairobi Central Ward,POINT (36.824809527717356 -1.2852558043391356)
1781,Arise And Shine Agrovet,Fertilizer supplier,-1.2884592,36.8302991,POINT (36.8302991 -1.2884592),Nairobi,Starehe  Sub County,Nairobi Central Ward,POINT (36.824809527717356 -1.2852558043391356)
1782,Wibiliv Wakulima Mashinani Agrovet,Agricultural service,-1.2866874,36.8275651,POINT (36.8275651 -1.2866874),Nairobi,Starehe  Sub County,Nairobi Central Ward,POINT (36.824809527717356 -1.2852558043391356)
1783,VETMA AGROVET,Veterinarian,-1.3077989,36.9034356,POINT (36.9034356 -1.3077989),Nairobi,Embakasi East Sub County,Utawala Ward,POINT (36.899748760998314 -1.312641969698535)
1785,Tropical Farmers Agrovet Ltd,Agrochemicals supplier,-0.3705728,35.2832281,POINT (35.2832281 -0.3705728),KERICHO,Ainamoi Sub County,Kipchebor Ward,POINT (35.263309627664064 -0.3812216572231447)
1786,MASO AGROVET,Veterinary care,-0.3681596,35.2848395,POINT (35.2848395 -0.3681596),KERICHO,Ainamoi Sub County,Kipchebor Ward,POINT (35.263309627664064 -0.3812216572231447)
1787,Assis Agrovet,Veterinary care,-0.3660986,35.2837818,POINT (35.2837818 -0.3660986),KERICHO,Ainamoi Sub County,Kapkugerwet Ward,POINT (35.298843063223124 -0.3485879930763416)
1788,Barsumei Agrovet Services,Veterinary care,-0.3672176,35.2831718,POINT (35.2831718 -0.3672176),KERICHO,Ainamoi Sub County,Kipchebor Ward,POINT (35.263309627664064 -0.3812216572231447)
1789,Kericho Mashambani Stores,Farm,-0.3692902,35.2836973,POINT (35.2836973 -0.3692902),KERICHO,Ainamoi Sub County,Kipchebor Ward,POINT (35.263309627664064 -0.3812216572231447)
1790,Tulwet Farmers Agrovet Limited,Agrochemicals supplier,-0.298346,35.2697802,POINT (35.2697802 -0.298346),KERICHO,Ainamoi Sub County,Ainamoi Ward,POINT (35.27855686799008 -0.271245516268031)
1791,Gifttown Agrovet,Veterinary pharmacy,-0.3691542,35.2857281,POINT (35.2857281 -0.3691542),KERICHO,Ainamoi Sub County,Kipchebor Ward,POINT (35.263309627664064 -0.3812216572231447)
1792,Kaptain Agro Centre,Agricultural product wholesaler,-0.3703655,35.2825099,POINT (35.2825099 -0.3703655),KERICHO,Ainamoi Sub County,Kipchebor Ward,POINT (35.263309627664064 -0.3812216572231447)
1793,Mima Agrovet,Veterinarian,-0.3671946,35.2824318,POINT (35.2824318 -0.3671946),KERICHO,Ainamoi Sub County,Kapkugerwet Ward,POINT (35.298843063223124 -0.3485879930763416)
1794,Wen-Dot Agrovet,Veterinary care,-0.3701014,35.2815344,POINT (35.2815344 -0.3701014),KERICHO,Ainamoi Sub County,Kipchebor Ward,POINT (35.263309627664064 -0.3812216572231447)
1795,Masimba Agrovet Ltd,Agrochemicals supplier,-1.2772066,36.9085091,POINT (36.9085091 -1.2772066),Nairobi,Embakasi Central Sub County,Kayole South Ward,POINT (36.913987817584676 -1.2778353677648795)
1796,Jumbo Agrovet Limited,Agrochemicals supplier,-1.2885866,36.8284003,POINT (36.8284003 -1.2885866),Nairobi,Starehe  Sub County,Nairobi Central Ward,POINT (36.824809527717356 -1.2852558043391356)
1797,SHRIJI AGROVET,Veterinary care,-0.7806034,35.3410543,POINT (35.3410543 -0.7806034),Bomet,Bomet Central Sub County,Silibwet Township Ward,POINT (35.347516086033465 -0.7496092635567965)
1798,Skylab Cropcare Limited/ Agrovet,Hardware store,-1.28563,36.830521,POINT (36.830521 -1.28563),Nairobi,Starehe  Sub County,Nairobi Central Ward,POINT (36.824809527717356 -1.2852558043391356)
1799,Kahawa West Agrovet Services,Animal feed store,-1.1835391,36.9004487,POINT (36.9004487 -1.1835391),Nairobi,Roysambu  Sub County,Kahawa,POINT (36.90626171541014 -1.191511646330229)
1800,JANAM AGROVET & VETERINARY SERVICES.,Veterinary pharmacy,-1.2210229,36.7141068,POINT (36.7141068 -1.2210229),Kiambu,Kabete Sub County,Kabete Ward,POINT (36.725152690873145 -1.2306053396852799)
1801,Mwiki Agrovet,Agrochemicals supplier,-1.2359729,36.9353572,POINT (36.9353572 -1.2359729),Nairobi,Kasarani  Sub County,Mwiki Ward,POINT (36.96028210384881 -1.235856836937653)
1802,Ciira Agrovet Supplies Limited,Agricultural service,-1.2807645,36.8244836,POINT (36.8244836 -1.2807645),Nairobi,Starehe  Sub County,Nairobi Central Ward,POINT (36.824809527717356 -1.2852558043391356)
1803,Wakulima Agro - Vet,Agricultural service,-1.2636629,36.7191095,POINT (36.7191095 -1.2636629),Nairobi,Dagoretti South Sub County,Uthiru/ruthimitu Ward,POINT (36.70731491333092 -1.2720294282701312)
1804,Blessed Agrovet,Animal feed store,-1.0574302,36.7756129,POINT (36.7756129 -1.0574302),Kiambu,Githunguri Sub County,Githunguri Ward,POINT (36.78247743965826 -1.0661053490989247)
1805,Nairobi Mega Agrovet Services Ltd,Veterinarian,-1.3271643,36.8519537,POINT (36.8519537 -1.3271643),Nairobi,Starehe  Sub County,Nairobi South Ward,POINT (36.85066239007016 -1.3196059930467552)
1806,Lukenya Agrovet Supplies Ltd,Agricultural service,-1.4354939,36.9729539,POINT (36.9729539 -1.4354939),Machakos,Athi River Sub County,Mathatani Ward,POINT (37.078558576313995 -1.3615165551391075)
1807,Pioneer Agrovet,Agricultural product wholesaler,-0.7813743,35.3425814,POINT (35.3425814 -0.7813743),Bomet,Bomet Central Sub County,Silibwet Township Ward,POINT (35.347516086033465 -0.7496092635567965)
1808,Agrovet,Veterinary care,-1.062527,36.7211343,POINT (36.7211343 -1.062527),Kiambu,Githunguri Sub County,Githiga Ward,POINT (36.7246527829941 -1.0761889675128684)
1809,Siberian Agrovet,Agrochemicals supplier,0.2951461,34.7633907,POINT (34.7633907 0.2951461),Kakamega,Lurambi Sub County,Sheywe Ward,POINT (34.751552253531116 0.2983992184916752)
1810,Orijo Agrovet,Agricultural service,0.2824495,34.7501963,POINT (34.7501963 0.2824495),Kakamega,Lurambi Sub County,Sheywe Ward,POINT (34.751552253531116 0.2983992184916752)
1811,Kot Agrovet,Store,0.2848787,34.7540448,POINT (34.7540448 0.2848787),Kakamega,Lurambi Sub County,Sheywe Ward,POINT (34.751552253531116 0.2983992184916752)
1812,Pregen Maraba Agrovet,Agrochemicals supplier,0.2910669,34.7477647,POINT (34.7477647 0.2910669),Kakamega,Lurambi Sub County,Sheywe Ward,POINT (34.751552253531116 0.2983992184916752)
1813,Imani Agrovet,Agrochemicals supplier,0.2866961,34.7561908,POINT (34.7561908 0.2866961),Kakamega,Lurambi Sub County,Mahiakalo Ward,POINT (34.77698843048302 0.2944673793185061)
1814,Dixa agrovet ltd,Agricultural service,0.2834775,34.7511629,POINT (34.7511629 0.2834775),Kakamega,Lurambi Sub County,Sheywe Ward,POINT (34.751552253531116 0.2983992184916752)
1815,Alpha Farmers Agrovet,General store,0.2826469,34.7537611,POINT (34.7537611 0.2826469),Kakamega,Lurambi Sub County,Sheywe Ward,POINT (34.751552253531116 0.2983992184916752)
1816,Animalia Agrovet,Agricultural service,0.2864618,34.7542239,POINT (34.7542239 0.2864618),Kakamega,Lurambi Sub County,Sheywe Ward,POINT (34.751552253531116 0.2983992184916752)
1817,Anga Agrovet,Agrochemicals supplier,0.2812283,34.725883,POINT (34.725883 0.2812283),Kakamega,Lurambi Sub County,Butsotso Central Ward,POINT (34.67390697545656 0.2758927872038444)
1818,LINGO FARM AGROVET,Veterinary care,0.2820431,34.7463168,POINT (34.7463168 0.2820431),Kakamega,Lurambi Sub County,Sheywe Ward,POINT (34.751552253531116 0.2983992184916752)
1819,MULTIDOSH AGROVET SUPPLIES,General store,0.2992441,34.7447298,POINT (34.7447298 0.2992441),Kakamega,Lurambi Sub County,Sheywe Ward,POINT (34.751552253531116 0.2983992184916752)
1820,Jonami Agrovet,Veterinary care,0.2882182,34.7560577,POINT (34.7560577 0.2882182),Kakamega,Lurambi Sub County,Sheywe Ward,POINT (34.751552253531116 0.2983992184916752)
1821,Lugano West Agrovet,Agricultural service,0.2822733,34.7482301,POINT (34.7482301 0.2822733),Kakamega,Lurambi Sub County,Sheywe Ward,POINT (34.751552253531116 0.2983992184916752)
1822,Lelar Agrovet,Store,0.2672785,34.7586896,POINT (34.7586896 0.2672785),Kakamega,Lurambi Sub County,Shirere Ward,POINT (34.74349443721574 0.263303894046081)
1823,Amakobe Agrovet,Agrochemicals supplier,0.2827307,34.7518631,POINT (34.7518631 0.2827307),Kakamega,Lurambi Sub County,Sheywe Ward,POINT (34.751552253531116 0.2983992184916752)
1824,Tumaini Agrovet,Veterinary care,0.2847716,34.7530496,POINT (34.7530496 0.2847716),Kakamega,Lurambi Sub County,Sheywe Ward,POINT (34.751552253531116 0.2983992184916752)
1825,SVENN GLOBAL INVESTMENT AGROVET,Agrochemicals supplier,0.2827307,34.7518631,POINT (34.7518631 0.2827307),Kakamega,Lurambi Sub County,Sheywe Ward,POINT (34.751552253531116 0.2983992184916752)
1826,Noel Agrovet,Agrochemicals supplier,0.2938462,34.7634954,POINT (34.7634954 0.2938462),Kakamega,Lurambi Sub County,Mahiakalo Ward,POINT (34.77698843048302 0.2944673793185061)
1827,MAVUNO AGROVET,Veterinary care,0.2781416,34.7367071,POINT (34.7367071 0.2781416),Kakamega,Lurambi Sub County,Sheywe Ward,POINT (34.751552253531116 0.2983992184916752)
1828,Mkulima Agrovet,Veterinary care,0.2873117,34.7533286,POINT (34.7533286 0.2873117),Kakamega,Lurambi Sub County,Sheywe Ward,POINT (34.751552253531116 0.2983992184916752)
1829,Adea Agrovet,Veterinary care,0.2881244,34.7511452,POINT (34.7511452 0.2881244),Kakamega,Lurambi Sub County,Sheywe Ward,POINT (34.751552253531116 0.2983992184916752)
1830,JOCATH AGROVET,Veterinary care,0.2798304,34.7233561,POINT (34.7233561 0.2798304),Kakamega,Lurambi Sub County,Sheywe Ward,POINT (34.751552253531116 0.2983992184916752)
1831,Adonai Agrovet,General store,0.2827307,34.7518631,POINT (34.7518631 0.2827307),Kakamega,Lurambi Sub County,Sheywe Ward,POINT (34.751552253531116 0.2983992184916752)
1832,Lurambii Agrovet,Store,0.2706634,34.7540528,POINT (34.7540528 0.2706634),Kakamega,Lurambi Sub County,Shirere Ward,POINT (34.74349443721574 0.263303894046081)
1833,Mavuno Mini Agrovet,Store,0.2819034,34.7286169,POINT (34.7286169 0.2819034),Kakamega,Lurambi Sub County,Sheywe Ward,POINT (34.751552253531116 0.2983992184916752)
1834,Kenya Farmers Association Limited,Agricultural service,0.2869583,34.7530206,POINT (34.7530206 0.2869583),Kakamega,Lurambi Sub County,Sheywe Ward,POINT (34.751552253531116 0.2983992184916752)
1835,Ndwiga Agrovet,Agrochemicals supplier,0.2613993,34.840329,POINT (34.840329 0.2613993),Kakamega,Shinyalu Sub County,Murhanda Ward,POINT (34.81040676407529 0.2665339846082892)
1836,Farmers Choice Agrovet,Veterinary care,0.2214302,34.8122654,POINT (34.8122654 0.2214302),Kakamega,Shinyalu Sub County,Isukha Central Ward,POINT (34.82309820465844 0.2240882930503962)
1837,Rishin Pharma Agrovet,Agricultural service,0.3867051,34.4626657,POINT (34.4626657 0.3867051),Kakamega,Matungu Sub County,Mayoni Ward,POINT (34.460604905552984 0.376088448890433)
1838,Khwisero Farm Care Agrovet,Store,0.2773792,34.6858324,POINT (34.6858324 0.2773792),Kakamega,Lurambi Sub County,Butsotso Central Ward,POINT (34.67390697545656 0.2758927872038444)
1839,Menyilwa Agrovet,Agrochemicals supplier,0.1269866,34.4919221,POINT (34.4919221 0.1269866),Kakamega,Khwisero Sub County,Kisa West Ward,POINT (34.49853961008004 0.1316490007371964)
1840,Ronak Agrovet Ltd,Agrochemicals supplier,0.1269866,34.4919221,POINT (34.4919221 0.1269866),Kakamega,Khwisero Sub County,Kisa West Ward,POINT (34.49853961008004 0.1316490007371964)
1841,Edel VETAGRO(AGROVET),Veterinary care,0.4494619,34.8558485,POINT (34.8558485 0.4494619),Kakamega,Malava Sub County,Shirungu-mugai Ward,POINT (34.78961052457488 0.4572817721445046)
1842,Osorongai Agrovet,Agrochemicals supplier,0.6511003,34.8761564,POINT (34.8761564 0.6511003),Kakamega,Lugari Sub County,Lugari Ward,POINT (34.9260537835735 0.6758658841481394)
1859,Ronak Agrovet,Fertilizer supplier,0.5650277,34.5611942,POINT (34.5611942 0.5650277),Bungoma,Kanduyi Sub County,Township Ward,POINT (34.55410375010666 0.5760660503190976)
1860,Ultra Farmcare Agrovet,Veterinary care,0.560025,34.5597868,POINT (34.5597868 0.560025),Bungoma,Kanduyi Sub County,Township Ward,POINT (34.55410375010666 0.5760660503190976)
1861,omusale agrovet,Animal feed store,0.5639539,34.5608964,POINT (34.5608964 0.5639539),Bungoma,Kanduyi Sub County,Township Ward,POINT (34.55410375010666 0.5760660503190976)
1862,Pleasant Hill Agrovet,Agrochemicals supplier,0.5908497,34.5699869,POINT (34.5699869 0.5908497),Bungoma,Kabuchai Sub County,West Nalondo Ward,POINT (34.577316631245665 0.6295114462617848)
1863,Agrovet,Agrochemicals supplier,0.569745,34.5583335,POINT (34.5583335 0.569745),Bungoma,Kanduyi Sub County,Township Ward,POINT (34.55410375010666 0.5760660503190976)
1864,Luna Agrovet,Agrochemicals supplier,0.5925244,34.5521378,POINT (34.5521378 0.5925244),Bungoma,Kanduyi Sub County,Township Ward,POINT (34.55410375010666 0.5760660503190976)
1865,Avepo Enterprises,Agrochemicals supplier,0.0592696,34.2855463,POINT (34.2855463 0.0592696),Siaya,Alego Usonga Sub County,Siaya Township Ward,POINT (34.27675238350096 0.0494850871939552)
1866,Orrose Agrovet,Agrochemicals supplier,0.057901,34.2833082,POINT (34.2833082 0.057901),Siaya,Alego Usonga Sub County,Siaya Township Ward,POINT (34.27675238350096 0.0494850871939552)
1867,Joyfarm Agrovet,Agricultural product wholesaler,0.0578212,34.3143787,POINT (34.3143787 0.0578212),Siaya,Alego Usonga Sub County,Siaya Township Ward,POINT (34.27675238350096 0.0494850871939552)
1868,Avepo Agrovets Ltd,Agrochemicals supplier,0.0689447,34.0959556,POINT (34.0959556 0.0689447),Siaya,Alego Usonga Sub County,Usonga Ward,POINT (34.09620290012541 0.0675068671763552)
1869,Avepo Agrovet,Veterinary care,-0.1028177,34.2756661,POINT (34.2756661 -0.1028177),Siaya,Bondo Sub County,North Sakwa Ward,POINT (34.30755735885396 -0.0909349657516171)
1870,Jamii Farmers Agrovet Siaya Town,Agricultural service,-0.0617328,34.2421597,POINT (34.2421597 -0.0617328),Siaya,Bondo Sub County,West Sakwa Ward,POINT (34.21927880607081 -0.0826433521695884)
1871,Jamii Farmers Agrovet Siaya Town,Agricultural service,-0.0570244,34.2572517,POINT (34.2572517 -0.0570244),Siaya,Bondo Sub County,West Sakwa Ward,POINT (34.21927880607081 -0.0826433521695884)
1872,Nyadimo Agrovet,Agricultural service,-0.1037146,34.7576563,POINT (34.7576563 -0.1037146),Kisumu,Kisumu Central Sub County,Market Milimani Ward,POINT (34.755095386599535 -0.1097120955099151)
1873,Kisumu Farm Agrovet,Agricultural service,-0.098315,34.7552002,POINT (34.7552002 -0.098315),Kisumu,Kisumu Central Sub County,Market Milimani Ward,POINT (34.755095386599535 -0.1097120955099151)
1874,Kavi Farm Agrovet,Agrochemicals supplier,-0.0993276,34.7514106,POINT (34.7514106 -0.0993276),Kisumu,Kisumu Central Sub County,Railways Ward,POINT (34.75363593994024 -0.0781187936308623)
1875,"Tesha Agrovet Molem,Kisumu",Agricultural service,-0.1228464,34.7928087,POINT (34.7928087 -0.1228464),Kisumu,Kisumu East Sub County,Kolwa Central Ward,POINT (34.789913391740164 -0.1148150059118844)
1876,City Agrovet,Agricultural service,-0.0820581,34.7746719,POINT (34.7746719 -0.0820581),Kisumu,Kisumu Central Sub County,Railways Ward,POINT (34.75363593994024 -0.0781187936308623)
1877,Weva Agrovet,Livestock breeder,-0.0986056,34.7514506,POINT (34.7514506 -0.0986056),Kisumu,Kisumu Central Sub County,Railways Ward,POINT (34.75363593994024 -0.0781187936308623)
1878,Mwanga Agrovet,Farm equipment supplier,-0.1015424,34.7478191,POINT (34.7478191 -0.1015424),Kisumu,Kisumu Central Sub County,Market Milimani Ward,POINT (34.755095386599535 -0.1097120955099151)
1879,Magos Farm Enterprises Agrovet,Farm equipment supplier,-0.0976406,34.7544087,POINT (34.7544087 -0.0976406),Kisumu,Kisumu Central Sub County,Railways Ward,POINT (34.75363593994024 -0.0781187936308623)
1880,lincon agrovet Services,Agrochemicals supplier,-0.09941,34.7512131,POINT (34.7512131 -0.09941),Kisumu,Kisumu Central Sub County,Railways Ward,POINT (34.75363593994024 -0.0781187936308623)
1881,Nyota Agrovet,Veterinarian,-0.0978318,34.7652545,POINT (34.7652545 -0.0978318),Kisumu,Kisumu Central Sub County,Shauri Moyo Kaloleni Ward,POINT (34.77019158632818 -0.0987100029104054)
1882,Lake Basin Agrovet,Agricultural service,-0.1004097,34.7606556,POINT (34.7606556 -0.1004097),Kisumu,Kisumu Central Sub County,Market Milimani Ward,POINT (34.755095386599535 -0.1097120955099151)
1883,TIVA AGROVET,Agricultural service,-0.1438387,34.821989,POINT (34.821989 -0.1438387),Kisumu,Kisumu East Sub County,Kolwa East Ward,POINT (34.826073775833336 -0.1166787587794983)
1884,Ultimate Agrovet,Agricultural service,-0.0807882,34.7826938,POINT (34.7826938 -0.0807882),Kisumu,Kisumu Central Sub County,Kondele Ward,POINT (34.7787011891038 -0.0895091355012213)
1885,Propic Agrovet,Agricultural service,-0.1001868,34.7602261,POINT (34.7602261 -0.1001868),Kisumu,Kisumu Central Sub County,Market Milimani Ward,POINT (34.755095386599535 -0.1097120955099151)
1886,Peva Agrovet -Nyamasaria,Agrochemicals supplier,-0.1142587,34.7860569,POINT (34.7860569 -0.1142587),Kisumu,Kisumu East Sub County,Manyatta B Ward,POINT (34.783091410426586 -0.099679928083373)
1887,Kavifarm Agrovet,Wholesaler,-0.0749726,34.5980818,POINT (34.5980818 -0.0749726),Kisumu,Kisumu West Sub County,West Kisumu Ward,POINT (34.630889878033834 -0.0579118437613208)
1888,Farmline Agencies Agrovet,Pet supply store,-0.0999284,34.7605308,POINT (34.7605308 -0.0999284),Kisumu,Kisumu Central Sub County,Market Milimani Ward,POINT (34.755095386599535 -0.1097120955099151)
1889,Ka Ahila Agrovet,Agrochemicals supplier,-0.0799742,34.7317762,POINT (34.7317762 -0.0799742),Kisumu,Kisumu Central Sub County,Railways Ward,POINT (34.75363593994024 -0.0781187936308623)
1890,KEBIS AGROVET & ANIMAL FEEDS,Agrochemicals supplier,-0.0992149,34.5961374,POINT (34.5961374 -0.0992149),Kisumu,Kisumu West Sub County,West Kisumu Ward,POINT (34.630889878033834 -0.0579118437613208)
1891,Jawa Agrovet & Gener,Domestic services,-0.0242484,34.7472522,POINT (34.7472522 -0.0242484),Kisumu,Kisumu West Sub County,North Kisumu Ward,POINT (34.71652577553943 -0.0391666482872598)
1892,Healthcare Farm & Veterinary Products (K) Ltd,Veterinarian,-0.1023499,34.7523391,POINT (34.7523391 -0.1023499),Kisumu,Kisumu Central Sub County,Market Milimani Ward,POINT (34.755095386599535 -0.1097120955099151)
1893,Apex Point Limited- Kibos Agrovet,General store,-0.1013009,34.7507489,POINT (34.7507489 -0.1013009),Kisumu,Kisumu Central Sub County,Railways Ward,POINT (34.75363593994024 -0.0781187936308623)
1894,JAPUR AGROVET,Veterinary care,-0.0570247,34.7857675,POINT (34.7857675 -0.0570247),Kisumu,Kisumu East Sub County,Kajulu Ward,POINT (34.792121324104265 -0.0329333166404888)
1895,Docs Agrovet,Veterinary care,-0.024616,34.7476424,POINT (34.7476424 -0.024616),Kisumu,Kisumu West Sub County,North Kisumu Ward,POINT (34.71652577553943 -0.0391666482872598)
1896,Casa Agrovet,General store,-0.0917016,34.7679568,POINT (34.7679568 -0.0917016),Kisumu,Kisumu Central Sub County,Shauri Moyo Kaloleni Ward,POINT (34.77019158632818 -0.0987100029104054)
1897,Salama Agrovet,General store,-0.0445344,34.7910126,POINT (34.7910126 -0.0445344),Kisumu,Kisumu East Sub County,Kajulu Ward,POINT (34.792121324104265 -0.0329333166404888)
1898,Farmbiz Agrovet,Agricultural service,-0.0259481,34.7489297,POINT (34.7489297 -0.0259481),NANDI,Aldai Sub County,Terik Ward,POINT (34.819751297325 0.0144945329710458)
1899,Salama Agrovet,General store,-0.0749726,34.5980818,POINT (34.5980818 -0.0749726),Kisumu,Kisumu West Sub County,West Kisumu Ward,POINT (34.630889878033834 -0.0579118437613208)
1900,Happy Feeds Kisumu,Animal feed store,-0.0751849,34.6954843,POINT (34.6954843 -0.0751849),Kisumu,Kisumu West Sub County,Central Kisumu Ward,POINT (34.71267880525909 -0.075634673877879)
1901,FARM CARE AGROVET,"WQ8F+HR6, Kibos Rd",-0.0834114,34.7751121,POINT (34.7751121 -0.0834114),Kisumu,Kisumu Central Sub County,Migosi Ward,POINT (34.78174670944248 -0.0755566959574864)
1902,PRIME AGROVET,Veterinary care,-0.0599554,34.7823633,POINT (34.7823633 -0.0599554),Kisumu,Kisumu East Sub County,Kajulu Ward,POINT (34.792121324104265 -0.0329333166404888)
1903,PHARMBEST AGROVET,Veterinary care,-0.0829954,34.7762165,POINT (34.7762165 -0.0829954),Kisumu,Kisumu Central Sub County,Migosi Ward,POINT (34.78174670944248 -0.0755566959574864)
1904,APECHEM AGROVET,Veterinary care,-0.0980249,34.755053,POINT (34.755053 -0.0980249),Kisumu,Kisumu Central Sub County,Railways Ward,POINT (34.75363593994024 -0.0781187936308623)
1905,Exodus Agrovet,General store,-0.0766124,34.7287277,POINT (34.7287277 -0.0766124),Kisumu,Kisumu West Sub County,Central Kisumu Ward,POINT (34.71267880525909 -0.075634673877879)
1906,VESCORIL AGROVET,Veterinary care,-0.055948,34.7872838,POINT (34.7872838 -0.055948),Kisumu,Kisumu East Sub County,Kajulu Ward,POINT (34.792121324104265 -0.0329333166404888)
1907,Kaseta Farmers Store,Agrochemicals supplier,0.0232377,34.8201239,POINT (34.8201239 0.0232377),NANDI,Aldai Sub County,Terik Ward,POINT (34.819751297325 0.0144945329710458)
1908,Silky Agrovet Muhanda,Agrochemicals supplier,-0.0835748,34.7506627,POINT (34.7506627 -0.0835748),Kisumu,Kisumu Central Sub County,Railways Ward,POINT (34.75363593994024 -0.0781187936308623)
1909,ANIMALIA AGROVET,Veterinary care,-0.0978768,34.7552991,POINT (34.7552991 -0.0978768),Kisumu,Kisumu Central Sub County,Railways Ward,POINT (34.75363593994024 -0.0781187936308623)
1910,Rapporas Agrovet,General store,-0.1160721,34.7837433,POINT (34.7837433 -0.1160721),Kisumu,Kisumu East Sub County,Nyalenda A Ward,POINT (34.773752310555395 -0.1166560222700747)
1912,Casa Agrovet,General store,-0.0786837,34.7768382,POINT (34.7768382 -0.0786837),Kisumu,Kisumu Central Sub County,Migosi Ward,POINT (34.78174670944248 -0.0755566959574864)
1913,Linear Agrovet,Veterinary care,-0.0994066,34.7512492,POINT (34.7512492 -0.0994066),Kisumu,Kisumu Central Sub County,Railways Ward,POINT (34.75363593994024 -0.0781187936308623)
1914,Asego Agrovet,Hua gong shop,-0.5306606,34.4581043,POINT (34.4581043 -0.5306606),Homa Bay,Homa Bay Town Sub County,Homa Bay Central Ward,POINT (34.48676300510487 -0.595672326864463)
1915,Homa-Bay Farmcare Agrovet,Veterinary care,-0.5377121,34.4560262,POINT (34.4560262 -0.5377121),Homa Bay,Homa Bay Town Sub County,Homa Bay Arujo Ward,POINT (34.46298109554622 -0.5886506338668039)
1916,Tomech Agrovet,Farm shop,-0.5239234,34.4558783,POINT (34.4558783 -0.5239234),Homa Bay,Homa Bay Town Sub County,Homa Bay Central Ward,POINT (34.48676300510487 -0.595672326864463)
1917,Farmgro Inputs Centre - Agrovet,Farm shop,-1.070698,34.475272,POINT (34.475272 -1.070698),Migori,Suna East Sub County,Suna Central Ward,POINT (34.4979091802349 -1.0828938269035366)
1918,Ndati Agrovet,Agrochemicals supplier,-1.0668948,34.4703811,POINT (34.4703811 -1.0668948),Migori,Suna West Sub County,Ragana-oruba Ward,POINT (34.46581372284906 -1.0949541400189984)
1919,ONYALO AGROVET,"XF3G+63X, A1",-1.0468878,34.4752405,POINT (34.4752405 -1.0468878),Migori,Suna East Sub County,Suna Central Ward,POINT (34.4979091802349 -1.0828938269035366)
